id,symbol,interval,ema_fast,ema_slow,atr_period,sl_atr_mult,tp_atr_mult,risk_pct,fees_bps,trades,wins,win_rate,equity_start,equity_end,pnl_total,return_pct,max_drawdown_pct,score
1,SOLUSDC,15m,20,55,14,1.0,2.0,0.0025,10.0,106,41,38.67924528301887,10000.0,10037.554713245847,37.55471324584687,0.3755471324584647,2.5448448777515678,-0.8968753064173192
2,SOLUSDC,15m,20,55,14,1.0,2.0,0.005,10.0,106,41,38.67924528301887,10000.0,10061.971794993286,61.971794993285584,0.619717949932852,5.045197299445734,-1.902880699790015
3,SOLUSDC,15m,20,55,14,1.0,2.0,0.0075,10.0,106,41,38.67924528301887,10000.0,10073.205599662257,73.20559966225665,0.7320559966225604,7.501126383805653,-3.0185071952802662
4,SOLUSDC,15m,20,55,14,1.0,2.5,0.0025,10.0,82,29,35.36585365853659,10000.0,10137.278235447318,137.27823544731837,1.3727823544731788,2.3374387056734722,0.20406300163644264
5,SOLUSDC,15m,20,55,14,1.0,2.5,0.005,10.0,82,29,35.36585365853659,10000.0,10263.096141733306,263.09614173330556,2.6309614173330553,4.641509241489965,0.3102067965880728
6,SOLUSDC,15m,20,55,14,1.0,2.5,0.0075,10.0,82,29,35.36585365853659,10000.0,10377.071200490842,377.0712004908419,3.7707120049084164,6.9119166271817996,0.3147536913175166
7,SOLUSDC,15m,20,55,14,1.0,3.0,0.0025,10.0,85,28,32.94117647058823,10000.0,10277.156585805898,277.15658580589843,2.7715658580589775,2.2440432102987606,1.6495442529095972
8,SOLUSDC,15m,20,55,14,1.0,3.0,0.005,10.0,85,28,32.94117647058823,10000.0,10544.056870394556,544.0568703945555,5.440568703945559,4.464457614707926,3.2083398965915957
9,SOLUSDC,15m,20,55,14,1.0,3.0,0.0075,10.0,85,28,32.94117647058823,10000.0,10799.686245592537,799.6862455925366,7.996862455925369,6.660397857146972,4.666663527351883
10,SOLUSDC,15m,20,55,14,1.0,3.5,0.0025,10.0,71,21,29.577464788732392,10000.0,10269.085474631924,269.0854746319237,2.6908547463192267,2.4859551181711073,1.447877187233673
11,SOLUSDC,15m,20,55,14,1.0,3.5,0.005,10.0,71,21,29.577464788732392,10000.0,10527.489247952932,527.4892479529317,5.274892479529325,4.916771904779442,2.816506527139604
12,SOLUSDC,15m,20,55,14,1.0,3.5,0.0075,10.0,71,21,29.577464788732392,10000.0,10774.268632655987,774.268632655987,7.742686326559878,7.293524930853038,4.095923861133359
13,SOLUSDC,15m,20,55,14,1.0,4.0,0.0025,10.0,67,18,26.865671641791046,10000.0,10240.583424786937,240.58342478693703,2.405834247869376,2.1992308102986273,1.3062188427200625
14,SOLUSDC,15m,20,55,14,1.0,4.0,0.005,10.0,67,18,26.865671641791046,10000.0,10467.717863771357,467.71786377135686,4.677178637713575,4.355970197171579,2.4991935391277855
15,SOLUSDC,15m,20,55,14,1.0,4.0,0.0075,10.0,67,18,26.865671641791046,10000.0,10680.539196858133,680.5391968581334,6.805391968581342,6.47092517293937,3.5699293821116576
16,SOLUSDC,15m,20,55,14,1.25,2.0,0.0025,10.0,90,37,41.11111111111111,10000.0,10021.119894507747,21.11989450774672,0.21119894507746206,1.8976132184485504,-0.7376076641468131
17,SOLUSDC,15m,20,55,14,1.25,2.0,0.005,10.0,90,37,41.11111111111111,10000.0,10033.395447706305,33.395447706305276,0.3339544770630587,3.7824524622916575,-1.55727175408277
18,SOLUSDC,15m,20,55,14,1.25,2.0,0.0075,10.0,90,37,41.11111111111111,10000.0,10036.813317983999,36.813317983998786,0.36813317983999116,5.653850331191607,-2.4587919857558123
19,SOLUSDC,15m,20,55,14,1.25,2.5,0.0025,10.0,71,26,36.61971830985916,10000.0,10051.058467243622,51.058467243621635,0.5105846724362095,1.8652175872055237,-0.4220241211665523
20,SOLUSDC,15m,20,55,14,1.25,2.5,0.005,10.0,71,26,36.61971830985916,10000.0,10093.650635082067,93.65063508206731,0.9365063508206761,3.7108291679208616,-0.9189082331397547
21,SOLUSDC,15m,20,55,14,1.25,2.5,0.0075,10.0,71,26,36.61971830985916,10000.0,10127.70415706046,127.70415706045969,1.2770415706045979,5.536605070130575,-1.4912609644606896
22,SOLUSDC,15m,20,55,14,1.25,3.0,0.0025,10.0,69,23,33.33333333333333,10000.0,10101.097896473364,101.09789647336402,1.0109789647336331,2.06142408428265,-0.019733077407691813
23,SOLUSDC,15m,20,55,14,1.25,3.0,0.005,10.0,69,23,33.33333333333333,10000.0,10192.714009365589,192.71400936558894,1.927140093655888,4.094983058068713,-0.12035143537846871
24,SOLUSDC,15m,20,55,14,1.25,3.0,0.0075,10.0,69,23,33.33333333333333,10000.0,10274.640064785555,274.6400647855553,2.7464006478555625,6.1006086034373315,-0.30390365386310325
25,SOLUSDC,15m,20,55,14,1.25,3.5,0.0025,10.0,65,20,30.76923076923077,10000.0,10204.996220118674,204.9962201186736,2.049962201186739,2.0284369798683555,1.0357437112525614
26,SOLUSDC,15m,20,55,14,1.25,3.5,0.005,10.0,65,20,30.76923076923077,10000.0,10401.680536796695,401.6805367966954,4.016805367966958,4.020809243660199,2.0064007461368583
27,SOLUSDC,15m,20,55,14,1.25,3.5,0.0075,10.0,65,20,30.76923076923077,10000.0,10589.525252801568,589.5252528015681,5.895252528015682,5.97766747025006,2.906418792890652
28,SOLUSDC,15m,20,55,14,1.25,4.0,0.0025,10.0,60,18,30.0,10000.0,10246.036521937995,246.03652193799462,2.4603652193799563,1.764478128644879,1.5781261550575167
29,SOLUSDC,15m,20,55,14,1.25,4.0,0.005,10.0,60,18,30.0,10000.0,10484.577554935113,484.57755493511286,4.845775549351128,3.518012078924451,3.086769509888902
30,SOLUSDC,15m,20,55,14,1.25,4.0,0.0075,10.0,60,18,30.0,10000.0,10714.97365847865,714.9736584786497,7.1497365847865035,5.259934186449072,4.519769491561968
31,SOLUSDC,15m,20,55,14,1.5,2.0,0.0025,10.0,79,35,44.303797468354425,10000.0,9980.111503656984,-19.888496343015504,-0.19888496343015705,1.6422286043249732,-1.0199992655926438
32,SOLUSDC,15m,20,55,14,1.5,2.0,0.005,10.0,79,35,44.303797468354425,10000.0,9953.965302058086,-46.03469794191369,-0.46034697941913505,3.27371223330254,-2.0972030960704053
33,SOLUSDC,15m,20,55,14,1.5,2.0,0.0075,10.0,79,35,44.303797468354425,10000.0,9921.616729533434,-78.38327046656559,-0.7838327046656546,4.894097304634943,-3.2308813569831263
34,SOLUSDC,15m,20,55,14,1.5,2.5,0.0025,10.0,64,26,40.625,10000.0,10078.581889092477,78.58188909247656,0.7858188909247721,1.6025222262118741,-0.015442222181164977
35,SOLUSDC,15m,20,55,14,1.5,2.5,0.005,10.0,64,26,40.625,10000.0,10151.434926511867,151.43492651186716,1.514349265118664,3.1909824067798134,-0.08114193827124261
36,SOLUSDC,15m,20,55,14,1.5,2.5,0.0075,10.0,64,26,40.625,10000.0,10218.445225094567,218.44522509456692,2.1844522509456787,4.765226251800407,-0.19816087495452495
37,SOLUSDC,15m,20,55,14,1.5,3.0,0.0025,10.0,57,22,38.59649122807017,10000.0,10178.408446641919,178.408446641919,1.7840844664192002,1.5872344827878322,0.9904672250252841
38,SOLUSDC,15m,20,55,14,1.5,3.0,0.005,10.0,57,22,38.59649122807017,10000.0,10352.840551803367,352.8405518033669,3.5284055180336615,3.160112795349527,1.948349120358898
39,SOLUSDC,15m,20,55,14,1.5,3.0,0.0075,10.0,57,22,38.59649122807017,10000.0,10523.02115582474,523.0211558247393,5.2302115582473885,4.718502719074175,2.870960198710301
40,SOLUSDC,15m,20,55,14,1.5,3.5,0.0025,10.0,55,19,34.54545454545455,10000.0,10197.197521067046,197.19752106704618,1.9719752106704513,1.7026570968481678,1.1206466622463673
41,SOLUSDC,15m,20,55,14,1.5,3.5,0.005,10.0,55,19,34.54545454545455,10000.0,10390.23895546003,390.2389554600304,3.902389554600294,3.3803539674981655,2.2122125708512113
42,SOLUSDC,15m,20,55,14,1.5,3.5,0.0075,10.0,55,19,34.54545454545455,10000.0,10578.799230953266,578.7992309532656,5.7879923095326635,5.033398285462356,3.2712931668014855
43,SOLUSDC,15m,20,55,14,1.5,4.0,0.0025,10.0,48,16,33.33333333333333,10000.0,10231.86879778377,231.8687977837708,2.318687977837719,1.5194494442487172,1.5589632557133604
44,SOLUSDC,15m,20,55,14,1.5,4.0,0.005,10.0,48,16,33.33333333333333,10000.0,10460.683901850243,460.6839018502433,4.606839018502429,3.019365266117715,3.0971563854435713
45,SOLUSDC,15m,20,55,14,1.5,4.0,0.0075,10.0,48,16,33.33333333333333,10000.0,10686.077789641895,686.0777896418949,6.860777896418946,4.499953489921808,4.610801151458042
46,SOLUSDC,15m,20,55,14,1.75,2.0,0.0025,10.0,68,32,47.05882352941176,10000.0,10037.133156930107,37.13315693010736,0.3713315693010699,1.3937844591810233,-0.32556066028944175
47,SOLUSDC,15m,20,55,14,1.75,2.0,0.005,10.0,68,32,47.05882352941176,10000.0,10070.15094504233,70.15094504232911,0.7015094504232877,2.7755202337616836,-0.6862506664575541
48,SOLUSDC,15m,20,55,14,1.75,2.0,0.0075,10.0,68,32,47.05882352941176,10000.0,10099.013235541672,99.01323554167175,0.9901323554167174,4.145182347188561,-1.082458818177563
49,SOLUSDC,15m,20,55,14,1.75,2.5,0.0025,10.0,61,25,40.98360655737705,10000.0,10017.812990326434,17.812990326434374,0.17812990326433464,1.4601562537564676,-0.5519482236138992
50,SOLUSDC,15m,20,55,14,1.75,2.5,0.005,10.0,61,25,40.98360655737705,10000.0,10030.887504373233,30.88750437323324,0.3088750437323373,2.9122599609533246,-1.147254936744325
51,SOLUSDC,15m,20,55,14,1.75,2.5,0.0075,10.0,61,25,40.98360655737705,10000.0,10039.21320871519,39.21320871518947,0.3921320871518974,4.356039131543184,-1.7858874786196948
52,SOLUSDC,15m,20,55,14,1.75,3.0,0.0025,10.0,58,23,39.6551724137931,10000.0,10122.013113997904,122.01311399790393,1.2201311399790304,1.44805456594622,0.4961038570059204
53,SOLUSDC,15m,20,55,14,1.75,3.0,0.005,10.0,58,23,39.6551724137931,10000.0,10239.722187811018,239.72218781101765,2.3972218781101784,2.8784638907018696,0.9579899327592436
54,SOLUSDC,15m,20,55,14,1.75,3.0,0.0075,10.0,58,23,39.6551724137931,10000.0,10352.964027022197,352.9640270221971,3.5296402702219787,4.291403259903343,1.383938640270307
55,SOLUSDC,15m,20,55,14,1.75,3.5,0.0025,10.0,51,18,35.294117647058826,10000.0,10115.080213974063,115.08021397406264,1.1508021397406365,1.6289029347636164,0.3363506723588283
56,SOLUSDC,15m,20,55,14,1.75,3.5,0.005,10.0,51,18,35.294117647058826,10000.0,10225.651237876698,225.65123787669836,2.256512378766984,3.235089016777737,0.6389678703781154
57,SOLUSDC,15m,20,55,14,1.75,3.5,0.0075,10.0,51,18,35.294117647058826,10000.0,10331.566366369108,331.56636636910844,3.315663663691093,4.818822763191084,0.9062522820955512
58,SOLUSDC,15m,20,55,14,1.75,4.0,0.0025,10.0,48,16,33.33333333333333,10000.0,10122.199018297177,122.19901829717674,1.2219901829717772,1.3842359739543524,0.529872195994601
59,SOLUSDC,15m,20,55,14,1.75,4.0,0.005,10.0,48,16,33.33333333333333,10000.0,10239.414780673296,239.41478067329626,2.3941478067329713,2.7568431592579308,1.015726227104006
60,SOLUSDC,15m,20,55,14,1.75,4.0,0.0075,10.0,48,16,33.33333333333333,10000.0,10351.482315953685,351.4823159536845,3.5148231595368395,4.117761179622083,1.455942569725798
61,SOLUSDC,15m,20,55,14,2.0,2.0,0.0025,10.0,61,31,50.81967213114754,10000.0,10003.919661964352,3.9196619643516897,0.03919661964351118,1.2159811197264423,-0.56879394021971
62,SOLUSDC,15m,20,55,14,2.0,2.0,0.005,10.0,61,31,50.81967213114754,10000.0,10004.415818818861,4.415818818861226,0.04415818818861439,2.423564416101693,-1.167624019862232
63,SOLUSDC,15m,20,55,14,2.0,2.0,0.0075,10.0,61,31,50.81967213114754,10000.0,10001.486384437369,1.4863844373685424,0.01486384437368038,3.6227114925792434,-1.7964919019159413
64,SOLUSDC,15m,20,55,14,2.0,2.5,0.0025,10.0,54,25,46.2962962962963,10000.0,10023.744615747813,23.74461574781344,0.23744615747813835,1.2817154434212135,-0.4034115642324684
65,SOLUSDC,15m,20,55,14,2.0,2.5,0.005,10.0,54,25,46.2962962962963,10000.0,10043.832348537564,43.83234853756403,0.4383234853756468,2.555101180716263,-0.8392271049824847
66,SOLUSDC,15m,20,55,14,2.0,2.5,0.0075,10.0,54,25,46.2962962962963,10000.0,10060.244286448722,60.24428644872205,0.6024428644872293,3.820065939569682,-1.3075901052976118
67,SOLUSDC,15m,20,55,14,2.0,3.0,0.0025,10.0,52,22,42.30769230769231,10000.0,10103.102038400022,103.10203840002214,1.0310203840002252,1.1835870044754289,0.4392268817625108
68,SOLUSDC,15m,20,55,14,2.0,3.0,0.005,10.0,52,22,42.30769230769231,10000.0,10202.83472613572,202.8347261357194,2.0283472613571885,2.3559889916198884,0.8503527655472443
69,SOLUSDC,15m,20,55,14,2.0,3.0,0.0075,10.0,52,22,42.30769230769231,10000.0,10299.088991226907,299.0889912269067,2.990889912269057,3.5172857692785318,1.232247027629791
70,SOLUSDC,15m,20,55,14,2.0,3.5,0.0025,10.0,49,18,36.734693877551024,10000.0,10075.681867363337,75.681867363337,0.7568186736333748,1.2517463123731052,0.13094551744682226
71,SOLUSDC,15m,20,55,14,2.0,3.5,0.005,10.0,49,18,36.734693877551024,10000.0,10146.975777333602,146.9757773336023,1.4697577733360223,2.4907955105798667,0.22436001804608896
72,SOLUSDC,15m,20,55,14,2.0,3.5,0.0075,10.0,49,18,36.734693877551024,10000.0,10213.799035652026,213.79903565202585,2.1379903565202696,3.71724691801828,0.27936689751112964
73,SOLUSDC,15m,20,55,14,2.0,4.0,0.0025,10.0,40,15,37.5,10000.0,10136.359531419557,136.35953141955724,1.3635953141955648,1.135001041718218,0.7960947933364558
74,SOLUSDC,15m,20,55,14,2.0,4.0,0.005,10.0,40,15,37.5,10000.0,10269.869643728996,269.8696437289964,2.6986964372899713,2.263540034760951,1.5669264199094959
75,SOLUSDC,15m,20,55,14,2.0,4.0,0.0075,10.0,40,15,37.5,10000.0,10400.394683930554,400.3946839305536,4.003946839305539,3.385541716094557,2.3111759812582604
