time,open,high,low,close,volume
1741060800,136.39000000,139.58000000,135.64000000,136.02000000,872230.58000000
1741075200,136.02000000,138.58000000,134.62000000,136.98000000,982640.05900000
1741089600,136.97000000,143.39000000,132.64000000,138.59000000,3078325.73600000
1741104000,138.59000000,144.77000000,130.66000000,143.16000000,2027388.82500000
1741118400,143.15000000,147.00000000,141.55000000,144.79000000,1196446.05000000
1741132800,144.80000000,145.55000000,141.76000000,141.82000000,692820.64900000
1741147200,141.82000000,144.10000000,140.82000000,142.88000000,620986.51500000
1741161600,142.89000000,149.73000000,142.74000000,147.13000000,1044394.14200000
1741176000,147.13000000,149.23000000,140.32000000,141.66000000,1339096.42600000
1741190400,141.66000000,146.47000000,140.18000000,144.77000000,817465.66000000
1741204800,144.78000000,146.84000000,143.91000000,146.28000000,380757.19300000
1741219200,146.27000000,150.68000000,144.54000000,148.73000000,709517.91400000
1741233600,148.73000000,150.66000000,147.62000000,148.62000000,566337.92600000
1741248000,148.63000000,152.90000000,148.34000000,151.71000000,735590.11300000
1741262400,151.71000000,151.92000000,145.06000000,149.03000000,1205506.06500000
1741276800,149.04000000,149.43000000,142.44000000,143.58000000,738490.55000000
1741291200,143.59000000,145.92000000,143.19000000,143.31000000,496437.09300000
1741305600,143.30000000,145.57000000,135.04000000,140.79000000,1743676.51600000
1741320000,140.79000000,144.63000000,140.63000000,144.34000000,377834.37600000
1741334400,144.34000000,146.21000000,141.80000000,143.58000000,941906.79300000
1741348800,143.57000000,148.13000000,141.75000000,144.89000000,1341666.71900000
1741363200,144.89000000,150.88000000,141.34000000,146.36000000,1497217.21900000
1741377600,146.35000000,147.62000000,137.50000000,139.39000000,1365111.14800000
1741392000,139.39000000,141.09000000,137.80000000,139.68000000,564268.95600000
1741406400,139.67000000,141.03000000,138.33000000,138.78000000,358297.85300000
1741420800,138.77000000,139.21000000,136.64000000,137.58000000,308873.81000000
1741435200,137.57000000,138.75000000,136.07000000,137.21000000,362684.43900000
1741449600,137.21000000,138.92000000,135.29000000,138.45000000,362557.39000000
1741464000,138.45000000,138.59000000,136.32000000,137.01000000,179068.94500000
1741478400,137.01000000,138.51000000,136.53000000,137.92000000,188094.01600000
1741492800,137.91000000,139.88000000,137.67000000,139.63000000,239635.90200000
1741507200,139.63000000,139.78000000,135.61000000,136.32000000,461609.24700000
1741521600,136.32000000,136.43000000,129.75000000,130.16000000,1072850.43400000
1741536000,130.16000000,131.54000000,125.81000000,129.19000000,1234090.43500000
1741550400,129.19000000,130.59000000,125.41000000,126.51000000,713215.61800000
1741564800,126.52000000,129.11000000,124.03000000,126.59000000,924107.54000000
1741579200,126.59000000,129.25000000,126.46000000,128.11000000,641027.10800000
1741593600,128.11000000,131.57000000,125.91000000,129.94000000,893649.43200000
1741608000,129.94000000,130.89000000,120.18000000,121.96000000,1661313.42700000
1741622400,121.95000000,122.36000000,115.47000000,119.71000000,1939570.72700000
1741636800,119.72000000,120.24000000,117.56000000,118.32000000,594441.09700000
1741651200,118.32000000,121.90000000,112.00000000,119.96000000,1982977.93600000
1741665600,119.95000000,124.02000000,119.75000000,123.07000000,832560.43800000
1741680000,123.07000000,125.81000000,122.93000000,124.71000000,641629.45700000
1741694400,124.71000000,126.27000000,118.59000000,125.02000000,1691558.61600000
1741708800,125.01000000,128.43000000,122.84000000,128.15000000,924986.72700000
1741723200,128.14000000,128.25000000,125.07000000,125.35000000,361564.68900000
1741737600,125.35000000,127.03000000,122.47000000,122.53000000,525419.36600000
1741752000,122.52000000,123.53000000,121.22000000,123.19000000,804498.72200000
1741766400,123.19000000,126.84000000,122.88000000,126.76000000,716124.83000000
1741780800,126.77000000,131.33000000,123.04000000,124.57000000,1376847.32000000
1741795200,124.56000000,126.31000000,123.31000000,125.05000000,601205.65900000
1741809600,125.05000000,127.08000000,123.97000000,126.62000000,386406.24300000
1741824000,126.61000000,127.46000000,124.73000000,124.97000000,426826.40600000
1741838400,124.97000000,125.36000000,123.03000000,124.24000000,421023.93900000
1741852800,124.25000000,128.03000000,123.64000000,126.88000000,476643.35300000
1741867200,126.88000000,128.76000000,123.60000000,124.34000000,775129.67100000
1741881600,124.34000000,124.41000000,121.08000000,121.46000000,480135.54300000
1741896000,121.47000000,124.36000000,120.76000000,123.37000000,244826.04900000
1741910400,123.36000000,125.47000000,122.98000000,124.48000000,338983.02800000
1741924800,124.48000000,125.63000000,124.41000000,124.68000000,298129.85700000
1741939200,124.68000000,126.60000000,124.62000000,126.17000000,300682.17800000
1741953600,126.16000000,134.01000000,125.46000000,132.12000000,1615705.93700000
1741968000,132.13000000,134.71000000,130.87000000,134.28000000,594407.24600000
1741982400,134.29000000,136.03000000,131.96000000,133.54000000,459817.24600000
1741996800,133.53000000,135.30000000,132.91000000,135.02000000,333647.22700000
1742011200,135.03000000,135.52000000,132.71000000,132.91000000,334792.25500000
1742025600,132.91000000,133.69000000,132.44000000,133.37000000,311561.66100000
1742040000,133.37000000,135.80000000,133.09000000,135.12000000,391110.27700000
1742054400,135.12000000,136.53000000,133.58000000,134.49000000,393292.71900000
1742068800,134.50000000,136.50000000,134.37000000,135.86000000,153673.35100000
1742083200,135.86000000,136.71000000,134.13000000,135.50000000,240062.09300000
1742097600,135.50000000,136.23000000,133.86000000,134.64000000,249407.98100000
1742112000,134.64000000,134.97000000,129.68000000,129.91000000,668997.36600000
1742126400,129.92000000,130.87000000,127.49000000,128.78000000,605244.95300000
1742140800,128.77000000,131.28000000,126.04000000,126.94000000,692029.60000000
1742155200,126.94000000,127.77000000,125.21000000,126.13000000,308518.89900000
1742169600,126.13000000,129.23000000,125.85000000,128.96000000,513593.71800000
1742184000,128.96000000,129.50000000,126.50000000,129.26000000,292741.95200000
1742198400,129.26000000,129.65000000,128.42000000,129.18000000,290792.21300000
1742212800,129.17000000,130.11000000,125.55000000,127.51000000,738046.90400000
1742227200,127.50000000,130.64000000,126.66000000,129.84000000,619998.64600000
1742241600,129.83000000,129.95000000,127.77000000,128.01000000,252437.66100000
1742256000,128.01000000,128.19000000,123.49000000,124.15000000,835228.34500000
1742270400,124.14000000,125.24000000,123.00000000,125.20000000,635130.84000000
1742284800,125.20000000,125.96000000,123.20000000,123.54000000,426596.92000000
1742299200,123.53000000,123.78000000,121.76000000,122.57000000,627746.91500000
1742313600,122.57000000,124.50000000,122.44000000,124.22000000,398288.04500000
1742328000,124.22000000,125.71000000,123.53000000,125.33000000,258798.63400000
1742342400,125.33000000,126.72000000,124.20000000,126.47000000,363642.44700000
1742356800,126.48000000,126.88000000,125.39000000,125.73000000,481274.59100000
1742371200,125.73000000,129.53000000,125.70000000,128.69000000,507771.61700000
1742385600,128.69000000,132.73000000,126.97000000,132.32000000,1252852.08100000
1742400000,132.33000000,134.33000000,128.18000000,133.03000000,1084550.71800000
1742414400,133.03000000,136.08000000,133.00000000,135.33000000,480406.53700000
1742428800,135.33000000,136.12000000,132.82000000,133.91000000,460300.54300000
1742443200,133.92000000,134.96000000,132.76000000,134.01000000,298491.09200000
1742457600,134.01000000,134.55000000,130.31000000,130.65000000,499995.90200000
1742472000,130.65000000,132.30000000,128.51000000,128.91000000,672380.55700000
1742486400,128.90000000,129.38000000,126.65000000,127.94000000,468944.01400000
1742500800,127.93000000,128.49000000,127.17000000,127.60000000,193175.87800000
1742515200,127.60000000,129.07000000,127.33000000,127.94000000,290223.72700000
1742529600,127.95000000,128.76000000,127.40000000,128.07000000,207433.22500000
1742544000,128.08000000,129.10000000,125.74000000,126.39000000,458899.31900000
1742558400,126.40000000,127.77000000,125.39000000,125.98000000,426161.10600000
1742572800,125.98000000,129.73000000,124.81000000,128.24000000,715310.65200000
1742587200,128.25000000,130.18000000,127.57000000,128.48000000,302394.31900000
1742601600,128.47000000,129.38000000,127.80000000,128.88000000,231011.00100000
1742616000,128.88000000,129.75000000,128.54000000,128.82000000,256142.94800000
1742630400,128.81000000,131.84000000,128.77000000,130.34000000,373494.35100000
1742644800,130.35000000,130.55000000,128.64000000,129.25000000,250406.71400000
1742659200,129.24000000,130.27000000,128.90000000,129.97000000,214411.93700000
1742673600,129.97000000,130.06000000,128.12000000,128.51000000,172701.24500000
1742688000,128.50000000,130.85000000,128.21000000,130.85000000,208220.15600000
1742702400,130.85000000,131.49000000,129.73000000,131.15000000,212738.81000000
1742716800,131.15000000,134.06000000,130.95000000,133.10000000,435342.67400000
1742731200,133.11000000,133.83000000,132.14000000,132.51000000,395780.23900000
1742745600,132.52000000,132.74000000,130.35000000,130.55000000,277195.29000000
1742760000,130.54000000,132.85000000,130.20000000,132.84000000,234208.81700000
1742774400,132.85000000,138.46000000,132.04000000,138.16000000,925361.92800000
1742788800,138.16000000,139.36000000,137.77000000,138.88000000,794433.05500000
1742803200,138.89000000,144.13000000,138.60000000,143.41000000,879015.56400000
1742817600,143.42000000,144.96000000,142.30000000,143.25000000,1063640.57500000
1742832000,143.24000000,143.44000000,141.29000000,142.77000000,443131.19300000
1742846400,142.76000000,143.64000000,139.64000000,141.01000000,448549.33000000
1742860800,141.01000000,142.29000000,138.20000000,138.57000000,517956.31000000
1742875200,138.57000000,140.35000000,138.17000000,139.46000000,299805.30400000
1742889600,139.46000000,143.43000000,139.43000000,142.15000000,461655.95600000
1742904000,142.14000000,147.48000000,141.06000000,145.28000000,1338142.03600000
1742918400,145.28000000,146.25000000,143.61000000,145.03000000,485885.48700000
1742932800,145.02000000,146.09000000,142.48000000,143.64000000,426513.57700000
1742947200,143.64000000,144.63000000,141.50000000,141.84000000,369761.36600000
1742961600,141.84000000,144.89000000,141.64000000,144.50000000,375171.60900000
1742976000,144.50000000,145.49000000,143.77000000,144.61000000,351983.65100000
1742990400,144.61000000,145.07000000,139.00000000,139.34000000,1032492.00100000
1743004800,139.33000000,140.21000000,136.23000000,137.45000000,592239.61500000
1743019200,137.45000000,138.51000000,135.89000000,137.34000000,377875.04500000
1743033600,137.35000000,140.22000000,136.82000000,139.91000000,425889.20000000
1743048000,139.91000000,140.07000000,137.91000000,138.88000000,317737.52900000
1743062400,138.88000000,139.29000000,137.10000000,137.40000000,464504.94500000
1743076800,137.40000000,139.83000000,135.63000000,137.79000000,713863.64500000
1743091200,137.79000000,139.71000000,137.36000000,139.06000000,320958.72200000
1743105600,139.07000000,139.95000000,138.12000000,138.43000000,223208.64200000
1743120000,138.44000000,139.05000000,135.90000000,136.78000000,619076.01000000
1743134400,136.79000000,137.35000000,131.38000000,131.62000000,1180653.18400000
1743148800,131.63000000,132.67000000,130.36000000,131.93000000,563337.10700000
1743163200,131.92000000,132.46000000,129.14000000,129.92000000,713947.35800000
1743177600,129.92000000,130.30000000,129.03000000,129.43000000,417627.91700000
1743192000,129.43000000,130.46000000,127.69000000,129.49000000,397549.78900000
1743206400,129.50000000,130.54000000,126.58000000,128.84000000,426165.33700000
1743220800,128.83000000,129.13000000,125.45000000,126.39000000,526673.22400000
1743235200,126.39000000,127.10000000,124.31000000,125.30000000,545971.32500000
1743249600,125.30000000,126.82000000,125.00000000,126.32000000,320786.43300000
1743264000,126.32000000,126.79000000,123.71000000,125.30000000,494981.01000000
1743278400,125.30000000,125.43000000,122.68000000,124.58000000,295488.18600000
1743292800,124.58000000,126.60000000,123.49000000,125.71000000,331271.83900000
1743307200,125.70000000,126.56000000,125.16000000,125.48000000,188600.49100000
1743321600,125.48000000,126.43000000,124.66000000,125.12000000,254954.04500000
1743336000,125.12000000,125.59000000,123.15000000,124.92000000,387216.24800000
1743350400,124.92000000,127.08000000,123.00000000,125.85000000,290593.51500000
1743364800,125.84000000,126.37000000,123.19000000,124.82000000,291139.15800000
1743379200,124.83000000,127.63000000,122.75000000,124.56000000,456755.46900000
1743393600,124.57000000,127.08000000,124.33000000,125.88000000,428772.48200000
1743408000,125.89000000,126.70000000,123.05000000,124.28000000,534871.91300000
1743422400,124.27000000,127.81000000,123.22000000,126.78000000,1303614.14900000
1743436800,126.77000000,127.36000000,123.83000000,125.25000000,542225.86700000
1743451200,125.25000000,126.27000000,124.47000000,124.54000000,464388.97300000
1743465600,124.53000000,126.72000000,123.74000000,126.06000000,456527.23100000
1743480000,126.07000000,126.78000000,125.59000000,126.69000000,289286.33100000
1743494400,126.69000000,129.97000000,126.68000000,127.61000000,715628.00100000
1743508800,127.60000000,130.55000000,124.68000000,129.27000000,1325487.08400000
1743523200,129.27000000,129.64000000,125.52000000,126.82000000,491681.83600000
1743537600,126.82000000,127.53000000,125.30000000,126.67000000,275667.36500000
1743552000,126.68000000,126.96000000,124.10000000,124.32000000,360376.60100000
1743566400,124.32000000,125.03000000,123.50000000,124.55000000,315887.88700000
1743580800,124.54000000,126.73000000,124.28000000,125.69000000,343921.19600000
1743595200,125.70000000,131.16000000,125.12000000,130.43000000,1459216.39800000
1743609600,130.43000000,131.79000000,129.17000000,131.43000000,830662.19600000
1743624000,131.42000000,136.21000000,117.00000000,117.42000000,2978844.40200000
1743638400,117.42000000,120.94000000,116.25000000,119.80000000,1382064.84400000
1743652800,119.81000000,120.86000000,117.90000000,118.64000000,839800.03100000
1743667200,118.64000000,119.22000000,115.11000000,115.74000000,971616.95200000
1743681600,115.74000000,116.04000000,112.24000000,114.16000000,1414822.95300000
1743696000,114.17000000,116.00000000,113.26000000,115.42000000,882146.55000000
1743710400,115.43000000,117.45000000,115.08000000,117.17000000,364415.94800000
1743724800,117.17000000,117.50000000,114.63000000,115.40000000,496369.61200000
1743739200,115.41000000,118.35000000,114.73000000,118.18000000,684370.71800000
1743753600,118.17000000,119.94000000,113.25000000,114.54000000,1014820.91000000
1743768000,114.53000000,120.99000000,113.96000000,118.60000000,1694857.32700000
1743782400,118.60000000,123.98000000,118.23000000,122.61000000,1400599.22100000
1743796800,122.61000000,124.00000000,121.78000000,122.79000000,430054.53200000
1743811200,122.80000000,122.85000000,120.66000000,120.73000000,327845.35900000
1743825600,120.72000000,121.32000000,120.18000000,121.07000000,215636.50700000
1743840000,121.07000000,121.96000000,119.86000000,120.28000000,269080.28700000
1743854400,120.29000000,120.33000000,117.15000000,117.55000000,467518.89900000
1743868800,117.55000000,119.35000000,117.52000000,118.63000000,234342.09300000
1743883200,118.63000000,120.56000000,118.41000000,120.32000000,269958.15500000
1743897600,120.33000000,121.13000000,119.43000000,119.98000000,217230.75400000
1743912000,119.99000000,120.60000000,118.82000000,119.21000000,213970.85200000
1743926400,119.20000000,120.18000000,118.18000000,118.62000000,214065.20800000
1743940800,118.61000000,118.86000000,114.30000000,114.97000000,755225.63000000
1743955200,114.96000000,115.26000000,106.28000000,108.07000000,1992197.84500000
1743969600,108.08000000,108.55000000,103.81000000,105.91000000,1541656.69600000
1743984000,105.90000000,107.82000000,102.22000000,103.27000000,1464905.20100000
1743998400,103.27000000,103.77000000,95.26000000,97.14000000,2680762.49600000
1744012800,97.14000000,102.64000000,96.93000000,100.29000000,1763746.24400000
1744027200,100.30000000,113.00000000,99.74000000,106.65000000,4896344.11300000
1744041600,106.65000000,107.98000000,103.56000000,105.75000000,1254447.66600000
1744056000,105.75000000,109.30000000,105.74000000,106.99000000,570459.27300000
1744070400,106.98000000,112.58000000,106.65000000,111.31000000,902739.70500000
1744084800,111.30000000,112.16000000,107.97000000,108.70000000,627406.87200000
1744099200,108.69000000,111.82000000,107.15000000,111.56000000,649111.46400000
1744113600,111.56000000,112.20000000,106.68000000,107.20000000,1520093.69400000
1744128000,107.19000000,107.29000000,102.96000000,104.06000000,1419684.35900000
1744142400,104.06000000,106.48000000,103.67000000,105.40000000,720093.68800000
1744156800,105.40000000,106.60000000,101.26000000,103.15000000,1281631.76800000
1744171200,103.14000000,107.85000000,103.04000000,107.37000000,1092739.89200000
1744185600,107.37000000,108.26000000,102.75000000,103.43000000,1123041.72900000
1744200000,103.42000000,107.43000000,102.31000000,106.54000000,1144877.07200000
1744214400,106.54000000,121.00000000,106.22000000,118.95000000,3832842.41500000
1744228800,118.95000000,120.50000000,118.07000000,119.05000000,859453.26300000
1744243200,119.05000000,119.30000000,114.50000000,115.49000000,733019.52300000
1744257600,115.50000000,116.99000000,114.05000000,114.78000000,1103888.04200000
1744272000,114.79000000,115.24000000,113.39000000,113.95000000,556270.73800000
1744286400,113.94000000,115.76000000,109.39000000,109.60000000,1731619.49100000
1744300800,109.60000000,111.90000000,108.21000000,111.34000000,1048568.87700000
1744315200,111.34000000,113.40000000,111.27000000,112.81000000,392957.95800000
1744329600,112.80000000,115.78000000,112.16000000,115.41000000,520424.44200000
1744344000,115.42000000,117.76000000,115.00000000,116.59000000,388685.25400000
1744358400,116.60000000,119.40000000,115.87000000,118.02000000,945814.24100000
1744372800,118.03000000,121.57000000,117.58000000,119.91000000,1354246.44100000
1744387200,119.91000000,122.00000000,118.66000000,120.87000000,740557.09400000
1744401600,120.87000000,122.65000000,119.99000000,121.41000000,394339.41700000
1744416000,121.41000000,122.23000000,119.41000000,120.18000000,440133.08000000
1744430400,120.18000000,124.57000000,119.82000000,124.26000000,836715.98500000
1744444800,124.26000000,125.52000000,124.01000000,124.60000000,467294.75000000
1744459200,124.60000000,131.77000000,124.39000000,130.47000000,1413322.31700000
1744473600,130.47000000,131.55000000,128.20000000,130.71000000,749731.30000000
1744488000,130.72000000,134.11000000,130.60000000,132.24000000,713068.42300000
1744502400,132.24000000,133.96000000,130.87000000,131.81000000,626515.87200000
1744516800,131.81000000,132.03000000,128.17000000,128.55000000,592221.79300000
1744531200,128.55000000,131.61000000,128.20000000,129.82000000,601099.58700000
1744545600,129.82000000,130.43000000,126.78000000,128.72000000,688010.23400000
1744560000,128.71000000,132.56000000,127.05000000,128.21000000,762990.54900000
1744574400,128.22000000,130.00000000,125.32000000,128.38000000,783532.56800000
1744588800,128.38000000,136.13000000,127.98000000,131.73000000,969351.36200000
1744603200,131.74000000,134.34000000,131.10000000,132.30000000,495931.91300000
1744617600,132.31000000,134.17000000,131.50000000,133.50000000,542882.30600000
1744632000,133.50000000,134.79000000,128.12000000,128.80000000,1180939.39700000
1744646400,128.80000000,131.99000000,128.08000000,131.08000000,619493.67400000
1744660800,131.09000000,131.19000000,128.65000000,129.42000000,341652.79800000
1744675200,129.41000000,130.75000000,127.71000000,130.54000000,517850.86400000
1744689600,130.54000000,132.30000000,129.68000000,131.55000000,396556.90900000
1744704000,131.55000000,133.92000000,131.34000000,132.15000000,515048.18600000
1744718400,132.14000000,134.45000000,129.07000000,129.61000000,930044.32900000
1744732800,129.62000000,130.60000000,127.31000000,127.88000000,538794.56100000
1744747200,127.89000000,128.59000000,125.82000000,126.11000000,533187.64800000
1744761600,126.10000000,127.35000000,124.80000000,126.44000000,533551.25600000
1744776000,126.45000000,126.68000000,124.37000000,124.78000000,414706.32400000
1744790400,124.78000000,126.68000000,123.49000000,126.27000000,603391.92600000
1744804800,126.26000000,129.60000000,124.46000000,128.39000000,1203324.57000000
1744819200,128.40000000,133.91000000,124.86000000,132.45000000,1847730.44000000
1744833600,132.45000000,133.71000000,130.78000000,131.33000000,718064.47800000
1744848000,131.33000000,132.67000000,129.50000000,129.79000000,543337.54900000
1744862400,129.79000000,135.59000000,129.62000000,134.26000000,769719.73000000
1744876800,134.25000000,135.00000000,132.43000000,133.12000000,522574.07400000
1744891200,133.12000000,134.50000000,130.55000000,133.45000000,851429.30400000
1744905600,133.45000000,136.20000000,132.00000000,132.91000000,803140.57700000
1744920000,132.91000000,135.29000000,132.91000000,134.83000000,327258.48400000
1744934400,134.84000000,136.02000000,133.78000000,134.51000000,547917.48400000
1744948800,134.52000000,135.03000000,133.26000000,134.91000000,402212.32700000
1744963200,134.91000000,135.54000000,133.56000000,134.27000000,388279.80700000
1744977600,134.27000000,135.21000000,132.47000000,132.91000000,832148.24000000
1744992000,132.91000000,134.47000000,132.69000000,134.21000000,221737.27300000
1745006400,134.21000000,134.40000000,133.23000000,134.04000000,164046.74300000
1745020800,134.05000000,139.16000000,133.58000000,138.82000000,873032.03200000
1745035200,138.82000000,139.47000000,137.78000000,138.76000000,378654.86300000
1745049600,138.76000000,139.96000000,138.47000000,138.77000000,460949.87200000
1745064000,138.77000000,140.50000000,138.51000000,138.95000000,407392.44500000
1745078400,138.96000000,139.49000000,137.67000000,138.71000000,509276.06000000
1745092800,138.70000000,139.90000000,138.34000000,139.87000000,186732.79600000
1745107200,139.86000000,141.96000000,139.40000000,140.96000000,451629.39500000
1745121600,140.96000000,141.62000000,138.60000000,139.61000000,419899.11200000
1745136000,139.61000000,139.80000000,135.82000000,136.38000000,1401727.60400000
1745150400,136.38000000,138.03000000,135.64000000,135.94000000,601538.54600000
1745164800,135.94000000,137.25000000,135.72000000,137.20000000,287638.28900000
1745179200,137.19000000,138.50000000,136.37000000,137.86000000,335665.66900000
1745193600,137.86000000,143.25000000,137.66000000,139.39000000,1048611.68500000
1745208000,139.39000000,141.85000000,139.22000000,140.17000000,515627.08800000
1745222400,140.18000000,141.14000000,138.31000000,138.99000000,385571.88300000
1745236800,138.98000000,140.11000000,136.76000000,138.33000000,914772.91500000
1745251200,138.32000000,138.81000000,133.82000000,136.94000000,1439910.65600000
1745265600,136.94000000,137.43000000,135.35000000,136.56000000,352906.27600000
1745280000,136.57000000,139.87000000,134.68000000,139.35000000,613827.63200000
1745294400,139.35000000,140.62000000,138.43000000,140.19000000,570257.46900000
1745308800,140.19000000,140.77000000,138.96000000,140.45000000,391298.37900000
1745323200,140.45000000,145.52000000,140.05000000,145.32000000,1380713.56300000
1745337600,145.31000000,147.71000000,143.52000000,144.24000000,964839.29000000
1745352000,144.24000000,150.23000000,143.46000000,148.79000000,1157473.20300000
1745366400,148.78000000,149.47000000,147.13000000,149.24000000,621507.27300000
1745380800,149.24000000,152.30000000,148.58000000,151.58000000,899298.89200000
1745395200,151.58000000,153.74000000,151.00000000,152.09000000,888149.69200000
1745409600,152.09000000,154.21000000,148.71000000,151.41000000,1499295.10700000
1745424000,151.41000000,152.49000000,148.94000000,150.16000000,590127.94000000
1745438400,150.16000000,151.82000000,149.83000000,151.10000000,302999.56600000
1745452800,151.10000000,151.45000000,147.66000000,147.76000000,517099.25000000
1745467200,147.76000000,149.17000000,146.95000000,147.17000000,426678.60100000
1745481600,147.16000000,147.80000000,144.87000000,147.70000000,796094.13300000
1745496000,147.70000000,151.46000000,147.07000000,149.34000000,790217.88100000
1745510400,149.35000000,152.45000000,148.84000000,151.54000000,660109.66800000
1745524800,151.54000000,152.90000000,150.00000000,152.55000000,345660.95100000
1745539200,152.55000000,154.50000000,150.53000000,151.74000000,594679.23500000
1745553600,151.73000000,155.00000000,150.73000000,154.86000000,500602.29200000
1745568000,154.85000000,155.02000000,152.94000000,154.75000000,703703.67200000
1745582400,154.75000000,157.00000000,152.20000000,152.94000000,1379529.65000000
1745596800,152.94000000,153.24000000,150.43000000,151.40000000,639178.74100000
1745611200,151.39000000,152.50000000,149.87000000,150.82000000,409074.38300000
1745625600,150.82000000,153.17000000,150.82000000,151.36000000,328735.58700000
1745640000,151.36000000,152.35000000,150.00000000,151.36000000,242846.79900000
1745654400,151.36000000,152.33000000,148.00000000,148.51000000,480272.96500000
1745668800,148.51000000,149.58000000,147.75000000,149.31000000,378129.54800000
1745683200,149.32000000,149.46000000,148.33000000,149.25000000,168710.43100000
1745697600,149.24000000,149.66000000,148.34000000,149.21000000,168110.55000000
1745712000,149.22000000,150.41000000,146.07000000,147.55000000,452255.79900000
1745726400,147.56000000,147.88000000,145.51000000,147.43000000,247164.95500000
1745740800,147.43000000,148.77000000,147.35000000,147.95000000,172654.46100000
1745755200,147.96000000,149.75000000,147.00000000,149.01000000,327987.42000000
1745769600,149.02000000,150.25000000,148.20000000,150.03000000,194099.47600000
1745784000,150.02000000,150.10000000,147.83000000,147.98000000,205815.78000000
1745798400,147.97000000,149.60000000,144.63000000,148.39000000,624877.04600000
1745812800,148.38000000,151.50000000,148.38000000,151.09000000,346144.63100000
1745827200,151.09000000,153.40000000,148.97000000,151.70000000,991977.08600000
1745841600,151.69000000,151.84000000,145.54000000,146.34000000,782658.06100000
1745856000,146.33000000,148.88000000,145.38000000,148.43000000,487674.72200000
1745870400,148.42000000,148.45000000,146.54000000,147.84000000,274618.89900000
1745884800,147.84000000,149.21000000,146.92000000,147.47000000,418937.58900000
1745899200,147.46000000,148.96000000,145.55000000,148.88000000,356386.86900000
1745913600,148.88000000,149.50000000,147.61000000,149.00000000,379431.68800000
1745928000,148.99000000,149.24000000,146.86000000,148.02000000,427607.84300000
1745942400,148.01000000,150.39000000,147.70000000,149.29000000,424733.72800000
1745956800,149.28000000,149.52000000,145.00000000,146.31000000,491894.77500000
1745971200,146.30000000,148.67000000,145.06000000,148.17000000,425773.73800000
1745985600,148.17000000,148.38000000,146.11000000,146.40000000,247386.19100000
1746000000,146.39000000,148.00000000,146.04000000,147.94000000,175650.93700000
1746014400,147.93000000,147.99000000,140.32000000,142.22000000,1056793.85200000
1746028800,142.21000000,146.06000000,141.37000000,145.62000000,490311.41500000
1746043200,145.62000000,148.12000000,145.36000000,147.54000000,384900.23000000
1746057600,147.54000000,149.62000000,147.54000000,148.71000000,361054.47500000
1746072000,148.71000000,150.25000000,147.99000000,149.80000000,333269.48400000
1746086400,149.79000000,152.47000000,149.56000000,151.75000000,486460.95100000
1746100800,151.75000000,153.99000000,150.62000000,151.80000000,867442.07700000
1746115200,151.80000000,152.86000000,150.04000000,150.26000000,775061.06500000
1746129600,150.26000000,150.96000000,149.87000000,150.85000000,213993.40200000
1746144000,150.85000000,151.72000000,149.99000000,150.78000000,371032.51000000
1746158400,150.78000000,151.05000000,148.37000000,148.52000000,412808.32000000
1746172800,148.52000000,150.81000000,148.40000000,150.73000000,241501.89300000
1746187200,150.72000000,151.91000000,149.28000000,149.88000000,557526.50400000
1746201600,149.89000000,151.43000000,147.70000000,148.08000000,414267.28000000
1746216000,148.09000000,148.65000000,147.30000000,148.05000000,219126.56600000
1746230400,148.04000000,149.05000000,147.52000000,148.30000000,210266.37000000
1746244800,148.30000000,148.58000000,147.38000000,148.08000000,176952.34100000
1746259200,148.08000000,148.40000000,146.68000000,147.14000000,303702.75800000
1746273600,147.14000000,149.00000000,147.13000000,148.46000000,307870.68600000
1746288000,148.47000000,148.47000000,145.82000000,147.42000000,266722.96200000
1746302400,147.42000000,147.91000000,146.63000000,146.71000000,141068.44300000
1746316800,146.71000000,147.71000000,145.50000000,145.61000000,190012.87000000
1746331200,145.61000000,146.54000000,145.17000000,145.62000000,235365.63700000
1746345600,145.62000000,146.01000000,144.68000000,145.45000000,388439.08800000
1746360000,145.46000000,147.27000000,144.94000000,146.84000000,241870.32500000
1746374400,146.83000000,147.81000000,146.00000000,146.18000000,250358.40800000
1746388800,146.18000000,147.14000000,143.50000000,143.95000000,307312.22500000
1746403200,143.94000000,145.44000000,142.50000000,144.91000000,355187.50200000
1746417600,144.91000000,147.36000000,144.89000000,146.88000000,276946.35200000
1746432000,146.88000000,147.05000000,143.56000000,144.19000000,274401.44700000
1746446400,144.18000000,145.42000000,143.16000000,143.76000000,388956.85600000
1746460800,143.76000000,147.14000000,143.68000000,146.48000000,407143.46400000
1746475200,146.48000000,147.73000000,144.95000000,146.72000000,328360.18000000
1746489600,146.72000000,146.83000000,143.80000000,144.63000000,367296.35600000
1746504000,144.63000000,145.88000000,144.32000000,145.28000000,204464.02900000
1746518400,145.27000000,145.28000000,142.00000000,142.57000000,424425.08300000
1746532800,142.57000000,143.96000000,141.41000000,143.18000000,462147.17800000
1746547200,143.18000000,145.28000000,142.42000000,144.85000000,381449.41500000
1746561600,144.85000000,147.23000000,143.52000000,146.88000000,512528.87400000
1746576000,146.89000000,149.54000000,145.43000000,146.24000000,576871.73300000
1746590400,146.23000000,147.32000000,145.43000000,147.27000000,197765.43900000
1746604800,147.27000000,148.29000000,146.93000000,147.59000000,275188.95600000
1746619200,147.60000000,147.74000000,145.43000000,145.75000000,380726.04100000
1746633600,145.75000000,147.34000000,144.68000000,145.77000000,525191.44500000
1746648000,145.77000000,148.35000000,145.48000000,147.32000000,484822.67000000
1746662400,147.32000000,151.19000000,147.08000000,150.87000000,586318.16000000
1746676800,150.88000000,151.97000000,149.97000000,151.57000000,786307.04600000
1746691200,151.57000000,155.28000000,151.53000000,154.57000000,695506.26700000
1746705600,154.57000000,163.18000000,154.18000000,160.24000000,1803513.91600000
1746720000,160.23000000,161.07000000,158.52000000,160.53000000,1104587.54600000
1746734400,160.54000000,164.60000000,159.75000000,164.46000000,1064389.68300000
1746748800,164.46000000,164.46000000,161.34000000,161.37000000,644843.30200000
1746763200,161.37000000,166.91000000,161.07000000,165.08000000,826538.80000000
1746777600,165.08000000,176.15000000,164.30000000,172.32000000,2367640.72900000
1746792000,172.33000000,173.44000000,167.36000000,170.75000000,1428271.65400000
1746806400,170.76000000,172.58000000,168.59000000,171.89000000,672993.85100000
1746820800,171.90000000,173.81000000,171.15000000,172.78000000,378286.31300000
1746835200,172.77000000,175.19000000,170.66000000,171.59000000,449443.81800000
1746849600,171.59000000,172.54000000,169.76000000,172.32000000,387316.26100000
1746864000,172.32000000,173.40000000,168.72000000,169.00000000,671046.58600000
1746878400,169.00000000,172.03000000,169.00000000,171.07000000,415046.49900000
1746892800,171.07000000,173.83000000,170.86000000,172.22000000,523576.16200000
1746907200,172.22000000,178.98000000,171.41000000,177.89000000,893271.85300000
1746921600,177.89000000,180.26000000,172.92000000,175.86000000,1151356.38300000
1746936000,175.86000000,177.70000000,172.29000000,172.60000000,476338.51500000
1746950400,172.61000000,175.04000000,172.58000000,174.76000000,320930.12200000
1746964800,174.76000000,175.22000000,169.35000000,170.48000000,582839.69000000
1746979200,170.48000000,173.43000000,169.40000000,172.73000000,419532.05200000
1746993600,172.72000000,173.85000000,171.26000000,173.19000000,259732.75800000
1747008000,173.20000000,176.88000000,171.74000000,174.90000000,698943.07600000
1747022400,174.90000000,179.79000000,173.63000000,176.09000000,1397760.78500000
1747036800,176.08000000,177.01000000,173.64000000,174.11000000,791743.57900000
1747051200,174.10000000,181.46000000,174.00000000,174.40000000,1841197.93700000
1747065600,174.39000000,176.67000000,168.31000000,171.22000000,1132361.92200000
1747080000,171.22000000,174.81000000,170.41000000,174.22000000,383725.67800000
1747094400,174.22000000,174.38000000,166.94000000,166.97000000,725687.79300000
1747108800,166.98000000,172.44000000,166.18000000,171.49000000,531456.72000000
1747123200,171.49000000,175.15000000,170.93000000,174.00000000,444451.87600000
1747137600,174.00000000,176.31000000,172.11000000,176.09000000,968525.19000000
1747152000,176.08000000,184.45000000,175.72000000,182.05000000,1184464.87600000
1747166400,182.05000000,184.83000000,180.35000000,183.75000000,732456.94300000
1747180800,183.75000000,184.88000000,179.11000000,180.28000000,892108.18300000
1747195200,180.28000000,183.99000000,179.86000000,181.72000000,537256.04400000
1747209600,181.73000000,182.62000000,177.57000000,181.06000000,708105.90800000
1747224000,181.06000000,181.89000000,175.60000000,177.35000000,766121.29700000
1747238400,177.34000000,177.68000000,173.23000000,177.06000000,482846.69100000
1747252800,177.07000000,177.69000000,175.22000000,176.64000000,232717.13000000
1747267200,176.63000000,178.33000000,174.06000000,174.06000000,426083.86600000
1747281600,174.06000000,175.29000000,169.76000000,170.40000000,515629.43900000
1747296000,170.40000000,173.06000000,168.67000000,171.09000000,491536.87400000
1747310400,171.08000000,172.84000000,166.98000000,172.23000000,967334.35700000
1747324800,172.23000000,174.49000000,167.72000000,169.76000000,630724.35800000
1747339200,169.77000000,170.66000000,166.70000000,169.16000000,514728.83000000
1747353600,169.16000000,173.68000000,168.69000000,172.62000000,601701.17300000
1747368000,172.62000000,173.52000000,170.98000000,172.13000000,325723.39100000
1747382400,172.13000000,174.21000000,169.35000000,172.81000000,470266.69600000
1747396800,172.82000000,174.20000000,170.85000000,172.08000000,572666.99100000
1747411200,172.09000000,172.72000000,169.73000000,171.44000000,338527.91200000
1747425600,171.43000000,171.43000000,166.36000000,167.40000000,457500.50800000
1747440000,167.40000000,168.65000000,164.01000000,168.26000000,718454.78200000
1747454400,168.26000000,169.99000000,166.97000000,168.55000000,308739.52500000
1747468800,168.55000000,169.38000000,166.71000000,167.60000000,308673.82500000
1747483200,167.60000000,168.23000000,165.82000000,167.31000000,246994.12600000
1747497600,167.31000000,167.52000000,164.40000000,165.25000000,355959.50100000
1747512000,165.25000000,167.93000000,164.36000000,165.94000000,323299.94700000
1747526400,165.94000000,167.90000000,165.85000000,166.90000000,257060.17000000
1747540800,166.91000000,170.72000000,166.88000000,170.68000000,291793.91400000
1747555200,170.68000000,172.00000000,170.56000000,170.79000000,274171.72400000
1747569600,170.78000000,176.67000000,170.20000000,176.26000000,564060.33900000
1747584000,176.26000000,176.77000000,166.51000000,166.65000000,956928.49200000
1747598400,166.64000000,174.28000000,164.54000000,173.30000000,850596.29700000
1747612800,173.30000000,173.94000000,165.00000000,165.35000000,833700.65100000
1747627200,165.35000000,166.84000000,159.44000000,161.89000000,1070074.64800000
1747641600,161.90000000,162.70000000,160.44000000,162.19000000,450687.28300000
1747656000,162.19000000,164.76000000,160.16000000,164.21000000,704323.09500000
1747670400,164.20000000,167.39000000,162.78000000,166.61000000,655781.86500000
1747684800,166.60000000,167.80000000,165.14000000,166.86000000,361785.20200000
1747699200,166.87000000,173.11000000,166.78000000,169.19000000,939665.02300000
1747713600,169.18000000,170.64000000,167.08000000,167.34000000,438612.63500000
1747728000,167.35000000,168.14000000,165.23000000,166.47000000,412925.34400000
1747742400,166.46000000,167.36000000,164.51000000,166.64000000,465567.78300000
1747756800,166.63000000,169.13000000,164.56000000,168.17000000,493020.49300000
1747771200,168.16000000,169.38000000,166.26000000,168.59000000,385629.14800000
1747785600,168.59000000,170.92000000,166.78000000,169.97000000,564366.71700000
1747800000,169.97000000,171.76000000,168.32000000,168.85000000,588141.31900000
1747814400,168.85000000,169.64000000,167.35000000,169.34000000,293404.64400000
1747828800,169.33000000,173.65000000,168.37000000,172.17000000,881814.37200000
1747843200,172.17000000,174.95000000,165.51000000,171.14000000,1367771.00500000
1747857600,171.14000000,175.99000000,169.12000000,173.53000000,705112.34300000
1747872000,173.54000000,177.52000000,172.59000000,176.82000000,829467.62900000
1747886400,176.83000000,178.79000000,175.26000000,178.49000000,658437.28200000
1747900800,178.49000000,180.87000000,177.16000000,178.08000000,767226.67900000
1747915200,178.07000000,179.89000000,176.94000000,179.02000000,652369.75600000
1747929600,179.03000000,180.36000000,177.50000000,177.85000000,417292.69200000
1747944000,177.86000000,180.02000000,177.31000000,179.68000000,283428.82400000
1747958400,179.68000000,185.40000000,179.28000000,185.00000000,1011102.67800000
1747972800,185.01000000,185.32000000,179.99000000,182.55000000,682046.52000000
1747987200,182.56000000,187.71000000,177.10000000,177.91000000,1214646.33900000
1748001600,177.91000000,183.76000000,173.29000000,180.66000000,1875739.14500000
1748016000,180.67000000,182.25000000,178.41000000,179.14000000,658649.74500000
1748030400,179.13000000,179.26000000,173.23000000,174.01000000,670726.34900000
1748044800,174.00000000,176.02000000,172.50000000,175.11000000,567108.51000000
1748059200,175.11000000,176.39000000,173.46000000,173.92000000,396774.62100000
1748073600,173.93000000,178.33000000,173.24000000,176.90000000,493749.29500000
1748088000,176.89000000,177.13000000,175.05000000,176.31000000,333992.82700000
1748102400,176.32000000,177.68000000,175.31000000,177.14000000,246176.00700000
1748116800,177.14000000,177.91000000,175.35000000,175.87000000,280163.76100000
1748131200,175.87000000,176.88000000,170.36000000,173.64000000,655947.13600000
1748145600,173.64000000,174.41000000,171.88000000,172.34000000,250997.17500000
1748160000,172.35000000,172.36000000,170.13000000,171.98000000,509827.65800000
1748174400,171.99000000,172.66000000,169.14000000,170.29000000,453529.84100000
1748188800,170.29000000,172.77000000,169.18000000,172.52000000,277011.47000000
1748203200,172.53000000,175.91000000,170.96000000,175.74000000,383050.57900000
1748217600,175.75000000,177.83000000,175.04000000,177.01000000,561576.41900000
1748232000,177.02000000,179.02000000,176.60000000,178.16000000,377490.68500000
1748246400,178.15000000,178.36000000,176.42000000,177.91000000,301608.62800000
1748260800,177.91000000,178.80000000,175.89000000,177.49000000,394598.50000000
1748275200,177.49000000,178.06000000,173.48000000,174.05000000,370308.05800000
1748289600,174.05000000,176.04000000,173.64000000,174.91000000,209142.50600000
1748304000,174.92000000,175.79000000,171.24000000,173.51000000,442931.77700000
1748318400,173.50000000,175.90000000,172.50000000,175.46000000,310159.39900000
1748332800,175.47000000,177.17000000,175.01000000,176.80000000,325899.00700000
1748347200,176.80000000,179.41000000,175.02000000,178.44000000,784277.64300000
1748361600,178.45000000,179.30000000,177.43000000,177.50000000,421320.61200000
1748376000,177.51000000,178.64000000,175.42000000,176.71000000,283920.93000000
1748390400,176.72000000,177.45000000,174.22000000,175.12000000,378541.17600000
1748404800,175.13000000,175.33000000,173.70000000,173.89000000,241431.68600000
1748419200,173.90000000,174.53000000,172.86000000,174.51000000,324581.33600000
1748433600,174.52000000,175.13000000,168.92000000,169.70000000,873313.27200000
1748448000,169.71000000,172.03000000,169.13000000,169.42000000,468085.79100000
1748462400,169.42000000,172.66000000,169.23000000,172.21000000,248707.61600000
1748476800,172.22000000,175.34000000,171.35000000,173.70000000,553385.44300000
1748491200,173.69000000,173.95000000,170.12000000,172.23000000,326839.23500000
1748505600,172.23000000,173.46000000,171.64000000,172.88000000,251627.21700000
1748520000,172.87000000,172.92000000,169.03000000,169.75000000,598886.91600000
1748534400,169.76000000,170.30000000,166.03000000,166.84000000,638605.66600000
1748548800,166.83000000,168.55000000,165.96000000,166.71000000,272445.49100000
1748563200,166.71000000,167.51000000,160.13000000,165.16000000,870221.32400000
1748577600,165.15000000,165.86000000,162.57000000,162.68000000,449616.33500000
1748592000,162.68000000,164.16000000,161.48000000,163.83000000,471072.65200000
1748606400,163.83000000,163.96000000,160.10000000,161.23000000,615158.38600000
1748620800,161.23000000,161.77000000,156.01000000,160.81000000,854414.85100000
1748635200,160.81000000,161.03000000,155.22000000,156.20000000,509795.96400000
1748649600,156.20000000,157.24000000,152.14000000,154.16000000,765681.06000000
1748664000,154.15000000,155.86000000,153.03000000,154.84000000,240770.02100000
1748678400,154.85000000,155.26000000,152.62000000,152.92000000,320380.36500000
1748692800,152.92000000,156.77000000,152.57000000,155.63000000,468158.65700000
1748707200,155.64000000,157.97000000,155.19000000,157.52000000,332668.95100000
1748721600,157.53000000,158.01000000,156.31000000,156.45000000,224598.69800000
1748736000,156.45000000,156.73000000,153.40000000,154.72000000,317942.34400000
1748750400,154.72000000,155.94000000,154.14000000,154.45000000,192199.52500000
1748764800,154.45000000,154.64000000,150.59000000,152.05000000,453558.12100000
1748779200,152.05000000,154.57000000,150.66000000,154.17000000,309017.59500000
1748793600,154.18000000,156.73000000,153.47000000,155.89000000,510490.71600000
1748808000,155.88000000,157.92000000,155.18000000,157.68000000,258922.74000000
1748822400,157.68000000,158.93000000,155.36000000,155.46000000,379930.48700000
1748836800,155.46000000,156.73000000,154.66000000,155.55000000,284845.69900000
1748851200,155.54000000,156.55000000,152.95000000,153.45000000,492813.73800000
1748865600,153.44000000,154.50000000,151.67000000,153.16000000,577659.61300000
1748880000,153.16000000,155.13000000,151.77000000,152.95000000,389282.23600000
1748894400,152.96000000,157.24000000,152.92000000,156.83000000,377520.41800000
1748908800,156.83000000,162.38000000,156.39000000,159.44000000,768092.55600000
1748923200,159.45000000,160.20000000,158.22000000,159.82000000,261021.45700000
1748937600,159.83000000,161.65000000,158.28000000,160.56000000,374046.94700000
1748952000,160.56000000,163.64000000,159.44000000,162.20000000,594658.99800000
1748966400,162.21000000,162.41000000,159.98000000,160.56000000,328225.45000000
1748980800,160.56000000,160.59000000,154.14000000,155.19000000,523539.73700000
1748995200,155.19000000,157.63000000,154.18000000,156.56000000,418735.68800000
1749009600,156.57000000,157.02000000,155.72000000,156.42000000,178183.76500000
1749024000,156.42000000,157.92000000,155.72000000,155.92000000,245382.81400000
1749038400,155.92000000,157.97000000,154.58000000,157.13000000,401742.74400000
1749052800,157.13000000,157.57000000,155.28000000,155.37000000,239970.46300000
1749067200,155.36000000,155.59000000,152.94000000,153.26000000,506630.95000000
1749081600,153.27000000,154.61000000,153.00000000,153.83000000,320665.73200000
1749096000,153.84000000,154.15000000,151.90000000,152.44000000,761586.14900000
1749110400,152.44000000,153.04000000,151.28000000,152.37000000,322959.04200000
1749124800,152.38000000,154.41000000,148.54000000,150.90000000,833077.73800000
1749139200,150.90000000,151.11000000,144.15000000,146.20000000,985248.60800000
1749153600,146.20000000,146.60000000,141.53000000,144.29000000,1034503.80600000
1749168000,144.28000000,146.85000000,144.11000000,146.84000000,359753.14500000
1749182400,146.84000000,148.25000000,146.65000000,147.40000000,314776.10400000
1749196800,147.40000000,149.61000000,147.24000000,149.10000000,331158.08200000
1749211200,149.11000000,152.39000000,149.11000000,151.08000000,652005.60300000
1749225600,151.09000000,151.56000000,148.46000000,149.09000000,326373.53900000
1749240000,149.10000000,149.97000000,147.68000000,147.83000000,183724.64100000
1749254400,147.82000000,149.71000000,146.84000000,149.46000000,242735.58200000
1749268800,149.47000000,152.84000000,148.99000000,152.38000000,300726.67800000
1749283200,152.37000000,152.72000000,151.23000000,151.45000000,179152.49000000
1749297600,151.45000000,152.42000000,150.71000000,150.99000000,318207.43700000
1749312000,151.00000000,151.61000000,150.15000000,150.58000000,210222.57300000
1749326400,150.57000000,151.49000000,149.76000000,150.06000000,157159.85500000
1749340800,150.07000000,150.35000000,149.15000000,149.85000000,219074.51400000
1749355200,149.85000000,150.51000000,149.13000000,149.31000000,138677.60500000
1749369600,149.30000000,149.71000000,147.88000000,149.62000000,232937.47300000
1749384000,149.62000000,151.19000000,149.02000000,150.70000000,225287.80100000
1749398400,150.69000000,154.52000000,150.64000000,154.46000000,433260.69500000
1749412800,154.47000000,155.30000000,152.13000000,152.45000000,314762.27800000
1749427200,152.45000000,153.17000000,150.79000000,151.54000000,288776.06200000
1749441600,151.54000000,151.87000000,149.58000000,150.88000000,272080.35800000
1749456000,150.87000000,156.61000000,150.40000000,155.62000000,727822.67300000
1749470400,155.62000000,155.83000000,153.07000000,155.02000000,541305.26200000
1749484800,155.02000000,157.01000000,155.00000000,155.75000000,538679.12200000
1749499200,155.76000000,161.73000000,155.72000000,161.16000000,711064.78800000
1749513600,161.16000000,161.82000000,158.69000000,159.17000000,373703.07100000
1749528000,159.18000000,159.61000000,157.40000000,158.45000000,343045.12700000
1749542400,158.46000000,161.51000000,157.15000000,160.85000000,537599.27900000
1749556800,160.85000000,161.99000000,156.32000000,158.02000000,717430.01900000
1749571200,158.03000000,165.48000000,157.10000000,163.61000000,982700.13000000
1749585600,163.61000000,165.67000000,162.86000000,165.12000000,635081.53700000
1749600000,165.12000000,167.46000000,163.43000000,166.67000000,766347.63700000
1749614400,166.67000000,167.15000000,164.35000000,166.65000000,437800.64700000
1749628800,166.65000000,167.19000000,164.00000000,164.50000000,533461.19100000
1749643200,164.50000000,168.36000000,163.73000000,167.26000000,1038023.64600000
1749657600,167.27000000,167.44000000,162.39000000,162.64000000,656756.96900000
1749672000,162.64000000,163.86000000,159.21000000,160.97000000,587034.90900000
1749686400,160.98000000,161.28000000,159.28000000,159.87000000,426395.63800000
1749700800,159.87000000,160.56000000,158.28000000,158.80000000,328952.69200000
1749715200,158.80000000,159.92000000,157.42000000,157.72000000,455771.48200000
1749729600,157.72000000,160.64000000,156.44000000,157.02000000,613689.26200000
1749744000,157.02000000,160.46000000,154.50000000,154.84000000,487995.61400000
1749758400,154.84000000,155.47000000,152.02000000,152.32000000,570671.99700000
1749772800,152.32000000,152.59000000,140.21000000,144.76000000,2280448.40800000
1749787200,144.76000000,145.46000000,142.58000000,145.02000000,711498.21600000
1749801600,145.02000000,146.67000000,143.66000000,145.45000000,672915.64000000
1749816000,145.45000000,147.78000000,143.92000000,147.18000000,730693.91600000
1749830400,147.18000000,148.52000000,144.30000000,145.17000000,627940.56500000
1749844800,145.17000000,148.94000000,144.75000000,148.60000000,316286.03800000
1749859200,148.60000000,148.70000000,146.42000000,146.71000000,303413.94200000
1749873600,146.71000000,147.15000000,145.54000000,146.18000000,221756.17900000
1749888000,146.17000000,146.21000000,144.93000000,145.86000000,192168.76900000
1749902400,145.85000000,145.95000000,143.80000000,144.54000000,340759.98000000
1749916800,144.53000000,145.11000000,142.92000000,143.50000000,341155.24300000
1749931200,143.51000000,145.01000000,141.97000000,144.64000000,280740.63800000
1749945600,144.65000000,146.05000000,144.60000000,145.75000000,195420.06800000
1749960000,145.75000000,148.10000000,145.68000000,145.87000000,365597.82700000
1749974400,145.87000000,146.71000000,144.22000000,146.36000000,297480.12900000
1749988800,146.35000000,152.97000000,146.16000000,150.84000000,928987.12600000
1750003200,150.84000000,153.54000000,150.18000000,152.23000000,516532.46300000
1750017600,152.23000000,153.00000000,148.15000000,152.97000000,527982.00300000
1750032000,152.97000000,157.41000000,150.99000000,155.58000000,938467.77700000
1750046400,155.59000000,157.95000000,155.51000000,157.28000000,419157.50500000
1750060800,157.27000000,157.50000000,154.81000000,156.48000000,519194.02400000
1750075200,156.48000000,157.78000000,154.68000000,156.58000000,575446.56100000
1750089600,156.58000000,158.80000000,156.35000000,157.79000000,403163.62100000
1750104000,157.80000000,157.86000000,150.30000000,150.72000000,717767.29700000
1750118400,150.73000000,153.98000000,147.47000000,153.36000000,887864.70100000
1750132800,153.37000000,154.33000000,151.91000000,152.67000000,362748.30200000
1750147200,152.67000000,152.90000000,150.18000000,150.53000000,427122.51200000
1750161600,150.53000000,151.43000000,146.52000000,147.62000000,634730.45500000
1750176000,147.62000000,150.39000000,145.61000000,148.87000000,705640.21000000
1750190400,148.87000000,149.25000000,146.26000000,147.57000000,377542.67900000
1750204800,147.58000000,149.10000000,146.54000000,148.37000000,348215.55800000
1750219200,148.38000000,149.28000000,146.89000000,147.99000000,334984.17200000
1750233600,147.99000000,148.56000000,145.34000000,146.52000000,359523.15900000
1750248000,146.52000000,146.77000000,143.76000000,145.74000000,698361.50600000
1750262400,145.74000000,146.51000000,143.65000000,144.71000000,633743.72700000
1750276800,144.71000000,147.92000000,144.09000000,146.34000000,426080.85800000
1750291200,146.35000000,147.90000000,144.96000000,146.58000000,395349.13800000
1750305600,146.58000000,147.16000000,145.00000000,145.07000000,483704.79700000
1750320000,145.08000000,146.50000000,144.85000000,145.09000000,282924.39800000
1750334400,145.10000000,145.50000000,142.92000000,143.16000000,461435.51500000
1750348800,143.16000000,146.04000000,143.11000000,145.48000000,364892.12700000
1750363200,145.48000000,147.45000000,145.03000000,147.04000000,297029.75400000
1750377600,147.04000000,147.54000000,145.41000000,145.44000000,232426.67500000
1750392000,145.45000000,147.78000000,144.30000000,147.47000000,258030.33700000
1750406400,147.48000000,148.81000000,146.91000000,148.17000000,407145.42400000
1750420800,148.17000000,148.37000000,142.35000000,142.86000000,652353.82400000
1750435200,142.86000000,143.00000000,135.69000000,139.82000000,1542973.26400000
1750449600,139.81000000,141.71000000,138.67000000,140.11000000,300397.68500000
1750464000,140.11000000,141.34000000,139.54000000,140.76000000,259040.42600000
1750478400,140.75000000,140.98000000,139.85000000,140.64000000,158434.19300000
1750492800,140.64000000,142.60000000,140.29000000,142.08000000,366231.72700000
1750507200,142.08000000,142.46000000,139.15000000,140.30000000,444706.75000000
1750521600,140.29000000,141.05000000,137.22000000,137.28000000,542044.57000000
1750536000,137.29000000,138.90000000,130.90000000,135.43000000,1055966.47700000
1750550400,135.43000000,137.62000000,133.24000000,135.11000000,708682.13200000
1750564800,135.12000000,136.50000000,134.60000000,134.82000000,309529.39300000
1750579200,134.82000000,135.36000000,131.95000000,133.25000000,370187.07500000
1750593600,133.26000000,133.88000000,126.51000000,128.55000000,1524658.34900000
1750608000,128.56000000,131.48000000,128.29000000,129.06000000,462495.19200000
1750622400,129.07000000,132.56000000,126.00000000,131.71000000,876567.88200000
1750636800,131.71000000,133.53000000,131.53000000,132.67000000,452520.91800000
1750651200,132.67000000,135.01000000,132.35000000,134.38000000,358384.77500000
1750665600,134.38000000,134.88000000,133.25000000,134.09000000,260737.33700000
1750680000,134.10000000,137.50000000,132.91000000,133.43000000,939109.23600000
1750694400,133.44000000,140.27000000,130.68000000,139.79000000,1365362.73300000
1750708800,139.79000000,146.92000000,139.21000000,144.51000000,1197032.66800000
1750723200,144.51000000,144.77000000,142.31000000,143.24000000,411388.60400000
1750737600,143.23000000,146.77000000,142.84000000,144.01000000,550150.12700000
1750752000,144.01000000,145.81000000,143.02000000,144.57000000,468516.73600000
1750766400,144.56000000,145.70000000,143.44000000,144.31000000,550064.71700000
1750780800,144.31000000,146.62000000,142.84000000,143.61000000,481214.15600000
1750795200,143.61000000,145.96000000,143.19000000,145.92000000,280474.74600000
1750809600,145.93000000,146.90000000,145.02000000,145.52000000,285609.18000000
1750824000,145.51000000,147.49000000,144.88000000,147.01000000,294235.67400000
1750838400,147.01000000,147.13000000,145.03000000,146.26000000,347865.25800000
1750852800,146.26000000,147.95000000,143.12000000,143.69000000,717721.41500000
1750867200,143.70000000,144.74000000,142.82000000,144.74000000,339449.35700000
1750881600,144.74000000,145.61000000,142.25000000,143.57000000,248721.02500000
1750896000,143.57000000,148.00000000,143.43000000,145.90000000,391115.19400000
1750910400,145.91000000,146.07000000,144.02000000,145.15000000,313216.46400000
1750924800,145.16000000,145.81000000,143.20000000,143.65000000,310581.21600000
1750939200,143.65000000,143.96000000,141.41000000,143.00000000,569500.52000000
1750953600,143.00000000,143.24000000,140.89000000,142.29000000,359222.78600000
1750968000,142.28000000,143.96000000,138.62000000,139.06000000,578871.76200000
1750982400,139.05000000,141.58000000,137.14000000,141.36000000,486476.14300000
1750996800,141.37000000,142.22000000,140.18000000,140.33000000,272399.69000000
1751011200,140.33000000,142.80000000,140.32000000,142.15000000,332706.69300000
1751025600,142.15000000,143.85000000,141.15000000,143.47000000,456334.69500000
1751040000,143.47000000,144.85000000,140.12000000,141.78000000,525963.65400000
1751054400,141.77000000,143.36000000,141.63000000,142.09000000,397966.27500000
1751068800,142.09000000,143.55000000,141.13000000,143.40000000,295491.48800000
1751083200,143.39000000,146.81000000,143.08000000,146.57000000,417061.84200000
1751097600,146.56000000,147.62000000,145.61000000,147.15000000,673383.91400000
1751112000,147.14000000,148.67000000,145.87000000,148.17000000,356111.12900000
1751126400,148.16000000,152.70000000,148.10000000,150.67000000,729669.41400000
1751140800,150.67000000,151.37000000,150.04000000,150.72000000,186118.89500000
1751155200,150.73000000,151.08000000,149.42000000,149.47000000,321242.27000000
1751169600,149.47000000,150.33000000,149.36000000,150.32000000,168449.03700000
1751184000,150.33000000,152.24000000,149.93000000,151.68000000,318094.46100000
1751198400,151.68000000,152.55000000,150.72000000,150.75000000,353539.03700000
1751212800,150.76000000,152.24000000,149.72000000,151.18000000,291991.88900000
1751227200,151.19000000,154.77000000,150.35000000,153.32000000,696709.47800000
1751241600,153.32000000,154.08000000,151.26000000,151.77000000,451430.28000000
1751256000,151.77000000,152.02000000,149.70000000,150.64000000,349802.72600000
1751270400,150.63000000,151.07000000,149.45000000,150.38000000,307902.96100000
1751284800,150.38000000,159.99000000,149.67000000,157.83000000,1504747.34200000
1751299200,157.83000000,158.46000000,155.32000000,157.77000000,860505.41400000
1751313600,157.77000000,157.80000000,154.50000000,154.81000000,397001.61200000
1751328000,154.82000000,155.64000000,153.17000000,153.94000000,340192.15800000
1751342400,153.93000000,153.93000000,148.82000000,150.07000000,644254.07400000
1751356800,150.06000000,150.07000000,148.14000000,148.84000000,470324.36400000
1751371200,148.85000000,149.29000000,146.24000000,147.22000000,614792.64900000
1751385600,147.22000000,148.45000000,145.33000000,145.46000000,447403.10300000
1751400000,145.46000000,147.02000000,144.85000000,146.88000000,253895.82600000
1751414400,146.87000000,149.25000000,145.85000000,148.87000000,291945.51000000
1751428800,148.86000000,149.92000000,148.32000000,149.09000000,247056.61300000
1751443200,149.10000000,149.99000000,148.39000000,148.62000000,287353.96100000
1751457600,148.61000000,151.58000000,147.12000000,151.31000000,668722.47300000
1751472000,151.31000000,153.64000000,150.33000000,153.02000000,805466.99600000
1751486400,153.02000000,154.47000000,151.97000000,152.27000000,352028.72600000
1751500800,152.28000000,154.02000000,151.77000000,153.42000000,284069.23800000
1751515200,153.41000000,155.95000000,153.22000000,155.61000000,427649.29700000
1751529600,155.61000000,156.35000000,154.13000000,154.53000000,355566.23200000
1751544000,154.53000000,155.26000000,149.86000000,150.18000000,1053851.96900000
1751558400,150.18000000,152.04000000,149.91000000,151.81000000,331389.90200000
1751572800,151.81000000,153.26000000,151.81000000,152.36000000,233691.56700000
1751587200,152.35000000,153.16000000,150.90000000,151.69000000,219950.28000000
1751601600,151.70000000,153.88000000,150.27000000,150.48000000,442284.74400000
1751616000,150.48000000,150.98000000,149.02000000,150.21000000,336622.39000000
1751630400,150.22000000,151.25000000,146.29000000,146.57000000,618399.49800000
1751644800,146.56000000,147.00000000,145.22000000,146.72000000,427611.21700000
1751659200,146.73000000,148.37000000,146.37000000,147.70000000,263218.60700000
1751673600,147.69000000,148.56000000,147.20000000,147.75000000,162640.99500000
1751688000,147.76000000,148.52000000,146.72000000,147.86000000,231282.31100000
1751702400,147.85000000,148.55000000,146.81000000,148.18000000,216066.19200000
1751716800,148.19000000,148.70000000,147.05000000,147.12000000,186496.90600000
1751731200,147.11000000,147.26000000,145.90000000,146.89000000,261454.23300000
1751745600,146.89000000,148.02000000,146.47000000,147.55000000,116023.22300000
1751760000,147.55000000,147.65000000,146.85000000,147.35000000,132096.92700000
1751774400,147.35000000,148.50000000,147.08000000,147.90000000,191658.79300000
1751788800,147.89000000,148.04000000,146.78000000,147.98000000,147586.58600000
1751803200,147.99000000,152.09000000,147.86000000,151.53000000,978174.80000000
1751817600,151.53000000,153.20000000,150.68000000,151.27000000,643531.54600000
1751832000,151.28000000,153.89000000,151.23000000,151.86000000,393811.06600000
1751846400,151.86000000,152.90000000,150.24000000,151.86000000,261498.31000000
1751860800,151.86000000,152.45000000,150.89000000,152.38000000,252161.33500000
1751875200,152.37000000,153.60000000,151.65000000,152.78000000,263725.75700000
1751889600,152.79000000,153.43000000,151.02000000,151.07000000,420369.75000000
1751904000,151.07000000,151.59000000,148.63000000,148.97000000,561944.67100000
1751918400,148.96000000,148.96000000,147.70000000,148.88000000,415027.90000000
1751932800,148.89000000,150.10000000,147.85000000,148.64000000,291723.60200000
1751947200,148.64000000,149.75000000,148.20000000,149.66000000,195490.52800000
1751961600,149.65000000,151.67000000,149.54000000,151.31000000,485861.39400000
1751976000,151.31000000,152.88000000,149.77000000,149.83000000,606860.36100000
1751990400,149.84000000,152.83000000,149.03000000,151.63000000,610032.82400000
1752004800,151.63000000,151.94000000,150.00000000,151.67000000,522900.61400000
1752019200,151.68000000,152.34000000,151.06000000,151.29000000,203649.98800000
1752033600,151.29000000,153.88000000,150.53000000,153.01000000,568484.50100000
1752048000,153.01000000,154.43000000,152.33000000,153.73000000,301686.92900000
1752062400,153.74000000,155.53000000,152.87000000,153.97000000,744915.80200000
1752076800,153.98000000,157.86000000,153.23000000,157.27000000,623183.79100000
1752091200,157.26000000,157.93000000,155.46000000,157.05000000,465298.73700000
1752105600,157.06000000,159.34000000,155.93000000,157.35000000,337576.40200000
1752120000,157.35000000,158.63000000,156.67000000,157.89000000,307194.32800000
1752134400,157.90000000,159.17000000,157.16000000,157.65000000,242425.44000000
1752148800,157.66000000,158.37000000,155.64000000,156.43000000,522859.23200000
1752163200,156.44000000,161.18000000,156.16000000,159.34000000,1013216.63600000
1752177600,159.34000000,165.43000000,159.23000000,164.34000000,1005110.31100000
1752192000,164.33000000,165.40000000,161.94000000,165.22000000,518721.55900000
1752206400,165.22000000,166.80000000,163.14000000,163.27000000,756764.80000000
1752220800,163.28000000,165.38000000,163.28000000,163.87000000,412025.87900000
1752235200,163.88000000,168.20000000,161.78000000,162.34000000,1345966.15900000
1752249600,162.34000000,165.03000000,161.27000000,164.58000000,703844.23500000
1752264000,164.58000000,164.83000000,159.54000000,162.93000000,616857.08100000
1752278400,162.92000000,163.90000000,161.78000000,163.45000000,283317.85400000
1752292800,163.46000000,163.84000000,162.03000000,163.22000000,231949.41200000
1752307200,163.21000000,163.43000000,161.41000000,161.62000000,253373.53900000
1752321600,161.62000000,161.81000000,157.74000000,158.14000000,826526.97400000
1752336000,158.14000000,160.75000000,157.93000000,160.71000000,289431.52200000
1752350400,160.71000000,160.94000000,158.94000000,160.69000000,158612.64100000
1752364800,160.70000000,161.78000000,160.20000000,161.21000000,206427.79600000
1752379200,161.21000000,162.98000000,161.04000000,162.67000000,240939.83200000
1752393600,162.67000000,162.74000000,161.57000000,162.06000000,169802.19600000
1752408000,162.06000000,164.19000000,161.79000000,162.04000000,460783.79800000
1752422400,162.04000000,163.55000000,160.53000000,162.54000000,423197.45200000
1752436800,162.53000000,163.06000000,159.63000000,161.15000000,428594.77700000
1752451200,161.15000000,168.20000000,160.61000000,167.11000000,844220.10300000
1752465600,167.11000000,168.65000000,165.37000000,167.25000000,845339.49000000
1752480000,167.26000000,168.15000000,166.04000000,166.53000000,513407.23900000
1752494400,166.53000000,168.60000000,163.04000000,163.96000000,821594.12900000
1752508800,163.96000000,165.35000000,162.42000000,164.30000000,537141.03400000
1752523200,164.31000000,164.31000000,161.67000000,162.21000000,412004.53800000
1752537600,162.21000000,162.89000000,158.17000000,159.15000000,700903.11000000
1752552000,159.14000000,160.87000000,158.26000000,159.54000000,376259.66800000
1752566400,159.54000000,160.14000000,158.39000000,159.86000000,359129.82900000
1752580800,159.87000000,162.17000000,157.23000000,160.47000000,939668.52700000
1752595200,160.46000000,163.70000000,159.98000000,160.22000000,818422.08500000
1752609600,160.22000000,164.26000000,159.71000000,163.98000000,470912.53400000
1752624000,163.98000000,165.26000000,161.51000000,162.50000000,491283.40400000
1752638400,162.51000000,164.64000000,161.79000000,164.05000000,303621.47900000
1752652800,164.05000000,167.58000000,163.81000000,166.66000000,775699.80100000
1752667200,166.66000000,168.84000000,165.40000000,168.45000000,1075941.56700000
1752681600,168.45000000,174.70000000,168.40000000,174.16000000,1541209.53500000
1752696000,174.15000000,176.00000000,172.37000000,173.63000000,832532.33700000
1752710400,173.62000000,174.85000000,168.71000000,169.54000000,769849.32200000
1752724800,169.53000000,174.17000000,169.24000000,174.02000000,552386.65900000
1752739200,174.02000000,178.19000000,172.67000000,176.17000000,808987.94300000
1752753600,176.16000000,177.54000000,172.78000000,174.13000000,855184.44400000
1752768000,174.12000000,175.42000000,171.21000000,173.05000000,620916.80900000
1752782400,173.05000000,177.40000000,171.34000000,175.87000000,884230.55000000
1752796800,175.88000000,181.15000000,175.29000000,180.80000000,991006.96500000
1752811200,180.79000000,184.67000000,179.86000000,180.94000000,1288132.83600000
1752825600,180.93000000,181.97000000,177.10000000,178.46000000,660085.16200000
1752840000,178.45000000,182.02000000,174.86000000,177.02000000,1101371.57600000
1752854400,177.02000000,179.11000000,176.15000000,176.99000000,511602.66300000
1752868800,176.98000000,177.62000000,173.24000000,177.28000000,639653.96600000
1752883200,177.28000000,177.69000000,174.00000000,177.45000000,354342.52200000
1752897600,177.45000000,177.77000000,176.10000000,176.99000000,291461.05500000
1752912000,176.99000000,177.81000000,175.41000000,176.59000000,226657.40900000
1752926400,176.60000000,177.88000000,174.80000000,177.40000000,472760.52800000
1752940800,177.41000000,178.19000000,176.12000000,177.04000000,248145.00500000
1752955200,177.04000000,178.61000000,174.91000000,176.96000000,465948.48900000
1752969600,176.97000000,179.75000000,176.33000000,177.98000000,729412.70300000
1752984000,177.97000000,178.67000000,176.94000000,177.94000000,258410.01000000
1752998400,177.95000000,181.51000000,177.95000000,180.44000000,484114.25500000
1753012800,180.44000000,183.17000000,179.96000000,181.96000000,814946.35900000
1753027200,181.97000000,183.66000000,180.25000000,181.99000000,762318.50900000
1753041600,182.00000000,182.39000000,177.80000000,181.43000000,645653.07900000
1753056000,181.44000000,187.04000000,178.25000000,186.71000000,938605.84800000
1753070400,186.71000000,191.08000000,185.06000000,190.07000000,895269.54500000
1753084800,190.06000000,192.99000000,189.69000000,191.40000000,1168585.82500000
1753099200,191.39000000,199.28000000,190.22000000,196.79000000,1643494.92400000
1753113600,196.79000000,197.25000000,193.01000000,194.63000000,1305545.55700000
1753128000,194.64000000,197.78000000,193.64000000,195.72000000,544405.48000000
1753142400,195.72000000,204.67000000,193.75000000,200.09000000,2435412.98700000
1753156800,200.08000000,201.32000000,194.10000000,198.10000000,1542930.55000000
1753171200,198.10000000,200.15000000,194.05000000,199.91000000,1047292.01200000
1753185600,199.91000000,204.99000000,196.95000000,201.83000000,1916439.91500000
1753200000,201.82000000,204.24000000,198.39000000,198.92000000,1020851.72700000
1753214400,198.91000000,206.30000000,198.39000000,205.70000000,672699.98200000
1753228800,205.70000000,205.75000000,200.99000000,201.39000000,641791.74500000
1753243200,201.40000000,202.26000000,198.88000000,199.46000000,446529.36500000
1753257600,199.47000000,200.00000000,195.86000000,197.42000000,573102.72000000
1753272000,197.41000000,197.57000000,187.61000000,192.72000000,1924581.79000000
1753286400,192.72000000,192.75000000,186.01000000,188.08000000,1017136.74000000
1753300800,188.09000000,190.04000000,183.97000000,189.40000000,944995.13900000
1753315200,189.40000000,191.87000000,188.48000000,189.85000000,505356.64900000
1753329600,189.85000000,190.12000000,179.21000000,184.21000000,1272610.88000000
1753344000,184.20000000,186.92000000,182.92000000,186.40000000,679593.95800000
1753358400,186.41000000,191.76000000,183.36000000,188.53000000,1133457.46100000
1753372800,188.54000000,190.04000000,184.85000000,187.99000000,821896.49600000
1753387200,187.99000000,189.06000000,182.01000000,182.87000000,804149.42700000
1753401600,182.88000000,183.54000000,175.63000000,177.71000000,1090465.70300000
1753416000,177.72000000,179.78000000,175.91000000,177.51000000,749156.28000000
1753430400,177.51000000,182.08000000,176.86000000,181.12000000,818502.62000000
1753444800,181.12000000,181.89000000,176.24000000,178.20000000,796177.26300000
1753459200,178.19000000,182.84000000,177.47000000,182.17000000,618370.93900000
1753473600,182.16000000,186.85000000,182.08000000,186.76000000,408637.63500000
1753488000,186.75000000,186.93000000,184.48000000,185.97000000,351534.60400000
1753502400,185.97000000,187.14000000,185.63000000,186.43000000,210088.88400000
1753516800,186.43000000,189.78000000,186.42000000,187.74000000,426910.75600000
1753531200,187.75000000,188.48000000,186.05000000,187.52000000,307043.38200000
1753545600,187.53000000,187.80000000,185.06000000,186.45000000,232333.33300000
1753560000,186.44000000,186.76000000,184.29000000,184.88000000,245542.91600000
1753574400,184.89000000,187.59000000,184.53000000,187.19000000,210948.80000000
1753588800,187.19000000,188.33000000,186.62000000,187.22000000,230105.75100000
1753603200,187.22000000,188.57000000,186.18000000,187.01000000,268813.94600000
1753617600,187.02000000,187.34000000,184.90000000,186.47000000,381338.10000000
1753632000,186.48000000,189.76000000,185.95000000,186.92000000,648131.86500000
1753646400,186.92000000,190.70000000,186.44000000,188.64000000,493721.67100000
1753660800,188.64000000,193.82000000,187.66000000,193.35000000,644448.78200000
1753675200,193.34000000,195.26000000,191.64000000,192.37000000,661554.84700000
1753689600,192.36000000,193.36000000,190.63000000,192.00000000,362433.14800000
1753704000,192.00000000,193.52000000,186.55000000,187.18000000,1015953.29600000
1753718400,187.18000000,187.99000000,183.45000000,185.26000000,825859.99500000
1753732800,185.25000000,185.53000000,182.16000000,183.11000000,557622.05900000
1753747200,183.10000000,184.72000000,180.67000000,184.33000000,592652.60800000
1753761600,184.34000000,186.68000000,183.21000000,186.05000000,365000.50900000
1753776000,186.04000000,186.51000000,182.24000000,182.93000000,307758.30000000
1753790400,182.93000000,184.99000000,179.23000000,180.81000000,610963.14800000
1753804800,180.81000000,182.37000000,178.30000000,181.11000000,379320.93500000
1753819200,181.11000000,182.00000000,179.30000000,181.48000000,286216.53600000
1753833600,181.47000000,182.37000000,178.81000000,181.69000000,343986.51900000
1753848000,181.69000000,182.56000000,179.34000000,180.83000000,243801.36500000
1753862400,180.83000000,181.49000000,176.42000000,177.30000000,562755.28100000
1753876800,177.29000000,180.59000000,176.65000000,179.18000000,689632.12600000
1753891200,179.17000000,180.15000000,170.29000000,176.12000000,1115046.78900000
1753905600,176.12000000,178.09000000,174.76000000,177.77000000,342028.10700000
1753920000,177.77000000,180.55000000,177.62000000,180.31000000,287253.06600000
1753934400,180.31000000,181.62000000,179.81000000,181.24000000,314782.37900000
1753948800,181.24000000,182.70000000,180.24000000,180.74000000,283519.11500000
1753963200,180.75000000,180.89000000,175.25000000,177.35000000,679543.02100000
1753977600,177.34000000,179.77000000,174.75000000,175.32000000,538100.34400000
1753992000,175.31000000,175.74000000,171.44000000,172.22000000,521643.85800000
1754006400,172.22000000,172.26000000,167.42000000,171.14000000,1030707.54800000
1754020800,171.14000000,171.14000000,167.96000000,169.40000000,449244.62300000
1754035200,169.41000000,169.41000000,166.19000000,169.20000000,539365.52800000
1754049600,169.19000000,170.35000000,164.58000000,168.57000000,774051.49100000
1754064000,168.56000000,169.75000000,165.10000000,166.47000000,634786.47100000
1754078400,166.47000000,166.82000000,159.20000000,162.71000000,889373.65400000
1754092800,162.71000000,165.02000000,162.56000000,164.36000000,237465.75800000
1754107200,164.37000000,165.30000000,161.82000000,164.43000000,251898.35300000
1754121600,164.44000000,165.13000000,162.22000000,164.51000000,222570.06600000
1754136000,164.50000000,164.94000000,161.03000000,161.50000000,262590.49500000
1754150400,161.51000000,162.20000000,155.83000000,157.44000000,847412.89200000
1754164800,157.45000000,159.81000000,157.04000000,158.48000000,386237.51100000
1754179200,158.49000000,161.07000000,156.28000000,160.86000000,344099.03800000
1754193600,160.86000000,161.59000000,160.03000000,161.37000000,225275.13700000
1754208000,161.37000000,162.90000000,160.68000000,161.47000000,286152.30900000
1754222400,161.47000000,162.35000000,160.37000000,162.11000000,376515.51100000
1754236800,162.10000000,162.75000000,161.12000000,161.65000000,535750.88900000
1754251200,161.64000000,163.14000000,160.75000000,161.97000000,530116.42700000
1754265600,161.98000000,164.98000000,161.42000000,162.98000000,406904.18800000
1754280000,162.98000000,163.41000000,161.26000000,163.03000000,283658.72200000
1754294400,163.04000000,164.08000000,161.64000000,162.38000000,375487.92100000
1754308800,162.39000000,166.91000000,162.14000000,165.49000000,677494.66500000
1754323200,165.49000000,169.80000000,165.00000000,165.65000000,540242.32900000
1754337600,165.64000000,169.78000000,165.30000000,169.55000000,405166.33300000
1754352000,169.55000000,169.97000000,167.57000000,167.92000000,280719.37100000
1754366400,167.92000000,169.28000000,165.78000000,166.22000000,320599.33400000
1754380800,166.21000000,171.73000000,165.66000000,170.89000000,401901.21200000
1754395200,170.89000000,171.04000000,162.90000000,163.78000000,907980.60600000
1754409600,163.77000000,164.94000000,162.28000000,162.76000000,432796.16200000
1754424000,162.76000000,164.54000000,161.30000000,164.09000000,210961.32400000
1754438400,164.09000000,164.17000000,161.13000000,161.86000000,204645.35900000
1754452800,161.86000000,164.79000000,161.25000000,164.25000000,216024.25600000
1754467200,164.26000000,164.64000000,162.72000000,164.20000000,252055.09100000
1754481600,164.20000000,169.42000000,162.65000000,169.04000000,602980.61800000
1754496000,169.05000000,169.93000000,167.18000000,168.82000000,360608.53000000
1754510400,168.82000000,168.85000000,167.32000000,168.09000000,161177.57500000
1754524800,168.10000000,169.00000000,166.70000000,166.89000000,199853.99800000
1754539200,166.90000000,170.45000000,166.76000000,169.99000000,366454.60200000
1754553600,169.99000000,173.49000000,169.06000000,172.82000000,686547.09800000
1754568000,172.83000000,173.18000000,169.70000000,170.49000000,728069.88500000
1754582400,170.48000000,171.94000000,167.00000000,171.75000000,486405.74600000
1754596800,171.76000000,175.51000000,171.52000000,175.36000000,547331.66600000
1754611200,175.37000000,175.92000000,173.43000000,174.71000000,734440.62000000
1754625600,174.71000000,177.87000000,173.88000000,177.14000000,447839.86200000
1754640000,177.13000000,177.95000000,174.88000000,177.65000000,516005.68100000
1754654400,177.65000000,179.14000000,174.21000000,175.23000000,925795.32700000
1754668800,175.23000000,179.66000000,175.01000000,178.47000000,810991.13600000
1754683200,178.46000000,178.76000000,176.62000000,176.78000000,243718.02900000
1754697600,176.79000000,179.02000000,176.64000000,177.26000000,311928.36400000
1754712000,177.26000000,182.15000000,176.94000000,180.62000000,853393.77700000
1754726400,180.62000000,183.35000000,180.39000000,180.79000000,576042.36400000
1754740800,180.78000000,182.49000000,178.92000000,180.09000000,607724.28000000
1754755200,180.10000000,182.70000000,179.46000000,182.14000000,400314.35800000
1754769600,182.13000000,183.45000000,179.72000000,179.95000000,576101.24400000
1754784000,179.96000000,185.99000000,179.81000000,184.98000000,1105247.34400000
1754798400,184.98000000,186.18000000,177.66000000,178.94000000,913480.45600000
1754812800,178.94000000,181.05000000,177.51000000,179.97000000,655245.38700000
1754827200,179.98000000,182.40000000,178.52000000,181.54000000,521923.42300000
1754841600,181.54000000,183.30000000,181.21000000,182.80000000,330271.28500000
1754856000,182.80000000,183.94000000,181.27000000,182.66000000,671119.39200000
1754870400,182.67000000,185.80000000,181.27000000,185.14000000,754514.27200000
1754884800,185.13000000,186.80000000,182.79000000,182.97000000,680536.45400000
1754899200,182.97000000,184.67000000,178.35000000,179.08000000,614257.10100000
1754913600,179.07000000,180.52000000,177.23000000,180.19000000,790856.83000000
1754928000,180.19000000,181.77000000,175.54000000,176.62000000,610097.07800000
1754942400,176.62000000,176.88000000,173.43000000,174.84000000,510481.79600000
1754956800,174.83000000,176.74000000,174.64000000,175.53000000,293670.15600000
1754971200,175.53000000,176.64000000,173.60000000,175.90000000,381070.52200000
1754985600,175.90000000,176.51000000,173.72000000,175.23000000,401457.59300000
1755000000,175.23000000,182.10000000,174.73000000,181.70000000,1334137.60900000
1755014400,181.70000000,191.14000000,180.77000000,190.64000000,1637090.09000000
1755028800,190.65000000,193.76000000,189.59000000,191.78000000,1026922.18700000
1755043200,191.77000000,199.54000000,191.48000000,197.73000000,1713090.00000000
1755057600,197.74000000,200.10000000,195.18000000,198.74000000,1029526.36800000
1755072000,198.74000000,202.71000000,197.61000000,201.00000000,1090204.61900000
1755086400,201.00000000,204.96000000,194.15000000,197.44000000,1935714.89200000
1755100800,197.43000000,202.20000000,197.01000000,202.08000000,843086.36500000
1755115200,202.09000000,203.33000000,199.83000000,201.51000000,537104.03500000
1755129600,201.51000000,209.04000000,200.59000000,207.94000000,1571108.83400000
1755144000,207.94000000,209.86000000,204.02000000,205.66000000,1258405.18300000
1755158400,205.67000000,205.85000000,201.77000000,203.62000000,1039760.82800000
1755172800,203.61000000,205.46000000,186.68000000,194.85000000,3492259.23500000
1755187200,194.86000000,195.51000000,190.25000000,192.91000000,907917.56700000
1755201600,192.91000000,193.24000000,187.32000000,192.47000000,696155.66700000
1755216000,192.46000000,195.60000000,191.94000000,195.15000000,517703.82500000
1755230400,195.14000000,198.07000000,194.44000000,196.95000000,603957.87500000
1755244800,196.95000000,197.59000000,193.63000000,194.32000000,439776.79600000
1755259200,194.32000000,196.19000000,184.36000000,185.55000000,1407910.53200000
1755273600,185.55000000,186.90000000,183.30000000,183.89000000,855718.07200000
1755288000,183.88000000,188.26000000,183.37000000,185.72000000,535220.29600000
1755302400,185.71000000,188.36000000,185.34000000,187.10000000,451977.40600000
1755316800,187.09000000,189.65000000,186.11000000,189.12000000,347015.95600000
1755331200,189.12000000,189.23000000,185.39000000,185.74000000,441804.36000000
1755345600,185.75000000,189.47000000,185.20000000,188.79000000,461355.92200000
1755360000,188.78000000,189.36000000,187.08000000,188.69000000,208056.10500000
1755374400,188.68000000,190.06000000,187.94000000,189.60000000,189608.69900000
1755388800,189.61000000,191.94000000,187.35000000,191.61000000,362012.91800000
1755403200,191.61000000,193.55000000,191.33000000,191.88000000,372180.76400000
1755417600,191.89000000,193.87000000,191.53000000,193.58000000,435766.84300000
1755432000,193.58000000,195.49000000,191.91000000,195.47000000,370457.98300000
1755446400,195.48000000,195.89000000,192.77000000,193.52000000,175057.96400000
