entry_mode,vol_buy_x,ema_fast,ema_slow,base_k,ratio_max,atr_mult,tp_mult,cooldown,trades,wins,losses,win_rate_pct,equity_multiple
either,0.8,20,100,1.6,1.4,1.5,2.0,1,18,7,11,38.889,0.913285
either,0.8,20,100,1.6,1.4,1.5,2.0,2,18,7,11,38.889,0.906818
either,0.8,20,100,1.6,1.4,1.5,3.0,1,18,7,11,38.889,0.926089
either,0.8,20,100,1.6,1.4,1.5,3.0,2,18,7,11,38.889,0.910044
either,0.8,20,100,1.6,1.4,2.0,2.0,1,17,8,9,47.059,0.929611
either,0.8,20,100,1.6,1.4,2.0,2.0,2,16,7,9,43.75,0.908422
either,0.8,20,100,1.6,1.4,2.0,3.0,1,17,8,9,47.059,0.942644
either,0.8,20,100,1.6,1.4,2.0,3.0,2,16,7,9,43.75,0.911653
either,0.8,20,100,1.6,1.6,1.5,2.0,1,18,7,11,38.889,0.913285
either,0.8,20,100,1.6,1.6,1.5,2.0,2,17,7,10,41.176,0.929899
either,0.8,20,100,1.6,1.6,1.5,3.0,1,18,7,11,38.889,0.926089
either,0.8,20,100,1.6,1.6,1.5,3.0,2,17,7,10,41.176,0.933207
either,0.8,20,100,1.6,1.6,2.0,2.0,1,17,8,9,47.059,0.929611
either,0.8,20,100,1.6,1.6,2.0,2.0,2,15,7,8,46.667,0.929604
either,0.8,20,100,1.6,1.6,2.0,3.0,1,17,8,9,47.059,0.942644
either,0.8,20,100,1.6,1.6,2.0,3.0,2,15,7,8,46.667,0.932911
either,0.8,20,100,1.8,1.4,1.5,2.0,1,18,7,11,38.889,0.920885
either,0.8,20,100,1.8,1.4,1.5,2.0,2,17,7,10,41.176,0.939617
either,0.8,20,100,1.8,1.4,1.5,3.0,1,17,7,10,41.176,0.932353
either,0.8,20,100,1.8,1.4,1.5,3.0,2,16,7,9,43.75,0.951319
either,0.8,20,100,1.8,1.4,2.0,2.0,1,17,8,9,47.059,0.937346
either,0.8,20,100,1.8,1.4,2.0,2.0,2,15,7,8,46.667,0.939319
either,0.8,20,100,1.8,1.4,2.0,3.0,1,16,8,8,50.0,0.95127
either,0.8,20,100,1.8,1.4,2.0,3.0,2,15,7,8,46.667,0.952228
either,0.8,20,100,1.8,1.6,1.5,2.0,1,18,7,11,38.889,0.927485
either,0.8,20,100,1.8,1.6,1.5,2.0,2,17,7,10,41.176,0.946351
either,0.8,20,100,1.8,1.6,1.5,3.0,1,17,7,10,41.176,0.924355
either,0.8,20,100,1.8,1.6,1.5,3.0,2,16,7,9,43.75,0.943158
either,0.8,20,100,1.8,1.6,2.0,2.0,1,17,8,9,47.059,0.944064
either,0.8,20,100,1.8,1.6,2.0,2.0,2,15,7,8,46.667,0.946051
either,0.8,20,100,1.8,1.6,2.0,3.0,1,16,8,8,50.0,0.943109
either,0.8,20,100,1.8,1.6,2.0,3.0,2,15,7,8,46.667,0.944059
either,0.8,20,200,1.6,1.4,1.5,2.0,1,15,3,12,20.0,0.88637
either,0.8,20,200,1.6,1.4,1.5,2.0,2,15,3,12,20.0,0.886864
either,0.8,20,200,1.6,1.4,1.5,3.0,1,15,3,12,20.0,0.88637
either,0.8,20,200,1.6,1.4,1.5,3.0,2,15,3,12,20.0,0.886864
either,0.8,20,200,1.6,1.4,2.0,2.0,1,13,3,10,23.077,0.891791
either,0.8,20,200,1.6,1.4,2.0,2.0,2,12,2,10,16.667,0.878167
either,0.8,20,200,1.6,1.4,2.0,3.0,1,13,3,10,23.077,0.891791
either,0.8,20,200,1.6,1.4,2.0,3.0,2,12,2,10,16.667,0.878167
either,0.8,20,200,1.6,1.6,1.5,2.0,1,15,3,12,20.0,0.88637
either,0.8,20,200,1.6,1.6,1.5,2.0,2,14,3,11,21.429,0.9044
either,0.8,20,200,1.6,1.6,1.5,3.0,1,15,3,12,20.0,0.88637
either,0.8,20,200,1.6,1.6,1.5,3.0,2,14,3,11,21.429,0.9044
either,0.8,20,200,1.6,1.6,2.0,2.0,1,13,3,10,23.077,0.891791
either,0.8,20,200,1.6,1.6,2.0,2.0,2,11,2,9,18.182,0.893667
either,0.8,20,200,1.6,1.6,2.0,3.0,1,13,3,10,23.077,0.891791
either,0.8,20,200,1.6,1.6,2.0,3.0,2,11,2,9,18.182,0.893667
either,0.8,20,200,1.8,1.4,1.5,2.0,1,14,2,12,14.286,0.879747
either,0.8,20,200,1.8,1.4,1.5,2.0,2,13,2,11,15.385,0.897643
either,0.8,20,200,1.8,1.4,1.5,3.0,1,13,2,11,15.385,0.878629
either,0.8,20,200,1.8,1.4,1.5,3.0,2,12,2,10,16.667,0.896501
either,0.8,20,200,1.8,1.4,2.0,2.0,1,13,3,10,23.077,0.891791
either,0.8,20,200,1.8,1.4,2.0,2.0,2,11,2,9,18.182,0.893667
either,0.8,20,200,1.8,1.4,2.0,3.0,1,12,3,9,25.0,0.892768
either,0.8,20,200,1.8,1.4,2.0,3.0,2,11,2,9,18.182,0.893667
either,0.8,20,200,1.8,1.6,1.5,2.0,1,14,2,12,14.286,0.879747
either,0.8,20,200,1.8,1.6,1.5,2.0,2,13,2,11,15.385,0.897643
either,0.8,20,200,1.8,1.6,1.5,3.0,1,13,2,11,15.385,0.878629
either,0.8,20,200,1.8,1.6,1.5,3.0,2,12,2,10,16.667,0.896501
either,0.8,20,200,1.8,1.6,2.0,2.0,1,13,3,10,23.077,0.891791
either,0.8,20,200,1.8,1.6,2.0,2.0,2,11,2,9,18.182,0.893667
either,0.8,20,200,1.8,1.6,2.0,3.0,1,12,3,9,25.0,0.892768
either,0.8,20,200,1.8,1.6,2.0,3.0,2,11,2,9,18.182,0.893667
either,0.8,50,100,1.6,1.4,1.5,2.0,1,20,7,13,35.0,0.897274
either,0.8,50,100,1.6,1.4,1.5,2.0,2,19,7,12,36.842,0.901326
either,0.8,50,100,1.6,1.4,1.5,3.0,1,20,7,13,35.0,0.909854
either,0.8,50,100,1.6,1.4,1.5,3.0,2,19,7,12,36.842,0.904532
either,0.8,50,100,1.6,1.4,2.0,2.0,1,18,7,11,38.889,0.901492
either,0.8,50,100,1.6,1.4,2.0,2.0,2,16,6,10,37.5,0.895775
either,0.8,50,100,1.6,1.4,2.0,3.0,1,18,7,11,38.889,0.914131
either,0.8,50,100,1.6,1.4,2.0,3.0,2,16,6,10,37.5,0.898961
either,0.8,50,100,1.6,1.6,1.5,2.0,1,20,7,13,35.0,0.897274
either,0.8,50,100,1.6,1.6,1.5,2.0,2,18,7,11,38.889,0.924267
either,0.8,50,100,1.6,1.6,1.5,3.0,1,20,7,13,35.0,0.909854
either,0.8,50,100,1.6,1.6,1.5,3.0,2,18,7,11,38.889,0.927555
either,0.8,50,100,1.6,1.6,2.0,2.0,1,18,7,11,38.889,0.901492
either,0.8,50,100,1.6,1.6,2.0,2.0,2,15,6,9,40.0,0.916662
either,0.8,50,100,1.6,1.6,2.0,3.0,1,18,7,11,38.889,0.914131
either,0.8,50,100,1.6,1.6,2.0,3.0,2,15,6,9,40.0,0.919923
either,0.8,50,100,1.8,1.4,1.5,2.0,1,19,6,13,31.579,0.895845
either,0.8,50,100,1.8,1.4,1.5,2.0,2,17,6,11,35.294,0.924744
either,0.8,50,100,1.8,1.4,1.5,3.0,1,18,6,12,33.333,0.897888
either,0.8,50,100,1.8,1.4,1.5,3.0,2,16,6,10,37.5,0.926853
either,0.8,50,100,1.8,1.4,2.0,2.0,1,18,7,11,38.889,0.906832
either,0.8,50,100,1.8,1.4,2.0,2.0,2,15,6,9,40.0,0.924039
either,0.8,50,100,1.8,1.4,2.0,3.0,1,17,7,10,41.176,0.911055
either,0.8,50,100,1.8,1.4,2.0,3.0,2,15,6,9,40.0,0.927326
either,0.8,50,100,1.8,1.6,1.5,2.0,1,19,6,13,31.579,0.902266
either,0.8,50,100,1.8,1.6,1.5,2.0,2,17,6,11,35.294,0.931371
either,0.8,50,100,1.8,1.6,1.5,3.0,1,18,6,12,33.333,0.890185
either,0.8,50,100,1.8,1.6,1.5,3.0,2,16,6,10,37.5,0.918902
either,0.8,50,100,1.8,1.6,2.0,2.0,1,18,7,11,38.889,0.913331
either,0.8,50,100,1.8,1.6,2.0,2.0,2,15,6,9,40.0,0.930662
either,0.8,50,100,1.8,1.6,2.0,3.0,1,17,7,10,41.176,0.903239
either,0.8,50,100,1.8,1.6,2.0,3.0,2,15,6,9,40.0,0.91937
either,0.8,50,200,1.6,1.4,1.5,2.0,1,16,3,13,18.75,0.864387
either,0.8,50,200,1.6,1.4,1.5,2.0,2,16,3,13,18.75,0.861117
either,0.8,50,200,1.6,1.4,1.5,3.0,1,16,3,13,18.75,0.864387
either,0.8,50,200,1.6,1.4,1.5,3.0,2,16,3,13,18.75,0.861117
either,0.8,50,200,1.6,1.4,2.0,2.0,1,14,3,11,21.429,0.86845
either,0.8,50,200,1.6,1.4,2.0,2.0,2,13,2,11,15.385,0.854835
either,0.8,50,200,1.6,1.4,2.0,3.0,1,14,3,11,21.429,0.86845
either,0.8,50,200,1.6,1.4,2.0,3.0,2,13,2,11,15.385,0.854835
either,0.8,50,200,1.6,1.6,1.5,2.0,1,16,3,13,18.75,0.864387
either,0.8,50,200,1.6,1.6,1.5,2.0,2,15,3,12,20.0,0.878145
either,0.8,50,200,1.6,1.6,1.5,3.0,1,16,3,13,18.75,0.864387
either,0.8,50,200,1.6,1.6,1.5,3.0,2,15,3,12,20.0,0.878145
either,0.8,50,200,1.6,1.6,2.0,2.0,1,14,3,11,21.429,0.86845
either,0.8,50,200,1.6,1.6,2.0,2.0,2,12,2,10,16.667,0.869923
either,0.8,50,200,1.6,1.6,2.0,3.0,1,14,3,11,21.429,0.86845
either,0.8,50,200,1.6,1.6,2.0,3.0,2,12,2,10,16.667,0.869923
either,0.8,50,200,1.8,1.4,1.5,2.0,1,14,2,12,14.286,0.87291
either,0.8,50,200,1.8,1.4,1.5,2.0,2,13,2,11,15.385,0.886804
either,0.8,50,200,1.8,1.4,1.5,3.0,1,13,2,11,15.385,0.8718
either,0.8,50,200,1.8,1.4,1.5,3.0,2,12,2,10,16.667,0.885676
either,0.8,50,200,1.8,1.4,2.0,2.0,1,13,3,10,23.077,0.883616
either,0.8,50,200,1.8,1.4,2.0,2.0,2,11,2,9,18.182,0.885114
either,0.8,50,200,1.8,1.4,2.0,3.0,1,12,3,9,25.0,0.884584
either,0.8,50,200,1.8,1.4,2.0,3.0,2,11,2,9,18.182,0.885114
either,0.8,50,200,1.8,1.6,1.5,2.0,1,14,2,12,14.286,0.87291
either,0.8,50,200,1.8,1.6,1.5,2.0,2,13,2,11,15.385,0.886804
either,0.8,50,200,1.8,1.6,1.5,3.0,1,13,2,11,15.385,0.8718
either,0.8,50,200,1.8,1.6,1.5,3.0,2,12,2,10,16.667,0.885676
either,0.8,50,200,1.8,1.6,2.0,2.0,1,13,3,10,23.077,0.883616
either,0.8,50,200,1.8,1.6,2.0,2.0,2,11,2,9,18.182,0.885114
either,0.8,50,200,1.8,1.6,2.0,3.0,1,12,3,9,25.0,0.884584
either,0.8,50,200,1.8,1.6,2.0,3.0,2,11,2,9,18.182,0.885114
either,0.9,20,100,1.6,1.4,1.5,2.0,1,17,7,10,41.176,0.926813
either,0.9,20,100,1.6,1.4,1.5,2.0,2,17,7,10,41.176,0.914553
either,0.9,20,100,1.6,1.4,1.5,3.0,1,17,7,10,41.176,0.939807
either,0.9,20,100,1.6,1.4,1.5,3.0,2,17,7,10,41.176,0.917806
either,0.9,20,100,1.6,1.4,2.0,2.0,1,16,8,8,50.0,0.943381
either,0.9,20,100,1.6,1.4,2.0,2.0,2,15,7,8,46.667,0.91617
either,0.9,20,100,1.6,1.4,2.0,3.0,1,16,8,8,50.0,0.956607
either,0.9,20,100,1.6,1.4,2.0,3.0,2,15,7,8,46.667,0.919429
either,0.9,20,100,1.6,1.6,1.5,2.0,1,17,7,10,41.176,0.926813
either,0.9,20,100,1.6,1.6,1.5,2.0,2,16,7,9,43.75,0.937832
either,0.9,20,100,1.6,1.6,1.5,3.0,1,17,7,10,41.176,0.939807
either,0.9,20,100,1.6,1.6,1.5,3.0,2,16,7,9,43.75,0.941167
either,0.9,20,100,1.6,1.6,2.0,2.0,1,16,8,8,50.0,0.943381
either,0.9,20,100,1.6,1.6,2.0,2.0,2,14,7,7,50.0,0.937533
either,0.9,20,100,1.6,1.6,2.0,3.0,1,16,8,8,50.0,0.956607
either,0.9,20,100,1.6,1.6,2.0,3.0,2,14,7,7,50.0,0.940868
either,0.9,20,100,1.8,1.4,1.5,2.0,1,17,7,10,41.176,0.934526
either,0.9,20,100,1.8,1.4,1.5,2.0,2,16,7,9,43.75,0.947632
either,0.9,20,100,1.8,1.4,1.5,3.0,1,16,7,9,43.75,0.946164
either,0.9,20,100,1.8,1.4,1.5,3.0,2,15,7,8,46.667,0.959434
either,0.9,20,100,1.8,1.4,2.0,2.0,1,16,8,8,50.0,0.951231
either,0.9,20,100,1.8,1.4,2.0,2.0,2,14,7,7,50.0,0.947331
either,0.9,20,100,1.8,1.4,2.0,3.0,1,15,8,7,53.333,0.965361
either,0.9,20,100,1.8,1.4,2.0,3.0,2,14,7,7,50.0,0.96035
either,0.9,20,100,1.8,1.6,1.5,2.0,1,17,7,10,41.176,0.941223
either,0.9,20,100,1.8,1.6,1.5,2.0,2,16,7,9,43.75,0.954424
either,0.9,20,100,1.8,1.6,1.5,3.0,1,16,7,9,43.75,0.938047
either,0.9,20,100,1.8,1.6,1.5,3.0,2,15,7,8,46.667,0.951203
either,0.9,20,100,1.8,1.6,2.0,2.0,1,16,8,8,50.0,0.958049
either,0.9,20,100,1.8,1.6,2.0,2.0,2,14,7,7,50.0,0.95412
either,0.9,20,100,1.8,1.6,2.0,3.0,1,15,8,7,53.333,0.957079
either,0.9,20,100,1.8,1.6,2.0,3.0,2,14,7,7,50.0,0.952111
either,0.9,20,200,1.6,1.4,1.5,2.0,1,13,2,11,15.385,0.892779
either,0.9,20,200,1.6,1.4,1.5,2.0,2,13,2,11,15.385,0.887746
either,0.9,20,200,1.6,1.4,1.5,3.0,1,13,2,11,15.385,0.892779
either,0.9,20,200,1.6,1.4,1.5,3.0,2,13,2,11,15.385,0.887746
either,0.9,20,200,1.6,1.4,2.0,2.0,1,12,3,9,25.0,0.905001
either,0.9,20,200,1.6,1.4,2.0,2.0,2,11,2,9,18.182,0.885657
either,0.9,20,200,1.6,1.4,2.0,3.0,1,12,3,9,25.0,0.905001
either,0.9,20,200,1.6,1.4,2.0,3.0,2,11,2,9,18.182,0.885657
either,0.9,20,200,1.6,1.6,1.5,2.0,1,13,2,11,15.385,0.892779
either,0.9,20,200,1.6,1.6,1.5,2.0,2,12,2,10,16.667,0.9053
either,0.9,20,200,1.6,1.6,1.5,3.0,1,13,2,11,15.385,0.892779
either,0.9,20,200,1.6,1.6,1.5,3.0,2,12,2,10,16.667,0.9053
either,0.9,20,200,1.6,1.6,2.0,2.0,1,12,3,9,25.0,0.905001
either,0.9,20,200,1.6,1.6,2.0,2.0,2,10,2,8,20.0,0.90129
either,0.9,20,200,1.6,1.6,2.0,3.0,1,12,3,9,25.0,0.905001
either,0.9,20,200,1.6,1.6,2.0,3.0,2,10,2,8,20.0,0.90129
either,0.9,20,200,1.8,1.4,1.5,2.0,1,13,2,11,15.385,0.892779
either,0.9,20,200,1.8,1.4,1.5,2.0,2,12,2,10,16.667,0.9053
either,0.9,20,200,1.8,1.4,1.5,3.0,1,12,2,10,16.667,0.891644
either,0.9,20,200,1.8,1.4,1.5,3.0,2,11,2,9,18.182,0.904149
either,0.9,20,200,1.8,1.4,2.0,2.0,1,12,3,9,25.0,0.905001
either,0.9,20,200,1.8,1.4,2.0,2.0,2,10,2,8,20.0,0.90129
either,0.9,20,200,1.8,1.4,2.0,3.0,1,11,3,8,27.273,0.905993
either,0.9,20,200,1.8,1.4,2.0,3.0,2,10,2,8,20.0,0.90129
either,0.9,20,200,1.8,1.6,1.5,2.0,1,13,2,11,15.385,0.892779
either,0.9,20,200,1.8,1.6,1.5,2.0,2,12,2,10,16.667,0.9053
either,0.9,20,200,1.8,1.6,1.5,3.0,1,12,2,10,16.667,0.891644
either,0.9,20,200,1.8,1.6,1.5,3.0,2,11,2,9,18.182,0.904149
either,0.9,20,200,1.8,1.6,2.0,2.0,1,12,3,9,25.0,0.905001
either,0.9,20,200,1.8,1.6,2.0,2.0,2,10,2,8,20.0,0.90129
either,0.9,20,200,1.8,1.6,2.0,3.0,1,11,3,8,27.273,0.905993
either,0.9,20,200,1.8,1.6,2.0,3.0,2,10,2,8,20.0,0.90129
either,0.9,50,100,1.6,1.4,1.5,2.0,1,18,6,12,33.333,0.903762
either,0.9,50,100,1.6,1.4,1.5,2.0,2,17,6,11,35.294,0.902223
either,0.9,50,100,1.6,1.4,1.5,3.0,1,18,6,12,33.333,0.916433
either,0.9,50,100,1.6,1.4,1.5,3.0,2,17,6,11,35.294,0.905432
either,0.9,50,100,1.6,1.4,2.0,2.0,1,17,7,10,41.176,0.914846
either,0.9,50,100,1.6,1.4,2.0,2.0,2,15,6,9,40.0,0.903416
either,0.9,50,100,1.6,1.4,2.0,3.0,1,17,7,10,41.176,0.927672
either,0.9,50,100,1.6,1.4,2.0,3.0,2,15,6,9,40.0,0.906629
either,0.9,50,100,1.6,1.6,1.5,2.0,1,18,6,12,33.333,0.903762
either,0.9,50,100,1.6,1.6,1.5,2.0,2,16,6,10,37.5,0.925187
either,0.9,50,100,1.6,1.6,1.5,3.0,1,18,6,12,33.333,0.916433
either,0.9,50,100,1.6,1.6,1.5,3.0,2,16,6,10,37.5,0.928478
either,0.9,50,100,1.6,1.6,2.0,2.0,1,17,7,10,41.176,0.914846
either,0.9,50,100,1.6,1.6,2.0,2.0,2,14,6,8,42.857,0.924481
either,0.9,50,100,1.6,1.6,2.0,3.0,1,17,7,10,41.176,0.927672
either,0.9,50,100,1.6,1.6,2.0,3.0,2,14,6,8,42.857,0.92777
either,0.9,50,100,1.8,1.4,1.5,2.0,1,18,6,12,33.333,0.909115
either,0.9,50,100,1.8,1.4,1.5,2.0,2,16,6,10,37.5,0.932632
either,0.9,50,100,1.8,1.4,1.5,3.0,1,17,6,11,35.294,0.911189
either,0.9,50,100,1.8,1.4,1.5,3.0,2,15,6,9,40.0,0.934759
either,0.9,50,100,1.8,1.4,2.0,2.0,1,17,7,10,41.176,0.920265
either,0.9,50,100,1.8,1.4,2.0,2.0,2,14,6,8,42.857,0.931921
either,0.9,50,100,1.8,1.4,2.0,3.0,1,16,7,9,43.75,0.92455
either,0.9,50,100,1.8,1.4,2.0,3.0,2,14,6,8,42.857,0.935236
either,0.9,50,100,1.8,1.6,1.5,2.0,1,18,6,12,33.333,0.915631
either,0.9,50,100,1.8,1.6,1.5,2.0,2,16,6,10,37.5,0.939316
either,0.9,50,100,1.8,1.6,1.5,3.0,1,17,6,11,35.294,0.903372
either,0.9,50,100,1.8,1.6,1.5,3.0,2,15,6,9,40.0,0.92674
either,0.9,50,100,1.8,1.6,2.0,2.0,1,17,7,10,41.176,0.92686
either,0.9,50,100,1.8,1.6,2.0,2.0,2,14,6,8,42.857,0.9386
either,0.9,50,100,1.8,1.6,2.0,3.0,1,16,7,9,43.75,0.916619
either,0.9,50,100,1.8,1.6,2.0,3.0,2,14,6,8,42.857,0.927212
either,0.9,50,200,1.6,1.4,1.5,2.0,1,14,2,12,14.286,0.870637
either,0.9,50,200,1.6,1.4,1.5,2.0,2,14,2,12,14.286,0.861974
either,0.9,50,200,1.6,1.4,1.5,3.0,1,14,2,12,14.286,0.870637
either,0.9,50,200,1.6,1.4,1.5,3.0,2,14,2,12,14.286,0.861974
either,0.9,50,200,1.6,1.4,2.0,2.0,1,13,3,10,23.077,0.881315
either,0.9,50,200,1.6,1.4,2.0,2.0,2,12,2,10,16.667,0.862126
either,0.9,50,200,1.6,1.4,2.0,3.0,1,13,3,10,23.077,0.881315
either,0.9,50,200,1.6,1.4,2.0,3.0,2,12,2,10,16.667,0.862126
either,0.9,50,200,1.6,1.6,1.5,2.0,1,14,2,12,14.286,0.870637
either,0.9,50,200,1.6,1.6,1.5,2.0,2,13,2,11,15.385,0.879019
either,0.9,50,200,1.6,1.6,1.5,3.0,1,14,2,12,14.286,0.870637
either,0.9,50,200,1.6,1.6,1.5,3.0,2,13,2,11,15.385,0.879019
either,0.9,50,200,1.6,1.6,2.0,2.0,1,13,3,10,23.077,0.881315
either,0.9,50,200,1.6,1.6,2.0,2.0,2,11,2,9,18.182,0.877344
either,0.9,50,200,1.6,1.6,2.0,3.0,1,13,3,10,23.077,0.881315
either,0.9,50,200,1.6,1.6,2.0,3.0,2,11,2,9,18.182,0.877344
either,0.9,50,200,1.8,1.4,1.5,2.0,1,13,2,11,15.385,0.88584
either,0.9,50,200,1.8,1.4,1.5,2.0,2,12,2,10,16.667,0.894368
either,0.9,50,200,1.8,1.4,1.5,3.0,1,12,2,10,16.667,0.884714
either,0.9,50,200,1.8,1.4,1.5,3.0,2,11,2,9,18.182,0.893231
either,0.9,50,200,1.8,1.4,2.0,2.0,1,12,3,9,25.0,0.896704
either,0.9,50,200,1.8,1.4,2.0,2.0,2,10,2,8,20.0,0.892664
either,0.9,50,200,1.8,1.4,2.0,3.0,1,11,3,8,27.273,0.897688
either,0.9,50,200,1.8,1.4,2.0,3.0,2,10,2,8,20.0,0.892664
either,0.9,50,200,1.8,1.6,1.5,2.0,1,13,2,11,15.385,0.88584
either,0.9,50,200,1.8,1.6,1.5,2.0,2,12,2,10,16.667,0.894368
either,0.9,50,200,1.8,1.6,1.5,3.0,1,12,2,10,16.667,0.884714
either,0.9,50,200,1.8,1.6,1.5,3.0,2,11,2,9,18.182,0.893231
either,0.9,50,200,1.8,1.6,2.0,2.0,1,12,3,9,25.0,0.896704
either,0.9,50,200,1.8,1.6,2.0,2.0,2,10,2,8,20.0,0.892664
either,0.9,50,200,1.8,1.6,2.0,3.0,1,11,3,8,27.273,0.897688
either,0.9,50,200,1.8,1.6,2.0,3.0,2,10,2,8,20.0,0.892664
either,0.95,20,100,1.6,1.4,1.5,2.0,1,16,7,9,43.75,0.936201
either,0.95,20,100,1.6,1.4,1.5,2.0,2,16,7,9,43.75,0.923817
either,0.95,20,100,1.6,1.4,1.5,3.0,1,16,7,9,43.75,0.949327
either,0.95,20,100,1.6,1.4,1.5,3.0,2,16,7,9,43.75,0.927103
either,0.95,20,100,1.6,1.4,2.0,2.0,1,15,8,7,53.333,0.955759
either,0.95,20,100,1.6,1.4,2.0,2.0,2,15,7,8,46.667,0.91617
either,0.95,20,100,1.6,1.4,2.0,3.0,1,15,8,7,53.333,0.969159
either,0.95,20,100,1.6,1.4,2.0,3.0,2,15,7,8,46.667,0.919429
either,0.95,20,100,1.6,1.6,1.5,2.0,1,16,7,9,43.75,0.936201
either,0.95,20,100,1.6,1.6,1.5,2.0,2,15,7,8,46.667,0.947331
either,0.95,20,100,1.6,1.6,1.5,3.0,1,16,7,9,43.75,0.949327
either,0.95,20,100,1.6,1.6,1.5,3.0,2,15,7,8,46.667,0.9507
either,0.95,20,100,1.6,1.6,2.0,2.0,1,15,8,7,53.333,0.955759
either,0.95,20,100,1.6,1.6,2.0,2.0,2,14,7,7,50.0,0.937533
either,0.95,20,100,1.6,1.6,2.0,3.0,1,15,8,7,53.333,0.969159
either,0.95,20,100,1.6,1.6,2.0,3.0,2,14,7,7,50.0,0.940868
either,0.95,20,100,1.8,1.4,1.5,2.0,1,16,7,9,43.75,0.943991
either,0.95,20,100,1.8,1.4,1.5,2.0,2,15,7,8,46.667,0.95723
either,0.95,20,100,1.8,1.4,1.5,3.0,1,16,7,9,43.75,0.946164
either,0.95,20,100,1.8,1.4,1.5,3.0,2,15,7,8,46.667,0.959434
either,0.95,20,100,1.8,1.4,2.0,2.0,1,15,8,7,53.333,0.963712
either,0.95,20,100,1.8,1.4,2.0,2.0,2,14,7,7,50.0,0.947331
either,0.95,20,100,1.8,1.4,2.0,3.0,1,15,8,7,53.333,0.965361
either,0.95,20,100,1.8,1.4,2.0,3.0,2,14,7,7,50.0,0.96035
either,0.95,20,100,1.8,1.6,1.5,2.0,1,16,7,9,43.75,0.950757
either,0.95,20,100,1.8,1.6,1.5,2.0,2,15,7,8,46.667,0.964091
either,0.95,20,100,1.8,1.6,1.5,3.0,1,16,7,9,43.75,0.938047
either,0.95,20,100,1.8,1.6,1.5,3.0,2,15,7,8,46.667,0.951203
either,0.95,20,100,1.8,1.6,2.0,2.0,1,15,8,7,53.333,0.970619
either,0.95,20,100,1.8,1.6,2.0,2.0,2,14,7,7,50.0,0.95412
either,0.95,20,100,1.8,1.6,2.0,3.0,1,15,8,7,53.333,0.957079
either,0.95,20,100,1.8,1.6,2.0,3.0,2,14,7,7,50.0,0.952111
either,0.95,20,200,1.6,1.4,1.5,2.0,1,12,2,10,16.667,0.901822
either,0.95,20,200,1.6,1.4,1.5,2.0,2,12,2,10,16.667,0.896738
either,0.95,20,200,1.6,1.4,1.5,3.0,1,12,2,10,16.667,0.901822
either,0.95,20,200,1.6,1.4,1.5,3.0,2,12,2,10,16.667,0.896738
either,0.95,20,200,1.6,1.4,2.0,2.0,1,11,3,8,27.273,0.916875
either,0.95,20,200,1.6,1.4,2.0,2.0,2,11,2,9,18.182,0.885657
either,0.95,20,200,1.6,1.4,2.0,3.0,1,11,3,8,27.273,0.916875
either,0.95,20,200,1.6,1.4,2.0,3.0,2,11,2,9,18.182,0.885657
either,0.95,20,200,1.6,1.6,1.5,2.0,1,12,2,10,16.667,0.901822
either,0.95,20,200,1.6,1.6,1.5,2.0,2,11,2,9,18.182,0.914469
either,0.95,20,200,1.6,1.6,1.5,3.0,1,12,2,10,16.667,0.901822
either,0.95,20,200,1.6,1.6,1.5,3.0,2,11,2,9,18.182,0.914469
either,0.95,20,200,1.6,1.6,2.0,2.0,1,11,3,8,27.273,0.916875
either,0.95,20,200,1.6,1.6,2.0,2.0,2,10,2,8,20.0,0.90129
either,0.95,20,200,1.6,1.6,2.0,3.0,1,11,3,8,27.273,0.916875
either,0.95,20,200,1.6,1.6,2.0,3.0,2,10,2,8,20.0,0.90129
either,0.95,20,200,1.8,1.4,1.5,2.0,1,12,2,10,16.667,0.901822
either,0.95,20,200,1.8,1.4,1.5,2.0,2,11,2,9,18.182,0.914469
either,0.95,20,200,1.8,1.4,1.5,3.0,1,12,2,10,16.667,0.891644
either,0.95,20,200,1.8,1.4,1.5,3.0,2,11,2,9,18.182,0.904149
either,0.95,20,200,1.8,1.4,2.0,2.0,1,11,3,8,27.273,0.916875
either,0.95,20,200,1.8,1.4,2.0,2.0,2,10,2,8,20.0,0.90129
either,0.95,20,200,1.8,1.4,2.0,3.0,1,11,3,8,27.273,0.905993
either,0.95,20,200,1.8,1.4,2.0,3.0,2,10,2,8,20.0,0.90129
either,0.95,20,200,1.8,1.6,1.5,2.0,1,12,2,10,16.667,0.901822
either,0.95,20,200,1.8,1.6,1.5,2.0,2,11,2,9,18.182,0.914469
either,0.95,20,200,1.8,1.6,1.5,3.0,1,12,2,10,16.667,0.891644
either,0.95,20,200,1.8,1.6,1.5,3.0,2,11,2,9,18.182,0.904149
either,0.95,20,200,1.8,1.6,2.0,2.0,1,11,3,8,27.273,0.916875
either,0.95,20,200,1.8,1.6,2.0,2.0,2,10,2,8,20.0,0.90129
either,0.95,20,200,1.8,1.6,2.0,3.0,1,11,3,8,27.273,0.905993
either,0.95,20,200,1.8,1.6,2.0,3.0,2,10,2,8,20.0,0.90129
either,0.95,50,100,1.6,1.4,1.5,2.0,1,17,6,11,35.294,0.912916
either,0.95,50,100,1.6,1.4,1.5,2.0,2,16,6,10,37.5,0.911361
either,0.95,50,100,1.6,1.4,1.5,3.0,1,17,6,11,35.294,0.925715
either,0.95,50,100,1.6,1.4,1.5,3.0,2,16,6,10,37.5,0.914603
either,0.95,50,100,1.6,1.4,2.0,2.0,1,16,7,9,43.75,0.926849
either,0.95,50,100,1.6,1.4,2.0,2.0,2,15,6,9,40.0,0.903416
either,0.95,50,100,1.6,1.4,2.0,3.0,1,16,7,9,43.75,0.939844
either,0.95,50,100,1.6,1.4,2.0,3.0,2,15,6,9,40.0,0.906629
either,0.95,50,100,1.6,1.6,1.5,2.0,1,17,6,11,35.294,0.912916
either,0.95,50,100,1.6,1.6,1.5,2.0,2,15,6,9,40.0,0.934558
either,0.95,50,100,1.6,1.6,1.5,3.0,1,17,6,11,35.294,0.925715
either,0.95,50,100,1.6,1.6,1.5,3.0,2,15,6,9,40.0,0.937882
either,0.95,50,100,1.6,1.6,2.0,2.0,1,16,7,9,43.75,0.926849
either,0.95,50,100,1.6,1.6,2.0,2.0,2,14,6,8,42.857,0.924481
either,0.95,50,100,1.6,1.6,2.0,3.0,1,16,7,9,43.75,0.939844
either,0.95,50,100,1.6,1.6,2.0,3.0,2,14,6,8,42.857,0.92777
either,0.95,50,100,1.8,1.4,1.5,2.0,1,17,6,11,35.294,0.918323
either,0.95,50,100,1.8,1.4,1.5,2.0,2,15,6,9,40.0,0.942078
either,0.95,50,100,1.8,1.4,1.5,3.0,1,17,6,11,35.294,0.911189
either,0.95,50,100,1.8,1.4,1.5,3.0,2,15,6,9,40.0,0.934759
either,0.95,50,100,1.8,1.4,2.0,2.0,1,16,7,9,43.75,0.932339
either,0.95,50,100,1.8,1.4,2.0,2.0,2,14,6,8,42.857,0.931921
either,0.95,50,100,1.8,1.4,2.0,3.0,1,16,7,9,43.75,0.92455
either,0.95,50,100,1.8,1.4,2.0,3.0,2,14,6,8,42.857,0.935236
either,0.95,50,100,1.8,1.6,1.5,2.0,1,17,6,11,35.294,0.924905
either,0.95,50,100,1.8,1.6,1.5,2.0,2,15,6,9,40.0,0.94883
either,0.95,50,100,1.8,1.6,1.5,3.0,1,17,6,11,35.294,0.903372
either,0.95,50,100,1.8,1.6,1.5,3.0,2,15,6,9,40.0,0.92674
either,0.95,50,100,1.8,1.6,2.0,2.0,1,16,7,9,43.75,0.939021
either,0.95,50,100,1.8,1.6,2.0,2.0,2,14,6,8,42.857,0.9386
either,0.95,50,100,1.8,1.6,2.0,3.0,1,16,7,9,43.75,0.916619
either,0.95,50,100,1.8,1.6,2.0,3.0,2,14,6,8,42.857,0.927212
either,0.95,50,200,1.6,1.4,1.5,2.0,1,12,2,10,16.667,0.894813
either,0.95,50,200,1.6,1.4,1.5,2.0,2,12,2,10,16.667,0.885909
either,0.95,50,200,1.6,1.4,1.5,3.0,1,12,2,10,16.667,0.894813
either,0.95,50,200,1.6,1.4,1.5,3.0,2,12,2,10,16.667,0.885909
either,0.95,50,200,1.6,1.4,2.0,2.0,1,11,3,8,27.273,0.90847
either,0.95,50,200,1.6,1.4,2.0,2.0,2,11,2,9,18.182,0.877181
either,0.95,50,200,1.6,1.4,2.0,3.0,1,11,3,8,27.273,0.90847
either,0.95,50,200,1.6,1.4,2.0,3.0,2,11,2,9,18.182,0.877181
either,0.95,50,200,1.6,1.6,1.5,2.0,1,12,2,10,16.667,0.894813
either,0.95,50,200,1.6,1.6,1.5,2.0,2,11,2,9,18.182,0.903427
either,0.95,50,200,1.6,1.6,1.5,3.0,1,12,2,10,16.667,0.894813
either,0.95,50,200,1.6,1.6,1.5,3.0,2,11,2,9,18.182,0.903427
either,0.95,50,200,1.6,1.6,2.0,2.0,1,11,3,8,27.273,0.90847
either,0.95,50,200,1.6,1.6,2.0,2.0,2,10,2,8,20.0,0.892664
either,0.95,50,200,1.6,1.6,2.0,3.0,1,11,3,8,27.273,0.90847
either,0.95,50,200,1.6,1.6,2.0,3.0,2,10,2,8,20.0,0.892664
either,0.95,50,200,1.8,1.4,1.5,2.0,1,12,2,10,16.667,0.894813
either,0.95,50,200,1.8,1.4,1.5,2.0,2,11,2,9,18.182,0.903427
either,0.95,50,200,1.8,1.4,1.5,3.0,1,12,2,10,16.667,0.884714
either,0.95,50,200,1.8,1.4,1.5,3.0,2,11,2,9,18.182,0.893231
either,0.95,50,200,1.8,1.4,2.0,2.0,1,11,3,8,27.273,0.90847
either,0.95,50,200,1.8,1.4,2.0,2.0,2,10,2,8,20.0,0.892664
either,0.95,50,200,1.8,1.4,2.0,3.0,1,11,3,8,27.273,0.897688
either,0.95,50,200,1.8,1.4,2.0,3.0,2,10,2,8,20.0,0.892664
either,0.95,50,200,1.8,1.6,1.5,2.0,1,12,2,10,16.667,0.894813
either,0.95,50,200,1.8,1.6,1.5,2.0,2,11,2,9,18.182,0.903427
either,0.95,50,200,1.8,1.6,1.5,3.0,1,12,2,10,16.667,0.884714
either,0.95,50,200,1.8,1.6,1.5,3.0,2,11,2,9,18.182,0.893231
either,0.95,50,200,1.8,1.6,2.0,2.0,1,11,3,8,27.273,0.90847
either,0.95,50,200,1.8,1.6,2.0,2.0,2,10,2,8,20.0,0.892664
either,0.95,50,200,1.8,1.6,2.0,3.0,1,11,3,8,27.273,0.897688
either,0.95,50,200,1.8,1.6,2.0,3.0,2,10,2,8,20.0,0.892664
