tp_TR,trail_TR,tp_RG,trail_RG,stop_mult,be_lock,time_stop_bars,trades,wins,losses,win_rate_pct,equity_multiple
2.5,1.5,1.5,1.25,0.9,1.0,8,24,11,13,45.83,1.018383
2.5,1.75,1.5,1.25,0.9,1.0,8,24,11,13,45.83,1.018383
2.5,2.0,1.5,1.25,0.9,1.0,8,24,11,13,45.83,1.018383
2.5,1.5,1.5,1.25,1.0,1.0,8,24,11,13,45.83,1.014924
2.5,1.5,1.5,1.25,1.1,1.0,8,24,11,13,45.83,1.014924
2.5,1.75,1.5,1.25,1.0,1.0,8,24,11,13,45.83,1.014924
2.5,1.75,1.5,1.25,1.1,1.0,8,24,11,13,45.83,1.014924
2.5,2.0,1.5,1.25,1.0,1.0,8,24,11,13,45.83,1.014924
2.5,2.0,1.5,1.25,1.1,1.0,8,24,11,13,45.83,1.014924
2.5,1.5,1.5,1.5,1.1,1.0,8,24,11,13,45.83,1.01136
2.5,1.75,1.5,1.5,1.1,1.0,8,24,11,13,45.83,1.01136
2.5,2.0,1.5,1.5,1.1,1.0,8,24,11,13,45.83,1.01136
2.5,1.5,1.5,1.5,0.9,1.0,8,24,11,13,45.83,1.011171
2.5,1.75,1.5,1.5,0.9,1.0,8,24,11,13,45.83,1.011171
2.5,2.0,1.5,1.5,0.9,1.0,8,24,11,13,45.83,1.011171
2.5,1.5,1.5,1.25,0.9,0.75,8,25,10,15,40.0,1.011146
2.5,1.75,1.5,1.25,0.9,0.75,8,25,10,15,40.0,1.011146
2.5,2.0,1.5,1.25,0.9,0.75,8,25,10,15,40.0,1.011146
2.5,1.5,1.5,1.25,0.9,1.0,12,24,11,13,45.83,1.009734
2.5,1.75,1.5,1.25,0.9,1.0,12,24,11,13,45.83,1.009734
2.5,2.0,1.5,1.25,0.9,1.0,12,24,11,13,45.83,1.009734
2.5,1.5,1.5,1.0,0.9,1.0,12,24,11,13,45.83,1.009655
2.5,1.75,1.5,1.0,0.9,1.0,12,24,11,13,45.83,1.009655
2.5,2.0,1.5,1.0,0.9,1.0,12,24,11,13,45.83,1.009655
2.5,1.5,1.5,1.0,0.9,1.0,8,24,11,13,45.83,1.009548
2.5,1.75,1.5,1.0,0.9,1.0,8,24,11,13,45.83,1.009548
2.5,2.0,1.5,1.0,0.9,1.0,8,24,11,13,45.83,1.009548
2.5,1.5,1.5,1.25,0.9,1.0,16,24,11,13,45.83,1.009274
2.5,1.75,1.5,1.25,0.9,1.0,16,24,11,13,45.83,1.009274
2.5,2.0,1.5,1.25,0.9,1.0,16,24,11,13,45.83,1.009274
2.5,1.5,1.5,1.5,1.0,1.0,8,24,11,13,45.83,1.007737
2.5,1.75,1.5,1.5,1.0,1.0,8,24,11,13,45.83,1.007737
2.5,2.0,1.5,1.5,1.0,1.0,8,24,11,13,45.83,1.007737
2.5,1.5,1.5,1.25,1.0,0.75,8,25,10,15,40.0,1.007712
2.5,1.5,1.5,1.25,1.1,0.75,8,25,10,15,40.0,1.007712
2.5,1.75,1.5,1.25,1.0,0.75,8,25,10,15,40.0,1.007712
2.5,1.75,1.5,1.25,1.1,0.75,8,25,10,15,40.0,1.007712
2.5,2.0,1.5,1.25,1.0,0.75,8,25,10,15,40.0,1.007712
2.5,2.0,1.5,1.25,1.1,0.75,8,25,10,15,40.0,1.007712
2.5,1.5,1.5,1.0,1.0,1.0,12,24,11,13,45.83,1.007036
2.5,1.5,1.5,1.0,1.1,1.0,12,24,11,13,45.83,1.007036
2.5,1.75,1.5,1.0,1.0,1.0,12,24,11,13,45.83,1.007036
2.5,1.75,1.5,1.0,1.1,1.0,12,24,11,13,45.83,1.007036
2.5,2.0,1.5,1.0,1.0,1.0,12,24,11,13,45.83,1.007036
2.5,2.0,1.5,1.0,1.1,1.0,12,24,11,13,45.83,1.007036
2.5,1.5,1.5,1.0,1.0,1.0,8,24,11,13,45.83,1.006929
2.5,1.5,1.5,1.0,1.1,1.0,8,24,11,13,45.83,1.006929
2.5,1.75,1.5,1.0,1.0,1.0,8,24,11,13,45.83,1.006929
2.5,1.75,1.5,1.0,1.1,1.0,8,24,11,13,45.83,1.006929
2.5,2.0,1.5,1.0,1.0,1.0,8,24,11,13,45.83,1.006929
2.5,2.0,1.5,1.0,1.1,1.0,8,24,11,13,45.83,1.006929
2.5,1.5,1.5,1.25,1.0,1.0,12,24,11,13,45.83,1.006305
2.5,1.5,1.5,1.25,1.1,1.0,12,24,11,13,45.83,1.006305
2.5,1.75,1.5,1.25,1.0,1.0,12,24,11,13,45.83,1.006305
2.5,1.75,1.5,1.25,1.1,1.0,12,24,11,13,45.83,1.006305
2.5,2.0,1.5,1.25,1.0,1.0,12,24,11,13,45.83,1.006305
2.5,2.0,1.5,1.25,1.1,1.0,12,24,11,13,45.83,1.006305
2.5,1.5,1.5,1.25,1.0,1.0,16,24,11,13,45.83,1.005846
2.5,1.5,1.5,1.25,1.1,1.0,16,24,11,13,45.83,1.005846
2.5,1.75,1.5,1.25,1.0,1.0,16,24,11,13,45.83,1.005846
2.5,1.75,1.5,1.25,1.1,1.0,16,24,11,13,45.83,1.005846
2.5,2.0,1.5,1.25,1.0,1.0,16,24,11,13,45.83,1.005846
2.5,2.0,1.5,1.25,1.1,1.0,16,24,11,13,45.83,1.005846
2.5,1.5,1.5,1.0,0.9,1.0,16,24,11,13,45.83,1.005268
2.5,1.75,1.5,1.0,0.9,1.0,16,24,11,13,45.83,1.005268
2.5,2.0,1.5,1.0,0.9,1.0,16,24,11,13,45.83,1.005268
2.5,1.5,1.5,1.0,0.9,0.75,12,25,10,15,40.0,1.004662
2.5,1.75,1.5,1.0,0.9,0.75,12,25,10,15,40.0,1.004662
2.5,2.0,1.5,1.0,0.9,0.75,12,25,10,15,40.0,1.004662
2.5,1.5,1.25,1.25,0.9,1.0,8,24,11,13,45.83,1.00465
2.5,1.75,1.25,1.25,0.9,1.0,8,24,11,13,45.83,1.00465
2.5,2.0,1.25,1.25,0.9,1.0,8,24,11,13,45.83,1.00465
2.5,1.5,1.5,1.0,0.9,0.75,8,25,10,15,40.0,1.004555
2.5,1.75,1.5,1.0,0.9,0.75,8,25,10,15,40.0,1.004555
2.5,2.0,1.5,1.0,0.9,0.75,8,25,10,15,40.0,1.004555
2.5,1.5,1.5,1.5,1.1,0.75,8,25,10,15,40.0,1.004173
2.5,1.75,1.5,1.5,1.1,0.75,8,25,10,15,40.0,1.004173
2.5,2.0,1.5,1.5,1.1,0.75,8,25,10,15,40.0,1.004173
2.5,1.5,1.5,1.5,0.9,0.75,8,25,10,15,40.0,1.003985
2.5,1.75,1.5,1.5,0.9,0.75,8,25,10,15,40.0,1.003985
2.5,2.0,1.5,1.5,0.9,0.75,8,25,10,15,40.0,1.003985
2.5,1.5,1.5,1.25,0.9,0.75,12,25,10,15,40.0,1.003946
2.5,1.75,1.5,1.25,0.9,0.75,12,25,10,15,40.0,1.003946
2.5,2.0,1.5,1.25,0.9,0.75,12,25,10,15,40.0,1.003946
2.5,1.5,1.5,1.5,1.1,0.5,8,25,9,16,36.0,1.003608
2.5,1.75,1.5,1.5,1.1,0.5,8,25,9,16,36.0,1.003608
2.5,2.0,1.5,1.5,1.1,0.5,8,25,9,16,36.0,1.003608
2.5,1.5,1.5,1.25,0.9,0.5,8,25,9,16,36.0,1.00342
2.5,1.5,1.5,1.5,0.9,0.5,8,25,9,16,36.0,1.00342
2.5,1.75,1.5,1.25,0.9,0.5,8,25,9,16,36.0,1.00342
2.5,1.75,1.5,1.5,0.9,0.5,8,25,9,16,36.0,1.00342
2.5,2.0,1.5,1.25,0.9,0.5,8,25,9,16,36.0,1.00342
2.5,2.0,1.5,1.5,0.9,0.5,8,25,9,16,36.0,1.00342
2.5,1.5,1.5,1.0,1.0,1.0,16,24,11,13,45.83,1.002661
2.5,1.5,1.5,1.0,1.1,1.0,16,24,11,13,45.83,1.002661
2.5,1.75,1.5,1.0,1.0,1.0,16,24,11,13,45.83,1.002661
2.5,1.75,1.5,1.0,1.1,1.0,16,24,11,13,45.83,1.002661
2.5,2.0,1.5,1.0,1.0,1.0,16,24,11,13,45.83,1.002661
2.5,2.0,1.5,1.0,1.1,1.0,16,24,11,13,45.83,1.002661
2.5,1.5,1.5,1.0,1.0,0.75,12,25,10,15,40.0,1.002056
2.5,1.5,1.5,1.0,1.1,0.75,12,25,10,15,40.0,1.002056
2.5,1.75,1.5,1.0,1.0,0.75,12,25,10,15,40.0,1.002056
2.5,1.75,1.5,1.0,1.1,0.75,12,25,10,15,40.0,1.002056
2.5,2.0,1.5,1.0,1.0,0.75,12,25,10,15,40.0,1.002056
2.5,2.0,1.5,1.0,1.1,0.75,12,25,10,15,40.0,1.002056
2.5,1.5,1.5,1.0,1.0,0.75,8,25,10,15,40.0,1.001949
2.5,1.5,1.5,1.0,1.1,0.75,8,25,10,15,40.0,1.001949
2.5,1.75,1.5,1.0,1.0,0.75,8,25,10,15,40.0,1.001949
2.5,1.75,1.5,1.0,1.1,0.75,8,25,10,15,40.0,1.001949
2.5,2.0,1.5,1.0,1.0,0.75,8,25,10,15,40.0,1.001949
2.5,2.0,1.5,1.0,1.1,0.75,8,25,10,15,40.0,1.001949
2.5,1.5,1.25,1.25,0.9,1.0,16,24,12,12,50.0,1.001822
2.5,1.75,1.25,1.25,0.9,1.0,16,24,12,12,50.0,1.001822
2.5,2.0,1.25,1.25,0.9,1.0,16,24,12,12,50.0,1.001822
2.5,1.5,1.25,1.25,1.0,1.0,8,24,11,13,45.83,1.001238
2.5,1.5,1.25,1.25,1.1,1.0,8,24,11,13,45.83,1.001238
2.5,1.75,1.25,1.25,1.0,1.0,8,24,11,13,45.83,1.001238
2.5,1.75,1.25,1.25,1.1,1.0,8,24,11,13,45.83,1.001238
2.5,2.0,1.25,1.25,1.0,1.0,8,24,11,13,45.83,1.001238
2.5,2.0,1.25,1.25,1.1,1.0,8,24,11,13,45.83,1.001238
2.5,1.5,1.5,1.5,1.0,0.75,8,25,10,15,40.0,1.000575
2.5,1.75,1.5,1.5,1.0,0.75,8,25,10,15,40.0,1.000575
2.5,2.0,1.5,1.5,1.0,0.75,8,25,10,15,40.0,1.000575
2.5,1.5,1.5,1.25,1.0,0.75,12,25,10,15,40.0,1.000537
2.5,1.5,1.5,1.25,1.1,0.75,12,25,10,15,40.0,1.000537
2.5,1.75,1.5,1.25,1.0,0.75,12,25,10,15,40.0,1.000537
2.5,1.75,1.5,1.25,1.1,0.75,12,25,10,15,40.0,1.000537
2.5,2.0,1.5,1.25,1.0,0.75,12,25,10,15,40.0,1.000537
2.5,2.0,1.5,1.25,1.1,0.75,12,25,10,15,40.0,1.000537
2.5,1.5,1.5,1.0,0.9,0.75,16,25,10,15,40.0,1.000297
2.5,1.75,1.5,1.0,0.9,0.75,16,25,10,15,40.0,1.000297
2.5,2.0,1.5,1.0,0.9,0.75,16,25,10,15,40.0,1.000297
2.5,1.5,1.5,1.25,1.0,0.5,8,25,9,16,36.0,1.000012
2.5,1.5,1.5,1.25,1.1,0.5,8,25,9,16,36.0,1.000012
2.5,1.5,1.5,1.5,1.0,0.5,8,25,9,16,36.0,1.000012
2.5,1.75,1.5,1.25,1.0,0.5,8,25,9,16,36.0,1.000012
2.5,1.75,1.5,1.25,1.1,0.5,8,25,9,16,36.0,1.000012
2.5,1.75,1.5,1.5,1.0,0.5,8,25,9,16,36.0,1.000012
2.5,2.0,1.5,1.25,1.0,0.5,8,25,9,16,36.0,1.000012
2.5,2.0,1.5,1.25,1.1,0.5,8,25,9,16,36.0,1.000012
2.5,2.0,1.5,1.5,1.0,0.5,8,25,9,16,36.0,1.000012
2.5,1.5,1.25,1.25,0.9,0.75,8,25,10,15,40.0,0.999585
2.5,1.75,1.25,1.25,0.9,0.75,8,25,10,15,40.0,0.999585
2.5,2.0,1.25,1.25,0.9,0.75,8,25,10,15,40.0,0.999585
2.5,1.5,1.25,1.25,1.0,1.0,16,24,12,12,50.0,0.998419
2.5,1.5,1.25,1.25,1.1,1.0,16,24,12,12,50.0,0.998419
2.5,1.75,1.25,1.25,1.0,1.0,16,24,12,12,50.0,0.998419
2.5,1.75,1.25,1.25,1.1,1.0,16,24,12,12,50.0,0.998419
2.5,2.0,1.25,1.25,1.0,1.0,16,24,12,12,50.0,0.998419
2.5,2.0,1.25,1.25,1.1,1.0,16,24,12,12,50.0,0.998419
2.5,1.5,1.5,1.5,0.9,1.0,12,24,11,13,45.83,0.998136
2.5,1.75,1.5,1.5,0.9,1.0,12,24,11,13,45.83,0.998136
2.5,2.0,1.5,1.5,0.9,1.0,12,24,11,13,45.83,0.998136
2.5,1.5,1.25,1.5,1.1,1.0,8,24,11,13,45.83,0.997722
2.5,1.75,1.25,1.5,1.1,1.0,8,24,11,13,45.83,0.997722
2.5,2.0,1.25,1.5,1.1,1.0,8,24,11,13,45.83,0.997722
2.5,1.5,1.5,1.0,1.0,0.75,16,25,10,15,40.0,0.997702
2.5,1.5,1.5,1.0,1.1,0.75,16,25,10,15,40.0,0.997702
2.5,1.75,1.5,1.0,1.0,0.75,16,25,10,15,40.0,0.997702
2.5,1.75,1.5,1.0,1.1,0.75,16,25,10,15,40.0,0.997702
2.5,2.0,1.5,1.0,1.0,0.75,16,25,10,15,40.0,0.997702
2.5,2.0,1.5,1.0,1.1,0.75,16,25,10,15,40.0,0.997702
2.5,1.5,1.5,1.5,0.9,1.0,16,24,11,13,45.83,0.997681
2.5,1.75,1.5,1.5,0.9,1.0,16,24,11,13,45.83,0.997681
2.5,2.0,1.5,1.5,0.9,1.0,16,24,11,13,45.83,0.997681
2.5,1.5,1.5,1.25,0.9,0.75,16,25,9,16,36.0,0.99767
2.5,1.75,1.5,1.25,0.9,0.75,16,25,9,16,36.0,0.99767
2.5,2.0,1.5,1.25,0.9,0.75,16,25,9,16,36.0,0.99767
2.5,1.5,1.25,1.5,0.9,1.0,8,24,11,13,45.83,0.997536
2.5,1.75,1.25,1.5,0.9,1.0,8,24,11,13,45.83,0.997536
2.5,2.0,1.25,1.5,0.9,1.0,8,24,11,13,45.83,0.997536
2.5,1.5,1.5,1.0,0.9,0.5,12,25,9,16,36.0,0.996986
2.5,1.75,1.5,1.0,0.9,0.5,12,25,9,16,36.0,0.996986
2.5,2.0,1.5,1.0,0.9,0.5,12,25,9,16,36.0,0.996986
2.5,1.5,1.5,1.0,0.9,0.5,8,25,9,16,36.0,0.99688
2.5,1.75,1.5,1.0,0.9,0.5,8,25,9,16,36.0,0.99688
2.5,2.0,1.5,1.0,0.9,0.5,8,25,9,16,36.0,0.99688
2.5,1.5,1.5,1.25,0.9,0.5,12,25,9,16,36.0,0.996276
2.5,1.75,1.5,1.25,0.9,0.5,12,25,9,16,36.0,0.996276
2.5,2.0,1.5,1.25,0.9,0.5,12,25,9,16,36.0,0.996276
2.5,1.5,1.25,1.25,1.0,0.75,8,25,10,15,40.0,0.99619
2.5,1.5,1.25,1.25,1.1,0.75,8,25,10,15,40.0,0.99619
2.5,1.75,1.25,1.25,1.0,0.75,8,25,10,15,40.0,0.99619
2.5,1.75,1.25,1.25,1.1,0.75,8,25,10,15,40.0,0.99619
2.5,2.0,1.25,1.25,1.0,0.75,8,25,10,15,40.0,0.99619
2.5,2.0,1.25,1.25,1.1,0.75,8,25,10,15,40.0,0.99619
2.5,1.5,1.25,1.25,0.9,1.0,12,24,11,13,45.83,0.996013
2.5,1.75,1.25,1.25,0.9,1.0,12,24,11,13,45.83,0.996013
2.5,2.0,1.25,1.25,0.9,1.0,12,24,11,13,45.83,0.996013
2.5,1.5,1.25,1.0,0.9,1.0,8,24,11,13,45.83,0.995935
2.5,1.5,1.25,1.0,0.9,1.0,12,24,11,13,45.83,0.995935
2.5,1.5,1.25,1.0,0.9,1.0,16,24,11,13,45.83,0.995935
2.5,1.75,1.25,1.0,0.9,1.0,8,24,11,13,45.83,0.995935
2.5,1.75,1.25,1.0,0.9,1.0,12,24,11,13,45.83,0.995935
2.5,1.75,1.25,1.0,0.9,1.0,16,24,11,13,45.83,0.995935
2.5,2.0,1.25,1.0,0.9,1.0,8,24,11,13,45.83,0.995935
2.5,2.0,1.25,1.0,0.9,1.0,12,24,11,13,45.83,0.995935
2.5,2.0,1.25,1.0,0.9,1.0,16,24,11,13,45.83,0.995935
2.5,1.5,1.5,1.5,1.0,1.0,12,24,11,13,45.83,0.994747
2.5,1.75,1.5,1.5,1.0,1.0,12,24,11,13,45.83,0.994747
2.5,2.0,1.5,1.5,1.0,1.0,12,24,11,13,45.83,0.994747
2.5,1.5,1.5,1.5,0.9,0.5,12,25,9,16,36.0,0.994653
2.5,1.75,1.5,1.5,0.9,0.5,12,25,9,16,36.0,0.994653
2.5,2.0,1.5,1.5,0.9,0.5,12,25,9,16,36.0,0.994653
2.5,1.5,1.5,1.0,1.0,0.5,12,25,9,16,36.0,0.994399
2.5,1.5,1.5,1.0,1.1,0.5,12,25,9,16,36.0,0.994399
2.5,1.75,1.5,1.0,1.0,0.5,12,25,9,16,36.0,0.994399
2.5,1.75,1.5,1.0,1.1,0.5,12,25,9,16,36.0,0.994399
2.5,2.0,1.5,1.0,1.0,0.5,12,25,9,16,36.0,0.994399
2.5,2.0,1.5,1.0,1.1,0.5,12,25,9,16,36.0,0.994399
2.5,1.5,1.5,1.0,1.0,0.5,8,25,9,16,36.0,0.994294
2.5,1.5,1.5,1.0,1.1,0.5,8,25,9,16,36.0,0.994294
2.5,1.75,1.5,1.0,1.0,0.5,8,25,9,16,36.0,0.994294
2.5,1.75,1.5,1.0,1.1,0.5,8,25,9,16,36.0,0.994294
2.5,2.0,1.5,1.0,1.0,0.5,8,25,9,16,36.0,0.994294
2.5,2.0,1.5,1.0,1.1,0.5,8,25,9,16,36.0,0.994294
2.5,1.5,1.5,1.5,1.0,1.0,16,24,11,13,45.83,0.994293
2.5,1.75,1.5,1.5,1.0,1.0,16,24,11,13,45.83,0.994293
2.5,2.0,1.5,1.5,1.0,1.0,16,24,11,13,45.83,0.994293
2.5,1.5,1.5,1.25,1.0,0.75,16,25,9,16,36.0,0.994281
2.5,1.5,1.5,1.25,1.1,0.75,16,25,9,16,36.0,0.994281
2.5,1.75,1.5,1.25,1.0,0.75,16,25,9,16,36.0,0.994281
2.5,1.75,1.5,1.25,1.1,0.75,16,25,9,16,36.0,0.994281
2.5,2.0,1.5,1.25,1.0,0.75,16,25,9,16,36.0,0.994281
2.5,2.0,1.5,1.25,1.1,0.75,16,25,9,16,36.0,0.994281
2.5,1.5,1.5,1.5,1.1,1.0,12,24,11,13,45.83,0.994159
2.5,1.75,1.5,1.5,1.1,1.0,12,24,11,13,45.83,0.994159
2.5,2.0,1.5,1.5,1.1,1.0,12,24,11,13,45.83,0.994159
2.5,1.5,1.25,1.5,1.0,1.0,8,24,11,13,45.83,0.994148
2.5,1.75,1.25,1.5,1.0,1.0,8,24,11,13,45.83,0.994148
2.5,2.0,1.25,1.5,1.0,1.0,8,24,11,13,45.83,0.994148
2.5,1.5,1.5,1.5,1.1,1.0,16,24,11,13,45.83,0.993706
2.5,1.75,1.5,1.5,1.1,1.0,16,24,11,13,45.83,0.993706
2.5,2.0,1.5,1.5,1.1,1.0,16,24,11,13,45.83,0.993706
2.5,1.5,1.25,1.0,1.0,1.0,8,24,11,13,45.83,0.993351
2.5,1.5,1.25,1.0,1.0,1.0,12,24,11,13,45.83,0.993351
2.5,1.5,1.25,1.0,1.0,1.0,16,24,11,13,45.83,0.993351
2.5,1.5,1.25,1.0,1.1,1.0,8,24,11,13,45.83,0.993351
2.5,1.5,1.25,1.0,1.1,1.0,12,24,11,13,45.83,0.993351
2.5,1.5,1.25,1.0,1.1,1.0,16,24,11,13,45.83,0.993351
2.5,1.75,1.25,1.0,1.0,1.0,8,24,11,13,45.83,0.993351
2.5,1.75,1.25,1.0,1.0,1.0,12,24,11,13,45.83,0.993351
2.5,1.75,1.25,1.0,1.0,1.0,16,24,11,13,45.83,0.993351
2.5,1.75,1.25,1.0,1.1,1.0,8,24,11,13,45.83,0.993351
2.5,1.75,1.25,1.0,1.1,1.0,12,24,11,13,45.83,0.993351
2.5,1.75,1.25,1.0,1.1,1.0,16,24,11,13,45.83,0.993351
2.5,2.0,1.25,1.0,1.0,1.0,8,24,11,13,45.83,0.993351
2.5,2.0,1.25,1.0,1.0,1.0,12,24,11,13,45.83,0.993351
2.5,2.0,1.25,1.0,1.0,1.0,16,24,11,13,45.83,0.993351
2.5,2.0,1.25,1.0,1.1,1.0,8,24,11,13,45.83,0.993351
2.5,2.0,1.25,1.0,1.1,1.0,12,24,11,13,45.83,0.993351
2.5,2.0,1.25,1.0,1.1,1.0,16,24,11,13,45.83,0.993351
2.5,1.5,1.25,1.0,0.9,0.75,8,25,10,15,40.0,0.99307
2.5,1.5,1.25,1.0,0.9,0.75,12,25,10,15,40.0,0.99307
2.5,1.5,1.25,1.0,0.9,0.75,16,25,10,15,40.0,0.99307
2.5,1.75,1.25,1.0,0.9,0.75,8,25,10,15,40.0,0.99307
2.5,1.75,1.25,1.0,0.9,0.75,12,25,10,15,40.0,0.99307
2.5,1.75,1.25,1.0,0.9,0.75,16,25,10,15,40.0,0.99307
2.5,2.0,1.25,1.0,0.9,0.75,8,25,10,15,40.0,0.99307
2.5,2.0,1.25,1.0,0.9,0.75,12,25,10,15,40.0,0.99307
2.5,2.0,1.25,1.0,0.9,0.75,16,25,10,15,40.0,0.99307
2.5,1.5,1.5,1.25,1.0,0.5,12,25,9,16,36.0,0.992892
2.5,1.5,1.5,1.25,1.1,0.5,12,25,9,16,36.0,0.992892
2.5,1.75,1.5,1.25,1.0,0.5,12,25,9,16,36.0,0.992892
2.5,1.75,1.5,1.25,1.1,0.5,12,25,9,16,36.0,0.992892
2.5,2.0,1.5,1.25,1.0,0.5,12,25,9,16,36.0,0.992892
2.5,2.0,1.5,1.25,1.1,0.5,12,25,9,16,36.0,0.992892
2.5,1.5,1.25,1.5,1.1,0.75,8,25,10,15,40.0,0.992692
2.5,1.75,1.25,1.5,1.1,0.75,8,25,10,15,40.0,0.992692
2.5,2.0,1.25,1.5,1.1,0.75,8,25,10,15,40.0,0.992692
2.5,1.5,1.5,1.0,0.9,0.5,16,25,9,16,36.0,0.992654
2.5,1.75,1.5,1.0,0.9,0.5,16,25,9,16,36.0,0.992654
2.5,2.0,1.5,1.0,0.9,0.5,16,25,9,16,36.0,0.992654
2.5,1.5,1.25,1.25,1.0,1.0,12,24,11,13,45.83,0.99263
2.5,1.5,1.25,1.25,1.1,1.0,12,24,11,13,45.83,0.99263
2.5,1.75,1.25,1.25,1.0,1.0,12,24,11,13,45.83,0.99263
2.5,1.75,1.25,1.25,1.1,1.0,12,24,11,13,45.83,0.99263
2.5,2.0,1.25,1.25,1.0,1.0,12,24,11,13,45.83,0.99263
2.5,2.0,1.25,1.25,1.1,1.0,12,24,11,13,45.83,0.99263
2.5,1.5,1.25,1.5,0.9,0.75,8,25,10,15,40.0,0.992507
2.5,1.75,1.25,1.5,0.9,0.75,8,25,10,15,40.0,0.992507
2.5,2.0,1.25,1.5,0.9,0.75,8,25,10,15,40.0,0.992507
2.5,1.5,1.5,1.5,0.9,0.75,12,25,10,15,40.0,0.992415
2.5,1.75,1.5,1.5,0.9,0.75,12,25,10,15,40.0,0.992415
2.5,2.0,1.5,1.5,0.9,0.75,12,25,10,15,40.0,0.992415
2.5,1.5,1.25,1.25,0.9,0.75,12,25,10,15,40.0,0.992363
2.5,1.5,1.25,1.25,0.9,0.75,16,25,10,15,40.0,0.992363
2.5,1.75,1.25,1.25,0.9,0.75,12,25,10,15,40.0,0.992363
2.5,1.75,1.25,1.25,0.9,0.75,16,25,10,15,40.0,0.992363
2.5,2.0,1.25,1.25,0.9,0.75,12,25,10,15,40.0,0.992363
2.5,2.0,1.25,1.25,0.9,0.75,16,25,10,15,40.0,0.992363
2.5,1.5,1.25,1.5,1.1,0.5,8,25,9,16,36.0,0.992134
2.5,1.75,1.25,1.5,1.1,0.5,8,25,9,16,36.0,0.992134
2.5,2.0,1.25,1.5,1.1,0.5,8,25,9,16,36.0,0.992134
2.5,1.5,1.25,1.25,0.9,0.5,8,25,9,16,36.0,0.991948
2.5,1.5,1.25,1.5,0.9,0.5,8,25,9,16,36.0,0.991948
2.5,1.75,1.25,1.25,0.9,0.5,8,25,9,16,36.0,0.991948
2.5,1.75,1.25,1.5,0.9,0.5,8,25,9,16,36.0,0.991948
2.5,2.0,1.25,1.25,0.9,0.5,8,25,9,16,36.0,0.991948
2.5,2.0,1.25,1.5,0.9,0.5,8,25,9,16,36.0,0.991948
2.5,1.5,1.5,1.5,1.0,0.5,12,25,9,16,36.0,0.991275
2.5,1.75,1.5,1.5,1.0,0.5,12,25,9,16,36.0,0.991275
2.5,2.0,1.5,1.5,1.0,0.5,12,25,9,16,36.0,0.991275
2.5,1.5,1.5,1.5,1.1,0.5,12,25,9,16,36.0,0.99069
2.5,1.75,1.5,1.5,1.1,0.5,12,25,9,16,36.0,0.99069
2.5,2.0,1.5,1.5,1.1,0.5,12,25,9,16,36.0,0.99069
2.5,1.5,1.25,1.0,1.0,0.75,8,25,10,15,40.0,0.990494
2.5,1.5,1.25,1.0,1.0,0.75,12,25,10,15,40.0,0.990494
2.5,1.5,1.25,1.0,1.0,0.75,16,25,10,15,40.0,0.990494
2.5,1.5,1.25,1.0,1.1,0.75,8,25,10,15,40.0,0.990494
2.5,1.5,1.25,1.0,1.1,0.75,12,25,10,15,40.0,0.990494
2.5,1.5,1.25,1.0,1.1,0.75,16,25,10,15,40.0,0.990494
2.5,1.75,1.25,1.0,1.0,0.75,8,25,10,15,40.0,0.990494
2.5,1.75,1.25,1.0,1.0,0.75,12,25,10,15,40.0,0.990494
2.5,1.75,1.25,1.0,1.0,0.75,16,25,10,15,40.0,0.990494
2.5,1.75,1.25,1.0,1.1,0.75,8,25,10,15,40.0,0.990494
2.5,1.75,1.25,1.0,1.1,0.75,12,25,10,15,40.0,0.990494
2.5,1.75,1.25,1.0,1.1,0.75,16,25,10,15,40.0,0.990494
2.5,2.0,1.25,1.0,1.0,0.75,8,25,10,15,40.0,0.990494
2.5,2.0,1.25,1.0,1.0,0.75,12,25,10,15,40.0,0.990494
2.5,2.0,1.25,1.0,1.0,0.75,16,25,10,15,40.0,0.990494
2.5,2.0,1.25,1.0,1.1,0.75,8,25,10,15,40.0,0.990494
2.5,2.0,1.25,1.0,1.1,0.75,12,25,10,15,40.0,0.990494
2.5,2.0,1.25,1.0,1.1,0.75,16,25,10,15,40.0,0.990494
2.5,1.5,1.25,1.5,0.9,1.0,16,24,12,12,50.0,0.990315
2.5,1.75,1.25,1.5,0.9,1.0,16,24,12,12,50.0,0.990315
2.5,2.0,1.25,1.5,0.9,1.0,16,24,12,12,50.0,0.990315
2.5,1.5,1.5,1.0,1.0,0.5,16,25,9,16,36.0,0.990079
2.5,1.5,1.5,1.0,1.1,0.5,16,25,9,16,36.0,0.990079
2.5,1.75,1.5,1.0,1.0,0.5,16,25,9,16,36.0,0.990079
2.5,1.75,1.5,1.0,1.1,0.5,16,25,9,16,36.0,0.990079
2.5,2.0,1.5,1.0,1.0,0.5,16,25,9,16,36.0,0.990079
2.5,2.0,1.5,1.0,1.1,0.5,16,25,9,16,36.0,0.990079
2.5,1.5,1.5,1.25,0.9,0.5,16,25,8,17,32.0,0.990047
2.5,1.75,1.5,1.25,0.9,0.5,16,25,8,17,32.0,0.990047
2.5,2.0,1.5,1.25,0.9,0.5,16,25,8,17,32.0,0.990047
2.5,1.5,1.25,1.5,1.0,0.75,8,25,10,15,40.0,0.989136
2.5,1.75,1.25,1.5,1.0,0.75,8,25,10,15,40.0,0.989136
2.5,2.0,1.25,1.5,1.0,0.75,8,25,10,15,40.0,0.989136
2.5,1.5,1.5,1.5,1.0,0.75,12,25,10,15,40.0,0.989044
2.5,1.75,1.5,1.5,1.0,0.75,12,25,10,15,40.0,0.989044
2.5,2.0,1.5,1.5,1.0,0.75,12,25,10,15,40.0,0.989044
2.5,1.5,1.25,1.25,1.0,0.75,12,25,10,15,40.0,0.988993
2.5,1.5,1.25,1.25,1.0,0.75,16,25,10,15,40.0,0.988993
2.5,1.5,1.25,1.25,1.1,0.75,12,25,10,15,40.0,0.988993
2.5,1.5,1.25,1.25,1.1,0.75,16,25,10,15,40.0,0.988993
2.5,1.75,1.25,1.25,1.0,0.75,12,25,10,15,40.0,0.988993
2.5,1.75,1.25,1.25,1.0,0.75,16,25,10,15,40.0,0.988993
2.5,1.75,1.25,1.25,1.1,0.75,12,25,10,15,40.0,0.988993
2.5,1.75,1.25,1.25,1.1,0.75,16,25,10,15,40.0,0.988993
2.5,2.0,1.25,1.25,1.0,0.75,12,25,10,15,40.0,0.988993
2.5,2.0,1.25,1.25,1.0,0.75,16,25,10,15,40.0,0.988993
2.5,2.0,1.25,1.25,1.1,0.75,12,25,10,15,40.0,0.988993
2.5,2.0,1.25,1.25,1.1,0.75,16,25,10,15,40.0,0.988993
2.5,1.5,1.25,1.25,1.0,0.5,8,25,9,16,36.0,0.988579
2.5,1.5,1.25,1.25,1.1,0.5,8,25,9,16,36.0,0.988579
2.5,1.5,1.25,1.5,1.0,0.5,8,25,9,16,36.0,0.988579
2.5,1.75,1.25,1.25,1.0,0.5,8,25,9,16,36.0,0.988579
2.5,1.75,1.25,1.25,1.1,0.5,8,25,9,16,36.0,0.988579
2.5,1.75,1.25,1.5,1.0,0.5,8,25,9,16,36.0,0.988579
2.5,2.0,1.25,1.25,1.0,0.5,8,25,9,16,36.0,0.988579
2.5,2.0,1.25,1.25,1.1,0.5,8,25,9,16,36.0,0.988579
2.5,2.0,1.25,1.5,1.0,0.5,8,25,9,16,36.0,0.988579
2.5,1.5,1.5,1.5,1.1,0.75,12,25,10,15,40.0,0.98846
2.5,1.75,1.5,1.5,1.1,0.75,12,25,10,15,40.0,0.98846
2.5,2.0,1.5,1.5,1.1,0.75,12,25,10,15,40.0,0.98846
2.5,1.5,1.5,1.5,0.9,0.5,16,25,8,17,32.0,0.988435
2.5,1.75,1.5,1.5,0.9,0.5,16,25,8,17,32.0,0.988435
2.5,2.0,1.5,1.5,0.9,0.5,16,25,8,17,32.0,0.988435
2.5,1.5,1.25,1.5,1.0,1.0,16,24,12,12,50.0,0.986951
2.5,1.75,1.25,1.5,1.0,1.0,16,24,12,12,50.0,0.986951
2.5,2.0,1.25,1.5,1.0,1.0,16,24,12,12,50.0,0.986951
2.5,1.5,1.5,1.25,1.0,0.5,16,25,8,17,32.0,0.986685
2.5,1.5,1.5,1.25,1.1,0.5,16,25,8,17,32.0,0.986685
2.5,1.75,1.5,1.25,1.0,0.5,16,25,8,17,32.0,0.986685
2.5,1.75,1.5,1.25,1.1,0.5,16,25,8,17,32.0,0.986685
2.5,2.0,1.5,1.25,1.0,0.5,16,25,8,17,32.0,0.986685
2.5,2.0,1.5,1.25,1.1,0.5,16,25,8,17,32.0,0.986685
2.5,1.5,1.25,1.5,1.1,1.0,16,24,12,12,50.0,0.986369
2.5,1.75,1.25,1.5,1.1,1.0,16,24,12,12,50.0,0.986369
2.5,2.0,1.25,1.5,1.1,1.0,16,24,12,12,50.0,0.986369
2.5,1.5,1.5,1.5,0.9,0.75,16,25,9,16,36.0,0.98621
2.5,1.75,1.5,1.5,0.9,0.75,16,25,9,16,36.0,0.98621
2.5,2.0,1.5,1.5,0.9,0.75,16,25,9,16,36.0,0.98621
2.5,1.5,1.25,1.0,0.9,0.5,8,25,9,16,36.0,0.985483
2.5,1.5,1.25,1.0,0.9,0.5,12,25,9,16,36.0,0.985483
2.5,1.5,1.25,1.0,0.9,0.5,16,25,9,16,36.0,0.985483
2.5,1.75,1.25,1.0,0.9,0.5,8,25,9,16,36.0,0.985483
2.5,1.75,1.25,1.0,0.9,0.5,12,25,9,16,36.0,0.985483
2.5,1.75,1.25,1.0,0.9,0.5,16,25,9,16,36.0,0.985483
2.5,2.0,1.25,1.0,0.9,0.5,8,25,9,16,36.0,0.985483
2.5,2.0,1.25,1.0,0.9,0.5,12,25,9,16,36.0,0.985483
2.5,2.0,1.25,1.0,0.9,0.5,16,25,9,16,36.0,0.985483
2.5,1.5,1.5,1.5,1.0,0.5,16,25,8,17,32.0,0.985078
2.5,1.75,1.5,1.5,1.0,0.5,16,25,8,17,32.0,0.985078
2.5,2.0,1.5,1.5,1.0,0.5,16,25,8,17,32.0,0.985078
2.5,1.5,1.25,1.25,0.9,0.5,12,25,9,16,36.0,0.984781
2.5,1.5,1.25,1.25,0.9,0.5,16,25,9,16,36.0,0.984781
2.5,1.75,1.25,1.25,0.9,0.5,12,25,9,16,36.0,0.984781
2.5,1.75,1.25,1.25,0.9,0.5,16,25,9,16,36.0,0.984781
2.5,2.0,1.25,1.25,0.9,0.5,12,25,9,16,36.0,0.984781
2.5,2.0,1.25,1.25,0.9,0.5,16,25,9,16,36.0,0.984781
2.5,1.5,1.25,1.5,0.9,1.0,12,24,11,13,45.83,0.984573
2.5,1.75,1.25,1.5,0.9,1.0,12,24,11,13,45.83,0.984573
2.5,2.0,1.25,1.5,0.9,1.0,12,24,11,13,45.83,0.984573
2.5,1.5,1.5,1.5,1.1,0.5,16,25,8,17,32.0,0.984496
2.5,1.75,1.5,1.5,1.1,0.5,16,25,8,17,32.0,0.984496
2.5,2.0,1.5,1.5,1.1,0.5,16,25,8,17,32.0,0.984496
2.5,1.5,1.25,1.5,0.9,0.5,12,25,9,16,36.0,0.983177
2.5,1.5,1.25,1.5,0.9,0.5,16,25,9,16,36.0,0.983177
2.5,1.75,1.25,1.5,0.9,0.5,12,25,9,16,36.0,0.983177
2.5,1.75,1.25,1.5,0.9,0.5,16,25,9,16,36.0,0.983177
2.5,2.0,1.25,1.5,0.9,0.5,12,25,9,16,36.0,0.983177
2.5,2.0,1.25,1.5,0.9,0.5,16,25,9,16,36.0,0.983177
2.5,1.5,1.25,1.0,1.0,0.5,8,25,9,16,36.0,0.982926
2.5,1.5,1.25,1.0,1.0,0.5,12,25,9,16,36.0,0.982926
2.5,1.5,1.25,1.0,1.0,0.5,16,25,9,16,36.0,0.982926
2.5,1.5,1.25,1.0,1.1,0.5,8,25,9,16,36.0,0.982926
2.5,1.5,1.25,1.0,1.1,0.5,12,25,9,16,36.0,0.982926
2.5,1.5,1.25,1.0,1.1,0.5,16,25,9,16,36.0,0.982926
2.5,1.75,1.25,1.0,1.0,0.5,8,25,9,16,36.0,0.982926
2.5,1.75,1.25,1.0,1.0,0.5,12,25,9,16,36.0,0.982926
2.5,1.75,1.25,1.0,1.0,0.5,16,25,9,16,36.0,0.982926
2.5,1.75,1.25,1.0,1.1,0.5,8,25,9,16,36.0,0.982926
2.5,1.75,1.25,1.0,1.1,0.5,12,25,9,16,36.0,0.982926
2.5,1.75,1.25,1.0,1.1,0.5,16,25,9,16,36.0,0.982926
2.5,2.0,1.25,1.0,1.0,0.5,8,25,9,16,36.0,0.982926
2.5,2.0,1.25,1.0,1.0,0.5,12,25,9,16,36.0,0.982926
2.5,2.0,1.25,1.0,1.0,0.5,16,25,9,16,36.0,0.982926
2.5,2.0,1.25,1.0,1.1,0.5,8,25,9,16,36.0,0.982926
2.5,2.0,1.25,1.0,1.1,0.5,12,25,9,16,36.0,0.982926
2.5,2.0,1.25,1.0,1.1,0.5,16,25,9,16,36.0,0.982926
2.5,1.5,1.5,1.5,1.0,0.75,16,25,9,16,36.0,0.982861
2.5,1.75,1.5,1.5,1.0,0.75,16,25,9,16,36.0,0.982861
2.5,2.0,1.5,1.5,1.0,0.75,16,25,9,16,36.0,0.982861
2.5,1.5,1.0,1.25,0.9,0.75,8,25,12,13,48.0,0.982556
2.5,1.75,1.0,1.25,0.9,0.75,8,25,12,13,48.0,0.982556
2.5,2.0,1.0,1.25,0.9,0.75,8,25,12,13,48.0,0.982556
2.5,1.5,1.5,1.5,1.1,0.75,16,25,9,16,36.0,0.982281
2.5,1.75,1.5,1.5,1.1,0.75,16,25,9,16,36.0,0.982281
2.5,2.0,1.5,1.5,1.1,0.75,16,25,9,16,36.0,0.982281
2.5,1.5,1.25,1.25,1.0,0.5,12,25,9,16,36.0,0.981436
2.5,1.5,1.25,1.25,1.0,0.5,16,25,9,16,36.0,0.981436
2.5,1.5,1.25,1.25,1.1,0.5,12,25,9,16,36.0,0.981436
2.5,1.5,1.25,1.25,1.1,0.5,16,25,9,16,36.0,0.981436
2.5,1.75,1.25,1.25,1.0,0.5,12,25,9,16,36.0,0.981436
2.5,1.75,1.25,1.25,1.0,0.5,16,25,9,16,36.0,0.981436
2.5,1.75,1.25,1.25,1.1,0.5,12,25,9,16,36.0,0.981436
2.5,1.75,1.25,1.25,1.1,0.5,16,25,9,16,36.0,0.981436
2.5,2.0,1.25,1.25,1.0,0.5,12,25,9,16,36.0,0.981436
2.5,2.0,1.25,1.25,1.0,0.5,16,25,9,16,36.0,0.981436
2.5,2.0,1.25,1.25,1.1,0.5,12,25,9,16,36.0,0.981436
2.5,2.0,1.25,1.25,1.1,0.5,16,25,9,16,36.0,0.981436
2.5,1.5,1.25,1.5,1.0,1.0,12,24,11,13,45.83,0.981229
2.5,1.75,1.25,1.5,1.0,1.0,12,24,11,13,45.83,0.981229
2.5,2.0,1.25,1.5,1.0,1.0,12,24,11,13,45.83,0.981229
2.5,1.5,1.0,1.25,0.9,1.0,8,24,12,12,50.0,0.981225
2.5,1.75,1.0,1.25,0.9,1.0,8,24,12,12,50.0,0.981225
2.5,2.0,1.0,1.25,0.9,1.0,8,24,12,12,50.0,0.981225
2.5,1.5,1.25,1.5,0.9,0.75,12,25,10,15,40.0,0.980965
2.5,1.5,1.25,1.5,0.9,0.75,16,25,10,15,40.0,0.980965
2.5,1.75,1.25,1.5,0.9,0.75,12,25,10,15,40.0,0.980965
2.5,1.75,1.25,1.5,0.9,0.75,16,25,10,15,40.0,0.980965
2.5,2.0,1.25,1.5,0.9,0.75,12,25,10,15,40.0,0.980965
2.5,2.0,1.25,1.5,0.9,0.75,16,25,10,15,40.0,0.980965
2.5,1.5,1.25,1.5,1.1,1.0,12,24,11,13,45.83,0.98065
2.5,1.75,1.25,1.5,1.1,1.0,12,24,11,13,45.83,0.98065
2.5,2.0,1.25,1.5,1.1,1.0,12,24,11,13,45.83,0.98065
2.5,1.5,1.0,1.5,1.1,0.5,8,25,10,15,40.0,0.980284
2.5,1.75,1.0,1.5,1.1,0.5,8,25,10,15,40.0,0.980284
2.5,2.0,1.0,1.5,1.1,0.5,8,25,10,15,40.0,0.980284
2.5,1.5,1.0,1.25,0.9,0.5,8,25,10,15,40.0,0.9801
2.5,1.5,1.0,1.5,0.9,0.5,8,25,10,15,40.0,0.9801
2.5,1.75,1.0,1.25,0.9,0.5,8,25,10,15,40.0,0.9801
2.5,1.75,1.0,1.5,0.9,0.5,8,25,10,15,40.0,0.9801
2.5,2.0,1.0,1.25,0.9,0.5,8,25,10,15,40.0,0.9801
2.5,2.0,1.0,1.5,0.9,0.5,8,25,10,15,40.0,0.9801
2.5,1.5,1.25,1.5,1.0,0.5,12,25,9,16,36.0,0.979838
2.5,1.5,1.25,1.5,1.0,0.5,16,25,9,16,36.0,0.979838
2.5,1.75,1.25,1.5,1.0,0.5,12,25,9,16,36.0,0.979838
2.5,1.75,1.25,1.5,1.0,0.5,16,25,9,16,36.0,0.979838
2.5,2.0,1.25,1.5,1.0,0.5,12,25,9,16,36.0,0.979838
2.5,2.0,1.25,1.5,1.0,0.5,16,25,9,16,36.0,0.979838
2.5,1.5,1.25,1.5,1.1,0.5,12,25,9,16,36.0,0.979259
2.5,1.5,1.25,1.5,1.1,0.5,16,25,9,16,36.0,0.979259
2.5,1.75,1.25,1.5,1.1,0.5,12,25,9,16,36.0,0.979259
2.5,1.75,1.25,1.5,1.1,0.5,16,25,9,16,36.0,0.979259
2.5,2.0,1.25,1.5,1.1,0.5,12,25,9,16,36.0,0.979259
2.5,2.0,1.25,1.5,1.1,0.5,16,25,9,16,36.0,0.979259
2.5,1.5,1.0,1.25,1.0,0.75,8,25,12,13,48.0,0.979219
2.5,1.5,1.0,1.25,1.1,0.75,8,25,12,13,48.0,0.979219
2.5,1.75,1.0,1.25,1.0,0.75,8,25,12,13,48.0,0.979219
2.5,1.75,1.0,1.25,1.1,0.75,8,25,12,13,48.0,0.979219
2.5,2.0,1.0,1.25,1.0,0.75,8,25,12,13,48.0,0.979219
2.5,2.0,1.0,1.25,1.1,0.75,8,25,12,13,48.0,0.979219
2.5,1.5,1.0,1.25,0.9,1.0,16,24,13,11,54.17,0.978462
2.5,1.75,1.0,1.25,0.9,1.0,16,24,13,11,54.17,0.978462
2.5,2.0,1.0,1.25,0.9,1.0,16,24,13,11,54.17,0.978462
2.5,1.5,1.0,1.25,1.0,1.0,8,24,12,12,50.0,0.977893
2.5,1.5,1.0,1.25,1.1,1.0,8,24,12,12,50.0,0.977893
2.5,1.75,1.0,1.25,1.0,1.0,8,24,12,12,50.0,0.977893
2.5,1.75,1.0,1.25,1.1,1.0,8,24,12,12,50.0,0.977893
2.5,2.0,1.0,1.25,1.0,1.0,8,24,12,12,50.0,0.977893
2.5,2.0,1.0,1.25,1.1,1.0,8,24,12,12,50.0,0.977893
2.5,1.5,1.25,1.5,1.0,0.75,12,25,10,15,40.0,0.977633
2.5,1.5,1.25,1.5,1.0,0.75,16,25,10,15,40.0,0.977633
2.5,1.75,1.25,1.5,1.0,0.75,12,25,10,15,40.0,0.977633
2.5,1.75,1.25,1.5,1.0,0.75,16,25,10,15,40.0,0.977633
2.5,2.0,1.25,1.5,1.0,0.75,12,25,10,15,40.0,0.977633
2.5,2.0,1.25,1.5,1.0,0.75,16,25,10,15,40.0,0.977633
2.5,1.5,1.25,1.5,1.1,0.75,12,25,10,15,40.0,0.977056
2.5,1.5,1.25,1.5,1.1,0.75,16,25,10,15,40.0,0.977056
2.5,1.75,1.25,1.5,1.1,0.75,12,25,10,15,40.0,0.977056
2.5,1.75,1.25,1.5,1.1,0.75,16,25,10,15,40.0,0.977056
2.5,2.0,1.25,1.5,1.1,0.75,12,25,10,15,40.0,0.977056
2.5,2.0,1.25,1.5,1.1,0.75,16,25,10,15,40.0,0.977056
2.5,1.5,1.0,1.25,1.0,0.5,8,25,10,15,40.0,0.976771
2.5,1.5,1.0,1.25,1.1,0.5,8,25,10,15,40.0,0.976771
2.5,1.5,1.0,1.5,1.0,0.5,8,25,10,15,40.0,0.976771
2.5,1.75,1.0,1.25,1.0,0.5,8,25,10,15,40.0,0.976771
2.5,1.75,1.0,1.25,1.1,0.5,8,25,10,15,40.0,0.976771
2.5,1.75,1.0,1.5,1.0,0.5,8,25,10,15,40.0,0.976771
2.5,2.0,1.0,1.25,1.0,0.5,8,25,10,15,40.0,0.976771
2.5,2.0,1.0,1.25,1.1,0.5,8,25,10,15,40.0,0.976771
2.5,2.0,1.0,1.5,1.0,0.5,8,25,10,15,40.0,0.976771
2.5,1.5,1.0,1.0,0.9,0.75,8,25,12,13,48.0,0.976152
2.5,1.5,1.0,1.0,0.9,0.75,12,25,12,13,48.0,0.976152
2.5,1.5,1.0,1.0,0.9,0.75,16,25,12,13,48.0,0.976152
2.5,1.75,1.0,1.0,0.9,0.75,8,25,12,13,48.0,0.976152
2.5,1.75,1.0,1.0,0.9,0.75,12,25,12,13,48.0,0.976152
2.5,1.75,1.0,1.0,0.9,0.75,16,25,12,13,48.0,0.976152
2.5,2.0,1.0,1.0,0.9,0.75,8,25,12,13,48.0,0.976152
2.5,2.0,1.0,1.0,0.9,0.75,12,25,12,13,48.0,0.976152
2.5,2.0,1.0,1.0,0.9,0.75,16,25,12,13,48.0,0.976152
2.5,1.5,1.0,1.5,1.1,0.75,8,25,12,13,48.0,0.975781
2.5,1.75,1.0,1.5,1.1,0.75,8,25,12,13,48.0,0.975781
2.5,2.0,1.0,1.5,1.1,0.75,8,25,12,13,48.0,0.975781
2.5,1.5,1.0,1.5,0.9,0.75,8,25,12,13,48.0,0.975598
2.5,1.75,1.0,1.5,0.9,0.75,8,25,12,13,48.0,0.975598
2.5,2.0,1.0,1.5,0.9,0.75,8,25,12,13,48.0,0.975598
2.5,1.5,1.0,1.25,0.9,0.75,12,25,12,13,48.0,0.975457
2.5,1.5,1.0,1.25,0.9,0.75,16,25,12,13,48.0,0.975457
2.5,1.75,1.0,1.25,0.9,0.75,12,25,12,13,48.0,0.975457
2.5,1.75,1.0,1.25,0.9,0.75,16,25,12,13,48.0,0.975457
2.5,2.0,1.0,1.25,0.9,0.75,12,25,12,13,48.0,0.975457
2.5,2.0,1.0,1.25,0.9,0.75,16,25,12,13,48.0,0.975457
2.5,1.5,1.0,1.25,1.0,1.0,16,24,13,11,54.17,0.975139
2.5,1.5,1.0,1.25,1.1,1.0,16,24,13,11,54.17,0.975139
2.5,1.75,1.0,1.25,1.0,1.0,16,24,13,11,54.17,0.975139
2.5,1.75,1.0,1.25,1.1,1.0,16,24,13,11,54.17,0.975139
2.5,2.0,1.0,1.25,1.0,1.0,16,24,13,11,54.17,0.975139
2.5,2.0,1.0,1.25,1.1,1.0,16,24,13,11,54.17,0.975139
2.5,1.5,1.0,1.5,1.1,1.0,8,24,12,12,50.0,0.974459
2.5,1.75,1.0,1.5,1.1,1.0,8,24,12,12,50.0,0.974459
2.5,2.0,1.0,1.5,1.1,1.0,8,24,12,12,50.0,0.974459
2.5,1.5,1.0,1.5,0.9,1.0,8,24,12,12,50.0,0.974276
2.5,1.75,1.0,1.5,0.9,1.0,8,24,12,12,50.0,0.974276
2.5,2.0,1.0,1.5,0.9,1.0,8,24,12,12,50.0,0.974276
2.5,1.5,1.0,1.0,0.9,0.5,8,25,10,15,40.0,0.973712
2.5,1.5,1.0,1.0,0.9,0.5,12,25,10,15,40.0,0.973712
2.5,1.5,1.0,1.0,0.9,0.5,16,25,10,15,40.0,0.973712
2.5,1.75,1.0,1.0,0.9,0.5,8,25,10,15,40.0,0.973712
2.5,1.75,1.0,1.0,0.9,0.5,12,25,10,15,40.0,0.973712
2.5,1.75,1.0,1.0,0.9,0.5,16,25,10,15,40.0,0.973712
2.5,2.0,1.0,1.0,0.9,0.5,8,25,10,15,40.0,0.973712
2.5,2.0,1.0,1.0,0.9,0.5,12,25,10,15,40.0,0.973712
2.5,2.0,1.0,1.0,0.9,0.5,16,25,10,15,40.0,0.973712
2.5,1.5,1.0,1.0,1.0,0.75,8,25,12,13,48.0,0.97362
2.5,1.5,1.0,1.0,1.0,0.75,12,25,12,13,48.0,0.97362
2.5,1.5,1.0,1.0,1.0,0.75,16,25,12,13,48.0,0.97362
2.5,1.5,1.0,1.0,1.1,0.75,8,25,12,13,48.0,0.97362
2.5,1.5,1.0,1.0,1.1,0.75,12,25,12,13,48.0,0.97362
2.5,1.5,1.0,1.0,1.1,0.75,16,25,12,13,48.0,0.97362
2.5,1.75,1.0,1.0,1.0,0.75,8,25,12,13,48.0,0.97362
2.5,1.75,1.0,1.0,1.0,0.75,12,25,12,13,48.0,0.97362
2.5,1.75,1.0,1.0,1.0,0.75,16,25,12,13,48.0,0.97362
2.5,1.75,1.0,1.0,1.1,0.75,8,25,12,13,48.0,0.97362
2.5,1.75,1.0,1.0,1.1,0.75,12,25,12,13,48.0,0.97362
2.5,1.75,1.0,1.0,1.1,0.75,16,25,12,13,48.0,0.97362
2.5,2.0,1.0,1.0,1.0,0.75,8,25,12,13,48.0,0.97362
2.5,2.0,1.0,1.0,1.0,0.75,12,25,12,13,48.0,0.97362
2.5,2.0,1.0,1.0,1.0,0.75,16,25,12,13,48.0,0.97362
2.5,2.0,1.0,1.0,1.1,0.75,8,25,12,13,48.0,0.97362
2.5,2.0,1.0,1.0,1.1,0.75,12,25,12,13,48.0,0.97362
2.5,2.0,1.0,1.0,1.1,0.75,16,25,12,13,48.0,0.97362
2.5,1.5,1.0,1.25,0.9,0.5,12,25,10,15,40.0,0.973019
2.5,1.5,1.0,1.25,0.9,0.5,16,25,10,15,40.0,0.973019
2.5,1.75,1.0,1.25,0.9,0.5,12,25,10,15,40.0,0.973019
2.5,1.75,1.0,1.25,0.9,0.5,16,25,10,15,40.0,0.973019
2.5,2.0,1.0,1.25,0.9,0.5,12,25,10,15,40.0,0.973019
2.5,2.0,1.0,1.25,0.9,0.5,16,25,10,15,40.0,0.973019
2.5,1.5,1.0,1.25,0.9,1.0,12,24,12,12,50.0,0.972789
2.5,1.75,1.0,1.25,0.9,1.0,12,24,12,12,50.0,0.972789
2.5,2.0,1.0,1.25,0.9,1.0,12,24,12,12,50.0,0.972789
2.5,1.5,1.0,1.0,0.9,1.0,8,24,12,12,50.0,0.972712
2.5,1.5,1.0,1.0,0.9,1.0,12,24,12,12,50.0,0.972712
2.5,1.5,1.0,1.0,0.9,1.0,16,24,12,12,50.0,0.972712
2.5,1.75,1.0,1.0,0.9,1.0,8,24,12,12,50.0,0.972712
2.5,1.75,1.0,1.0,0.9,1.0,12,24,12,12,50.0,0.972712
2.5,1.75,1.0,1.0,0.9,1.0,16,24,12,12,50.0,0.972712
2.5,2.0,1.0,1.0,0.9,1.0,8,24,12,12,50.0,0.972712
2.5,2.0,1.0,1.0,0.9,1.0,12,24,12,12,50.0,0.972712
2.5,2.0,1.0,1.0,0.9,1.0,16,24,12,12,50.0,0.972712
2.5,1.5,1.0,1.5,1.0,0.75,8,25,12,13,48.0,0.972285
2.5,1.75,1.0,1.5,1.0,0.75,8,25,12,13,48.0,0.972285
2.5,2.0,1.0,1.5,1.0,0.75,8,25,12,13,48.0,0.972285
2.5,1.5,1.0,1.25,1.0,0.75,12,25,12,13,48.0,0.972144
2.5,1.5,1.0,1.25,1.0,0.75,16,25,12,13,48.0,0.972144
2.5,1.5,1.0,1.25,1.1,0.75,12,25,12,13,48.0,0.972144
2.5,1.5,1.0,1.25,1.1,0.75,16,25,12,13,48.0,0.972144
2.5,1.75,1.0,1.25,1.0,0.75,12,25,12,13,48.0,0.972144
2.5,1.75,1.0,1.25,1.0,0.75,16,25,12,13,48.0,0.972144
2.5,1.75,1.0,1.25,1.1,0.75,12,25,12,13,48.0,0.972144
2.5,1.75,1.0,1.25,1.1,0.75,16,25,12,13,48.0,0.972144
2.5,2.0,1.0,1.25,1.0,0.75,12,25,12,13,48.0,0.972144
2.5,2.0,1.0,1.25,1.0,0.75,16,25,12,13,48.0,0.972144
2.5,2.0,1.0,1.25,1.1,0.75,12,25,12,13,48.0,0.972144
2.5,2.0,1.0,1.25,1.1,0.75,16,25,12,13,48.0,0.972144
2.5,1.5,1.0,1.5,0.9,0.5,12,25,10,15,40.0,0.971434
2.5,1.5,1.0,1.5,0.9,0.5,16,25,10,15,40.0,0.971434
2.5,1.75,1.0,1.5,0.9,0.5,12,25,10,15,40.0,0.971434
2.5,1.75,1.0,1.5,0.9,0.5,16,25,10,15,40.0,0.971434
2.5,2.0,1.0,1.5,0.9,0.5,12,25,10,15,40.0,0.971434
2.5,2.0,1.0,1.5,0.9,0.5,16,25,10,15,40.0,0.971434
2.5,1.5,1.0,1.0,1.0,0.5,8,25,10,15,40.0,0.971186
2.5,1.5,1.0,1.0,1.0,0.5,12,25,10,15,40.0,0.971186
2.5,1.5,1.0,1.0,1.0,0.5,16,25,10,15,40.0,0.971186
2.5,1.5,1.0,1.0,1.1,0.5,8,25,10,15,40.0,0.971186
2.5,1.5,1.0,1.0,1.1,0.5,12,25,10,15,40.0,0.971186
2.5,1.5,1.0,1.0,1.1,0.5,16,25,10,15,40.0,0.971186
2.5,1.75,1.0,1.0,1.0,0.5,8,25,10,15,40.0,0.971186
2.5,1.75,1.0,1.0,1.0,0.5,12,25,10,15,40.0,0.971186
2.5,1.75,1.0,1.0,1.0,0.5,16,25,10,15,40.0,0.971186
2.5,1.75,1.0,1.0,1.1,0.5,8,25,10,15,40.0,0.971186
2.5,1.75,1.0,1.0,1.1,0.5,12,25,10,15,40.0,0.971186
2.5,1.75,1.0,1.0,1.1,0.5,16,25,10,15,40.0,0.971186
2.5,2.0,1.0,1.0,1.0,0.5,8,25,10,15,40.0,0.971186
2.5,2.0,1.0,1.0,1.0,0.5,12,25,10,15,40.0,0.971186
2.5,2.0,1.0,1.0,1.0,0.5,16,25,10,15,40.0,0.971186
2.5,2.0,1.0,1.0,1.1,0.5,8,25,10,15,40.0,0.971186
2.5,2.0,1.0,1.0,1.1,0.5,12,25,10,15,40.0,0.971186
2.5,2.0,1.0,1.0,1.1,0.5,16,25,10,15,40.0,0.971186
2.5,1.5,1.0,1.5,1.0,1.0,8,24,12,12,50.0,0.970967
2.5,1.75,1.0,1.5,1.0,1.0,8,24,12,12,50.0,0.970967
2.5,2.0,1.0,1.5,1.0,1.0,8,24,12,12,50.0,0.970967
2.5,1.5,1.0,1.0,1.0,1.0,8,24,12,12,50.0,0.970189
2.5,1.5,1.0,1.0,1.0,1.0,12,24,12,12,50.0,0.970189
2.5,1.5,1.0,1.0,1.0,1.0,16,24,12,12,50.0,0.970189
2.5,1.5,1.0,1.0,1.1,1.0,8,24,12,12,50.0,0.970189
2.5,1.5,1.0,1.0,1.1,1.0,12,24,12,12,50.0,0.970189
2.5,1.5,1.0,1.0,1.1,1.0,16,24,12,12,50.0,0.970189
2.5,1.75,1.0,1.0,1.0,1.0,8,24,12,12,50.0,0.970189
2.5,1.75,1.0,1.0,1.0,1.0,12,24,12,12,50.0,0.970189
2.5,1.75,1.0,1.0,1.0,1.0,16,24,12,12,50.0,0.970189
2.5,1.75,1.0,1.0,1.1,1.0,8,24,12,12,50.0,0.970189
2.5,1.75,1.0,1.0,1.1,1.0,12,24,12,12,50.0,0.970189
2.5,1.75,1.0,1.0,1.1,1.0,16,24,12,12,50.0,0.970189
2.5,2.0,1.0,1.0,1.0,1.0,8,24,12,12,50.0,0.970189
2.5,2.0,1.0,1.0,1.0,1.0,12,24,12,12,50.0,0.970189
2.5,2.0,1.0,1.0,1.0,1.0,16,24,12,12,50.0,0.970189
2.5,2.0,1.0,1.0,1.1,1.0,8,24,12,12,50.0,0.970189
2.5,2.0,1.0,1.0,1.1,1.0,12,24,12,12,50.0,0.970189
2.5,2.0,1.0,1.0,1.1,1.0,16,24,12,12,50.0,0.970189
2.5,1.5,1.0,1.25,1.0,0.5,12,25,10,15,40.0,0.969714
2.5,1.5,1.0,1.25,1.0,0.5,16,25,10,15,40.0,0.969714
2.5,1.5,1.0,1.25,1.1,0.5,12,25,10,15,40.0,0.969714
2.5,1.5,1.0,1.25,1.1,0.5,16,25,10,15,40.0,0.969714
2.5,1.75,1.0,1.25,1.0,0.5,12,25,10,15,40.0,0.969714
2.5,1.75,1.0,1.25,1.0,0.5,16,25,10,15,40.0,0.969714
2.5,1.75,1.0,1.25,1.1,0.5,12,25,10,15,40.0,0.969714
2.5,1.75,1.0,1.25,1.1,0.5,16,25,10,15,40.0,0.969714
2.5,2.0,1.0,1.25,1.0,0.5,12,25,10,15,40.0,0.969714
2.5,2.0,1.0,1.25,1.0,0.5,16,25,10,15,40.0,0.969714
2.5,2.0,1.0,1.25,1.1,0.5,12,25,10,15,40.0,0.969714
2.5,2.0,1.0,1.25,1.1,0.5,16,25,10,15,40.0,0.969714
2.5,1.5,1.0,1.25,1.0,1.0,12,24,12,12,50.0,0.969485
2.5,1.5,1.0,1.25,1.1,1.0,12,24,12,12,50.0,0.969485
2.5,1.75,1.0,1.25,1.0,1.0,12,24,12,12,50.0,0.969485
2.5,1.75,1.0,1.25,1.1,1.0,12,24,12,12,50.0,0.969485
2.5,2.0,1.0,1.25,1.0,1.0,12,24,12,12,50.0,0.969485
2.5,2.0,1.0,1.25,1.1,1.0,12,24,12,12,50.0,0.969485
2.5,1.5,1.0,1.5,1.0,0.5,12,25,10,15,40.0,0.968135
2.5,1.5,1.0,1.5,1.0,0.5,16,25,10,15,40.0,0.968135
2.5,1.75,1.0,1.5,1.0,0.5,12,25,10,15,40.0,0.968135
2.5,1.75,1.0,1.5,1.0,0.5,16,25,10,15,40.0,0.968135
2.5,2.0,1.0,1.5,1.0,0.5,12,25,10,15,40.0,0.968135
2.5,2.0,1.0,1.5,1.0,0.5,16,25,10,15,40.0,0.968135
2.5,1.5,1.0,1.5,1.1,0.5,12,25,10,15,40.0,0.967563
2.5,1.5,1.0,1.5,1.1,0.5,16,25,10,15,40.0,0.967563
2.5,1.75,1.0,1.5,1.1,0.5,12,25,10,15,40.0,0.967563
2.5,1.75,1.0,1.5,1.1,0.5,16,25,10,15,40.0,0.967563
2.5,2.0,1.0,1.5,1.1,0.5,12,25,10,15,40.0,0.967563
2.5,2.0,1.0,1.5,1.1,0.5,16,25,10,15,40.0,0.967563
2.5,1.5,1.0,1.5,0.9,1.0,16,24,13,11,54.17,0.967224
2.5,1.75,1.0,1.5,0.9,1.0,16,24,13,11,54.17,0.967224
2.5,2.0,1.0,1.5,0.9,1.0,16,24,13,11,54.17,0.967224
2.5,1.5,1.0,1.5,0.9,0.75,12,25,12,13,48.0,0.964253
2.5,1.5,1.0,1.5,0.9,0.75,16,25,12,13,48.0,0.964253
2.5,1.75,1.0,1.5,0.9,0.75,12,25,12,13,48.0,0.964253
2.5,1.75,1.0,1.5,0.9,0.75,16,25,12,13,48.0,0.964253
2.5,2.0,1.0,1.5,0.9,0.75,12,25,12,13,48.0,0.964253
2.5,2.0,1.0,1.5,0.9,0.75,16,25,12,13,48.0,0.964253
2.5,1.5,1.0,1.5,1.0,1.0,16,24,13,11,54.17,0.963939
2.5,1.75,1.0,1.5,1.0,1.0,16,24,13,11,54.17,0.963939
2.5,2.0,1.0,1.5,1.0,1.0,16,24,13,11,54.17,0.963939
2.5,1.5,1.0,1.5,1.1,1.0,16,24,13,11,54.17,0.96337
2.5,1.75,1.0,1.5,1.1,1.0,16,24,13,11,54.17,0.96337
2.5,2.0,1.0,1.5,1.1,1.0,16,24,13,11,54.17,0.96337
2.5,1.5,1.0,1.5,0.9,1.0,12,24,12,12,50.0,0.961616
2.5,1.75,1.0,1.5,0.9,1.0,12,24,12,12,50.0,0.961616
2.5,2.0,1.0,1.5,0.9,1.0,12,24,12,12,50.0,0.961616
2.5,1.5,1.0,1.5,1.0,0.75,12,25,12,13,48.0,0.960978
2.5,1.5,1.0,1.5,1.0,0.75,16,25,12,13,48.0,0.960978
2.5,1.75,1.0,1.5,1.0,0.75,12,25,12,13,48.0,0.960978
2.5,1.75,1.0,1.5,1.0,0.75,16,25,12,13,48.0,0.960978
2.5,2.0,1.0,1.5,1.0,0.75,12,25,12,13,48.0,0.960978
2.5,2.0,1.0,1.5,1.0,0.75,16,25,12,13,48.0,0.960978
2.5,1.5,1.0,1.5,1.1,0.75,12,25,12,13,48.0,0.96041
2.5,1.5,1.0,1.5,1.1,0.75,16,25,12,13,48.0,0.96041
2.5,1.75,1.0,1.5,1.1,0.75,12,25,12,13,48.0,0.96041
2.5,1.75,1.0,1.5,1.1,0.75,16,25,12,13,48.0,0.96041
2.5,2.0,1.0,1.5,1.1,0.75,12,25,12,13,48.0,0.96041
2.5,2.0,1.0,1.5,1.1,0.75,16,25,12,13,48.0,0.96041
2.5,1.5,1.0,1.5,1.0,1.0,12,24,12,12,50.0,0.95835
2.5,1.75,1.0,1.5,1.0,1.0,12,24,12,12,50.0,0.95835
2.5,2.0,1.0,1.5,1.0,1.0,12,24,12,12,50.0,0.95835
2.5,1.5,1.0,1.5,1.1,1.0,12,24,12,12,50.0,0.957784
2.5,1.75,1.0,1.5,1.1,1.0,12,24,12,12,50.0,0.957784
2.5,2.0,1.0,1.5,1.1,1.0,12,24,12,12,50.0,0.957784
