vol_x,ema_fast,ema_slow,base_k,ratio_max,adx_thr,stop_mult,trail_TR,tp_TR,trail_RG,tp_RG,cooldown,trades,wins,losses,win_rate_pct,equity_multiple
0.85,20,100,1.6,1.4,18,1.0,2.0,3.0,1.5,1.5,1,36,19,17,52.78,1.006525
0.85,20,100,1.6,1.4,18,1.0,2.0,4.0,1.5,1.5,1,36,19,17,52.78,1.006525
0.85,20,100,1.6,1.4,18,1.0,2.5,3.0,1.5,1.5,1,36,19,17,52.78,1.006525
0.85,20,100,1.6,1.4,18,1.0,2.5,4.0,1.5,1.5,1,36,19,17,52.78,1.006525
0.85,20,100,1.6,1.4,18,1.5,2.0,3.0,1.5,1.5,1,36,19,17,52.78,0.998131
0.85,20,100,1.6,1.4,18,1.5,2.0,4.0,1.5,1.5,1,36,19,17,52.78,0.998131
0.85,20,100,1.6,1.4,18,1.5,2.5,3.0,1.5,1.5,1,36,19,17,52.78,0.998131
0.85,20,100,1.6,1.4,18,1.5,2.5,4.0,1.5,1.5,1,36,19,17,52.78,0.998131
0.85,20,100,1.6,1.4,22,1.0,2.0,3.0,1.5,1.5,1,37,20,17,54.05,1.022746
0.85,20,100,1.6,1.4,22,1.0,2.0,4.0,1.5,1.5,1,37,20,17,54.05,1.022746
0.85,20,100,1.6,1.4,22,1.0,2.5,3.0,1.5,1.5,1,37,20,17,54.05,1.022746
0.85,20,100,1.6,1.4,22,1.0,2.5,4.0,1.5,1.5,1,37,20,17,54.05,1.022746
0.85,20,100,1.6,1.4,22,1.5,2.0,3.0,1.5,1.5,1,37,20,17,54.05,1.014217
0.85,20,100,1.6,1.4,22,1.5,2.0,4.0,1.5,1.5,1,37,20,17,54.05,1.014217
0.85,20,100,1.6,1.4,22,1.5,2.5,3.0,1.5,1.5,1,37,20,17,54.05,1.014217
0.85,20,100,1.6,1.4,22,1.5,2.5,4.0,1.5,1.5,1,37,20,17,54.05,1.014217
0.85,20,100,1.6,1.6,18,1.0,2.0,3.0,1.5,1.5,1,36,19,17,52.78,1.012131
0.85,20,100,1.6,1.6,18,1.0,2.0,4.0,1.5,1.5,1,36,19,17,52.78,1.012131
0.85,20,100,1.6,1.6,18,1.0,2.5,3.0,1.5,1.5,1,36,19,17,52.78,1.012131
0.85,20,100,1.6,1.6,18,1.0,2.5,4.0,1.5,1.5,1,36,19,17,52.78,1.012131
0.85,20,100,1.6,1.6,18,1.5,2.0,3.0,1.5,1.5,1,36,19,17,52.78,1.00369
0.85,20,100,1.6,1.6,18,1.5,2.0,4.0,1.5,1.5,1,36,19,17,52.78,1.00369
0.85,20,100,1.6,1.6,18,1.5,2.5,3.0,1.5,1.5,1,36,19,17,52.78,1.00369
0.85,20,100,1.6,1.6,18,1.5,2.5,4.0,1.5,1.5,1,36,19,17,52.78,1.00369
0.85,20,100,1.6,1.6,22,1.0,2.0,3.0,1.5,1.5,1,37,20,17,54.05,1.028442
0.85,20,100,1.6,1.6,22,1.0,2.0,4.0,1.5,1.5,1,37,20,17,54.05,1.028442
0.85,20,100,1.6,1.6,22,1.0,2.5,3.0,1.5,1.5,1,37,20,17,54.05,1.028442
0.85,20,100,1.6,1.6,22,1.0,2.5,4.0,1.5,1.5,1,37,20,17,54.05,1.028442
0.85,20,100,1.6,1.6,22,1.5,2.0,3.0,1.5,1.5,1,37,20,17,54.05,1.019865
0.85,20,100,1.6,1.6,22,1.5,2.0,4.0,1.5,1.5,1,37,20,17,54.05,1.019865
0.85,20,100,1.6,1.6,22,1.5,2.5,3.0,1.5,1.5,1,37,20,17,54.05,1.019865
0.85,20,100,1.6,1.6,22,1.5,2.5,4.0,1.5,1.5,1,37,20,17,54.05,1.019865
0.85,20,100,1.8,1.4,18,1.0,2.0,3.0,1.5,1.5,1,28,13,15,46.43,0.981112
0.85,20,100,1.8,1.4,18,1.0,2.0,4.0,1.5,1.5,1,28,13,15,46.43,0.981112
0.85,20,100,1.8,1.4,18,1.0,2.5,3.0,1.5,1.5,1,28,13,15,46.43,0.981112
0.85,20,100,1.8,1.4,18,1.0,2.5,4.0,1.5,1.5,1,28,13,15,46.43,0.981112
0.85,20,100,1.8,1.4,18,1.5,2.0,3.0,1.5,1.5,1,28,13,15,46.43,0.961685
0.85,20,100,1.8,1.4,18,1.5,2.0,4.0,1.5,1.5,1,28,13,15,46.43,0.961685
0.85,20,100,1.8,1.4,18,1.5,2.5,3.0,1.5,1.5,1,28,13,15,46.43,0.961685
0.85,20,100,1.8,1.4,18,1.5,2.5,4.0,1.5,1.5,1,28,13,15,46.43,0.961685
0.85,20,100,1.8,1.4,22,1.0,2.0,3.0,1.5,1.5,1,28,13,15,46.43,0.981112
0.85,20,100,1.8,1.4,22,1.0,2.0,4.0,1.5,1.5,1,28,13,15,46.43,0.981112
0.85,20,100,1.8,1.4,22,1.0,2.5,3.0,1.5,1.5,1,28,13,15,46.43,0.981112
0.85,20,100,1.8,1.4,22,1.0,2.5,4.0,1.5,1.5,1,28,13,15,46.43,0.981112
0.85,20,100,1.8,1.4,22,1.5,2.0,3.0,1.5,1.5,1,28,13,15,46.43,0.961685
0.85,20,100,1.8,1.4,22,1.5,2.0,4.0,1.5,1.5,1,28,13,15,46.43,0.961685
0.85,20,100,1.8,1.4,22,1.5,2.5,3.0,1.5,1.5,1,28,13,15,46.43,0.961685
0.85,20,100,1.8,1.4,22,1.5,2.5,4.0,1.5,1.5,1,28,13,15,46.43,0.961685
0.85,20,100,1.8,1.6,18,1.0,2.0,3.0,1.5,1.5,1,27,13,14,48.15,0.990124
0.85,20,100,1.8,1.6,18,1.0,2.0,4.0,1.5,1.5,1,27,13,14,48.15,0.990124
0.85,20,100,1.8,1.6,18,1.0,2.5,3.0,1.5,1.5,1,27,13,14,48.15,0.990124
0.85,20,100,1.8,1.6,18,1.0,2.5,4.0,1.5,1.5,1,27,13,14,48.15,0.990124
0.85,20,100,1.8,1.6,18,1.5,2.0,3.0,1.5,1.5,1,27,13,14,48.15,0.970519
0.85,20,100,1.8,1.6,18,1.5,2.0,4.0,1.5,1.5,1,27,13,14,48.15,0.970519
0.85,20,100,1.8,1.6,18,1.5,2.5,3.0,1.5,1.5,1,27,13,14,48.15,0.970519
0.85,20,100,1.8,1.6,18,1.5,2.5,4.0,1.5,1.5,1,27,13,14,48.15,0.970519
0.85,20,100,1.8,1.6,22,1.0,2.0,3.0,1.5,1.5,1,27,13,14,48.15,0.990124
0.85,20,100,1.8,1.6,22,1.0,2.0,4.0,1.5,1.5,1,27,13,14,48.15,0.990124
0.85,20,100,1.8,1.6,22,1.0,2.5,3.0,1.5,1.5,1,27,13,14,48.15,0.990124
0.85,20,100,1.8,1.6,22,1.0,2.5,4.0,1.5,1.5,1,27,13,14,48.15,0.990124
0.85,20,100,1.8,1.6,22,1.5,2.0,3.0,1.5,1.5,1,27,13,14,48.15,0.970519
0.85,20,100,1.8,1.6,22,1.5,2.0,4.0,1.5,1.5,1,27,13,14,48.15,0.970519
0.85,20,100,1.8,1.6,22,1.5,2.5,3.0,1.5,1.5,1,27,13,14,48.15,0.970519
0.85,20,100,1.8,1.6,22,1.5,2.5,4.0,1.5,1.5,1,27,13,14,48.15,0.970519
0.85,20,200,1.6,1.4,18,1.0,2.0,3.0,1.5,1.5,1,35,19,16,54.29,1.001705
0.85,20,200,1.6,1.4,18,1.0,2.0,4.0,1.5,1.5,1,35,19,16,54.29,1.001705
0.85,20,200,1.6,1.4,18,1.0,2.5,3.0,1.5,1.5,1,35,19,16,54.29,1.001705
0.85,20,200,1.6,1.4,18,1.0,2.5,4.0,1.5,1.5,1,35,19,16,54.29,1.001705
0.85,20,200,1.6,1.4,18,1.5,2.0,3.0,1.5,1.5,1,34,19,15,55.88,0.993027
0.85,20,200,1.6,1.4,18,1.5,2.0,4.0,1.5,1.5,1,34,19,15,55.88,0.993027
0.85,20,200,1.6,1.4,18,1.5,2.5,3.0,1.5,1.5,1,34,19,15,55.88,0.993027
0.85,20,200,1.6,1.4,18,1.5,2.5,4.0,1.5,1.5,1,34,19,15,55.88,0.993027
0.85,20,200,1.6,1.4,22,1.0,2.0,3.0,1.5,1.5,1,34,18,16,52.94,1.009713
0.85,20,200,1.6,1.4,22,1.0,2.0,4.0,1.5,1.5,1,34,18,16,52.94,1.009713
0.85,20,200,1.6,1.4,22,1.0,2.5,3.0,1.5,1.5,1,34,18,16,52.94,1.009713
0.85,20,200,1.6,1.4,22,1.0,2.5,4.0,1.5,1.5,1,34,18,16,52.94,1.009713
0.85,20,200,1.6,1.4,22,1.5,2.0,3.0,1.5,1.5,1,33,18,15,54.55,1.000965
0.85,20,200,1.6,1.4,22,1.5,2.0,4.0,1.5,1.5,1,33,18,15,54.55,1.000965
0.85,20,200,1.6,1.4,22,1.5,2.5,3.0,1.5,1.5,1,33,18,15,54.55,1.000965
0.85,20,200,1.6,1.4,22,1.5,2.5,4.0,1.5,1.5,1,33,18,15,54.55,1.000965
0.85,20,200,1.6,1.6,18,1.0,2.0,3.0,1.5,1.5,1,35,19,16,54.29,1.007284
0.85,20,200,1.6,1.6,18,1.0,2.0,4.0,1.5,1.5,1,35,19,16,54.29,1.007284
0.85,20,200,1.6,1.6,18,1.0,2.5,3.0,1.5,1.5,1,35,19,16,54.29,1.007284
0.85,20,200,1.6,1.6,18,1.0,2.5,4.0,1.5,1.5,1,35,19,16,54.29,1.007284
0.85,20,200,1.6,1.6,18,1.5,2.0,3.0,1.5,1.5,1,34,19,15,55.88,0.998558
0.85,20,200,1.6,1.6,18,1.5,2.0,4.0,1.5,1.5,1,34,19,15,55.88,0.998558
0.85,20,200,1.6,1.6,18,1.5,2.5,3.0,1.5,1.5,1,34,19,15,55.88,0.998558
0.85,20,200,1.6,1.6,18,1.5,2.5,4.0,1.5,1.5,1,34,19,15,55.88,0.998558
0.85,20,200,1.6,1.6,22,1.0,2.0,3.0,1.5,1.5,1,34,18,16,52.94,1.015336
0.85,20,200,1.6,1.6,22,1.0,2.0,4.0,1.5,1.5,1,34,18,16,52.94,1.015336
0.85,20,200,1.6,1.6,22,1.0,2.5,3.0,1.5,1.5,1,34,18,16,52.94,1.015336
0.85,20,200,1.6,1.6,22,1.0,2.5,4.0,1.5,1.5,1,34,18,16,52.94,1.015336
0.85,20,200,1.6,1.6,22,1.5,2.0,3.0,1.5,1.5,1,33,18,15,54.55,1.00654
0.85,20,200,1.6,1.6,22,1.5,2.0,4.0,1.5,1.5,1,33,18,15,54.55,1.00654
0.85,20,200,1.6,1.6,22,1.5,2.5,3.0,1.5,1.5,1,33,18,15,54.55,1.00654
0.85,20,200,1.6,1.6,22,1.5,2.5,4.0,1.5,1.5,1,33,18,15,54.55,1.00654
0.85,20,200,1.8,1.4,18,1.0,2.0,3.0,1.5,1.5,1,27,12,15,44.44,0.966041
0.85,20,200,1.8,1.4,18,1.0,2.0,4.0,1.5,1.5,1,27,12,15,44.44,0.966041
0.85,20,200,1.8,1.4,18,1.0,2.5,3.0,1.5,1.5,1,27,12,15,44.44,0.966041
0.85,20,200,1.8,1.4,18,1.0,2.5,4.0,1.5,1.5,1,27,12,15,44.44,0.966041
0.85,20,200,1.8,1.4,18,1.5,2.0,3.0,1.5,1.5,1,27,12,15,44.44,0.946913
0.85,20,200,1.8,1.4,18,1.5,2.0,4.0,1.5,1.5,1,27,12,15,44.44,0.946913
0.85,20,200,1.8,1.4,18,1.5,2.5,3.0,1.5,1.5,1,27,12,15,44.44,0.946913
0.85,20,200,1.8,1.4,18,1.5,2.5,4.0,1.5,1.5,1,27,12,15,44.44,0.946913
0.85,20,200,1.8,1.4,22,1.0,2.0,3.0,1.5,1.5,1,26,12,14,46.15,0.965669
0.85,20,200,1.8,1.4,22,1.0,2.0,4.0,1.5,1.5,1,26,12,14,46.15,0.965669
0.85,20,200,1.8,1.4,22,1.0,2.5,3.0,1.5,1.5,1,26,12,14,46.15,0.965669
0.85,20,200,1.8,1.4,22,1.0,2.5,4.0,1.5,1.5,1,26,12,14,46.15,0.965669
0.85,20,200,1.8,1.4,22,1.5,2.0,3.0,1.5,1.5,1,26,12,14,46.15,0.946548
0.85,20,200,1.8,1.4,22,1.5,2.0,4.0,1.5,1.5,1,26,12,14,46.15,0.946548
0.85,20,200,1.8,1.4,22,1.5,2.5,3.0,1.5,1.5,1,26,12,14,46.15,0.946548
0.85,20,200,1.8,1.4,22,1.5,2.5,4.0,1.5,1.5,1,26,12,14,46.15,0.946548
0.85,20,200,1.8,1.6,18,1.0,2.0,3.0,1.5,1.5,1,26,12,14,46.15,0.974915
0.85,20,200,1.8,1.6,18,1.0,2.0,4.0,1.5,1.5,1,26,12,14,46.15,0.974915
0.85,20,200,1.8,1.6,18,1.0,2.5,3.0,1.5,1.5,1,26,12,14,46.15,0.974915
0.85,20,200,1.8,1.6,18,1.0,2.5,4.0,1.5,1.5,1,26,12,14,46.15,0.974915
0.85,20,200,1.8,1.6,18,1.5,2.0,3.0,1.5,1.5,1,26,12,14,46.15,0.955611
0.85,20,200,1.8,1.6,18,1.5,2.0,4.0,1.5,1.5,1,26,12,14,46.15,0.955611
0.85,20,200,1.8,1.6,18,1.5,2.5,3.0,1.5,1.5,1,26,12,14,46.15,0.955611
0.85,20,200,1.8,1.6,18,1.5,2.5,4.0,1.5,1.5,1,26,12,14,46.15,0.955611
0.85,20,200,1.8,1.6,22,1.0,2.0,3.0,1.5,1.5,1,25,12,13,48.0,0.974539
0.85,20,200,1.8,1.6,22,1.0,2.0,4.0,1.5,1.5,1,25,12,13,48.0,0.974539
0.85,20,200,1.8,1.6,22,1.0,2.5,3.0,1.5,1.5,1,25,12,13,48.0,0.974539
0.85,20,200,1.8,1.6,22,1.0,2.5,4.0,1.5,1.5,1,25,12,13,48.0,0.974539
0.85,20,200,1.8,1.6,22,1.5,2.0,3.0,1.5,1.5,1,25,12,13,48.0,0.955242
0.85,20,200,1.8,1.6,22,1.5,2.0,4.0,1.5,1.5,1,25,12,13,48.0,0.955242
0.85,20,200,1.8,1.6,22,1.5,2.5,3.0,1.5,1.5,1,25,12,13,48.0,0.955242
0.85,20,200,1.8,1.6,22,1.5,2.5,4.0,1.5,1.5,1,25,12,13,48.0,0.955242
0.85,50,100,1.6,1.4,18,1.0,2.0,3.0,1.5,1.5,1,34,17,17,50.0,0.994682
0.85,50,100,1.6,1.4,18,1.0,2.0,4.0,1.5,1.5,1,34,17,17,50.0,0.994682
0.85,50,100,1.6,1.4,18,1.0,2.5,3.0,1.5,1.5,1,34,17,17,50.0,0.994682
0.85,50,100,1.6,1.4,18,1.0,2.5,4.0,1.5,1.5,1,34,17,17,50.0,0.994682
0.85,50,100,1.6,1.4,18,1.5,2.0,3.0,1.5,1.5,1,34,17,17,50.0,0.985229
0.85,50,100,1.6,1.4,18,1.5,2.0,4.0,1.5,1.5,1,34,17,17,50.0,0.985229
0.85,50,100,1.6,1.4,18,1.5,2.5,3.0,1.5,1.5,1,34,17,17,50.0,0.985229
0.85,50,100,1.6,1.4,18,1.5,2.5,4.0,1.5,1.5,1,34,17,17,50.0,0.985229
0.85,50,100,1.6,1.4,22,1.0,2.0,3.0,1.5,1.5,1,35,18,17,51.43,1.010712
0.85,50,100,1.6,1.4,22,1.0,2.0,4.0,1.5,1.5,1,35,18,17,51.43,1.010712
0.85,50,100,1.6,1.4,22,1.0,2.5,3.0,1.5,1.5,1,35,18,17,51.43,1.010712
0.85,50,100,1.6,1.4,22,1.0,2.5,4.0,1.5,1.5,1,35,18,17,51.43,1.010712
0.85,50,100,1.6,1.4,22,1.5,2.0,3.0,1.5,1.5,1,35,18,17,51.43,1.001107
0.85,50,100,1.6,1.4,22,1.5,2.0,4.0,1.5,1.5,1,35,18,17,51.43,1.001107
0.85,50,100,1.6,1.4,22,1.5,2.5,3.0,1.5,1.5,1,35,18,17,51.43,1.001107
0.85,50,100,1.6,1.4,22,1.5,2.5,4.0,1.5,1.5,1,35,18,17,51.43,1.001107
0.85,50,100,1.6,1.6,18,1.0,2.0,3.0,1.5,1.5,1,34,17,17,50.0,1.000221
0.85,50,100,1.6,1.6,18,1.0,2.0,4.0,1.5,1.5,1,34,17,17,50.0,1.000221
0.85,50,100,1.6,1.6,18,1.0,2.5,3.0,1.5,1.5,1,34,17,17,50.0,1.000221
0.85,50,100,1.6,1.6,18,1.0,2.5,4.0,1.5,1.5,1,34,17,17,50.0,1.000221
0.85,50,100,1.6,1.6,18,1.5,2.0,3.0,1.5,1.5,1,34,17,17,50.0,0.990716
0.85,50,100,1.6,1.6,18,1.5,2.0,4.0,1.5,1.5,1,34,17,17,50.0,0.990716
0.85,50,100,1.6,1.6,18,1.5,2.5,3.0,1.5,1.5,1,34,17,17,50.0,0.990716
0.85,50,100,1.6,1.6,18,1.5,2.5,4.0,1.5,1.5,1,34,17,17,50.0,0.990716
0.85,50,100,1.6,1.6,22,1.0,2.0,3.0,1.5,1.5,1,35,18,17,51.43,1.016341
0.85,50,100,1.6,1.6,22,1.0,2.0,4.0,1.5,1.5,1,35,18,17,51.43,1.016341
0.85,50,100,1.6,1.6,22,1.0,2.5,3.0,1.5,1.5,1,35,18,17,51.43,1.016341
0.85,50,100,1.6,1.6,22,1.0,2.5,4.0,1.5,1.5,1,35,18,17,51.43,1.016341
0.85,50,100,1.6,1.6,22,1.5,2.0,3.0,1.5,1.5,1,35,18,17,51.43,1.006683
0.85,50,100,1.6,1.6,22,1.5,2.0,4.0,1.5,1.5,1,35,18,17,51.43,1.006683
0.85,50,100,1.6,1.6,22,1.5,2.5,3.0,1.5,1.5,1,35,18,17,51.43,1.006683
0.85,50,100,1.6,1.6,22,1.5,2.5,4.0,1.5,1.5,1,35,18,17,51.43,1.006683
0.85,50,100,1.8,1.4,18,1.0,2.0,3.0,1.5,1.5,1,27,11,16,40.74,0.961127
0.85,50,100,1.8,1.4,18,1.0,2.0,4.0,1.5,1.5,1,27,11,16,40.74,0.961127
0.85,50,100,1.8,1.4,18,1.0,2.5,3.0,1.5,1.5,1,27,11,16,40.74,0.961127
0.85,50,100,1.8,1.4,18,1.0,2.5,4.0,1.5,1.5,1,27,11,16,40.74,0.961127
0.85,50,100,1.8,1.4,18,1.5,2.0,3.0,1.5,1.5,1,27,11,16,40.74,0.942096
0.85,50,100,1.8,1.4,18,1.5,2.0,4.0,1.5,1.5,1,27,11,16,40.74,0.942096
0.85,50,100,1.8,1.4,18,1.5,2.5,3.0,1.5,1.5,1,27,11,16,40.74,0.942096
0.85,50,100,1.8,1.4,18,1.5,2.5,4.0,1.5,1.5,1,27,11,16,40.74,0.942096
0.85,50,100,1.8,1.4,22,1.0,2.0,3.0,1.5,1.5,1,27,11,16,40.74,0.961127
0.85,50,100,1.8,1.4,22,1.0,2.0,4.0,1.5,1.5,1,27,11,16,40.74,0.961127
0.85,50,100,1.8,1.4,22,1.0,2.5,3.0,1.5,1.5,1,27,11,16,40.74,0.961127
0.85,50,100,1.8,1.4,22,1.0,2.5,4.0,1.5,1.5,1,27,11,16,40.74,0.961127
0.85,50,100,1.8,1.4,22,1.5,2.0,3.0,1.5,1.5,1,27,11,16,40.74,0.942096
0.85,50,100,1.8,1.4,22,1.5,2.0,4.0,1.5,1.5,1,27,11,16,40.74,0.942096
0.85,50,100,1.8,1.4,22,1.5,2.5,3.0,1.5,1.5,1,27,11,16,40.74,0.942096
0.85,50,100,1.8,1.4,22,1.5,2.5,4.0,1.5,1.5,1,27,11,16,40.74,0.942096
0.85,50,100,1.8,1.6,18,1.0,2.0,3.0,1.5,1.5,1,26,11,15,42.31,0.969956
0.85,50,100,1.8,1.6,18,1.0,2.0,4.0,1.5,1.5,1,26,11,15,42.31,0.969956
0.85,50,100,1.8,1.6,18,1.0,2.5,3.0,1.5,1.5,1,26,11,15,42.31,0.969956
0.85,50,100,1.8,1.6,18,1.0,2.5,4.0,1.5,1.5,1,26,11,15,42.31,0.969956
0.85,50,100,1.8,1.6,18,1.5,2.0,3.0,1.5,1.5,1,26,11,15,42.31,0.95075
0.85,50,100,1.8,1.6,18,1.5,2.0,4.0,1.5,1.5,1,26,11,15,42.31,0.95075
0.85,50,100,1.8,1.6,18,1.5,2.5,3.0,1.5,1.5,1,26,11,15,42.31,0.95075
0.85,50,100,1.8,1.6,18,1.5,2.5,4.0,1.5,1.5,1,26,11,15,42.31,0.95075
0.85,50,100,1.8,1.6,22,1.0,2.0,3.0,1.5,1.5,1,26,11,15,42.31,0.969956
0.85,50,100,1.8,1.6,22,1.0,2.0,4.0,1.5,1.5,1,26,11,15,42.31,0.969956
0.85,50,100,1.8,1.6,22,1.0,2.5,3.0,1.5,1.5,1,26,11,15,42.31,0.969956
0.85,50,100,1.8,1.6,22,1.0,2.5,4.0,1.5,1.5,1,26,11,15,42.31,0.969956
0.85,50,100,1.8,1.6,22,1.5,2.0,3.0,1.5,1.5,1,26,11,15,42.31,0.95075
0.85,50,100,1.8,1.6,22,1.5,2.0,4.0,1.5,1.5,1,26,11,15,42.31,0.95075
0.85,50,100,1.8,1.6,22,1.5,2.5,3.0,1.5,1.5,1,26,11,15,42.31,0.95075
0.85,50,100,1.8,1.6,22,1.5,2.5,4.0,1.5,1.5,1,26,11,15,42.31,0.95075
0.85,50,200,1.6,1.4,18,1.0,2.0,3.0,1.5,1.5,1,33,18,15,54.55,1.004444
0.85,50,200,1.6,1.4,18,1.0,2.0,4.0,1.5,1.5,1,33,18,15,54.55,1.004444
0.85,50,200,1.6,1.4,18,1.0,2.5,3.0,1.5,1.5,1,33,18,15,54.55,1.004444
0.85,50,200,1.6,1.4,18,1.0,2.5,4.0,1.5,1.5,1,33,18,15,54.55,1.004444
0.85,50,200,1.6,1.4,18,1.5,2.0,3.0,1.5,1.5,1,33,18,15,54.55,0.994899
0.85,50,200,1.6,1.4,18,1.5,2.0,4.0,1.5,1.5,1,33,18,15,54.55,0.994899
0.85,50,200,1.6,1.4,18,1.5,2.5,3.0,1.5,1.5,1,33,18,15,54.55,0.994899
0.85,50,200,1.6,1.4,18,1.5,2.5,4.0,1.5,1.5,1,33,18,15,54.55,0.994899
0.85,50,200,1.6,1.4,22,1.0,2.0,3.0,1.5,1.5,1,32,17,15,53.12,1.012474
0.85,50,200,1.6,1.4,22,1.0,2.0,4.0,1.5,1.5,1,32,17,15,53.12,1.012474
0.85,50,200,1.6,1.4,22,1.0,2.5,3.0,1.5,1.5,1,32,17,15,53.12,1.012474
0.85,50,200,1.6,1.4,22,1.0,2.5,4.0,1.5,1.5,1,32,17,15,53.12,1.012474
0.85,50,200,1.6,1.4,22,1.5,2.0,3.0,1.5,1.5,1,32,17,15,53.12,1.002852
0.85,50,200,1.6,1.4,22,1.5,2.0,4.0,1.5,1.5,1,32,17,15,53.12,1.002852
0.85,50,200,1.6,1.4,22,1.5,2.5,3.0,1.5,1.5,1,32,17,15,53.12,1.002852
0.85,50,200,1.6,1.4,22,1.5,2.5,4.0,1.5,1.5,1,32,17,15,53.12,1.002852
0.85,50,200,1.6,1.6,18,1.0,2.0,3.0,1.5,1.5,1,33,18,15,54.55,1.010038
0.85,50,200,1.6,1.6,18,1.0,2.0,4.0,1.5,1.5,1,33,18,15,54.55,1.010038
0.85,50,200,1.6,1.6,18,1.0,2.5,3.0,1.5,1.5,1,33,18,15,54.55,1.010038
0.85,50,200,1.6,1.6,18,1.0,2.5,4.0,1.5,1.5,1,33,18,15,54.55,1.010038
0.85,50,200,1.6,1.6,18,1.5,2.0,3.0,1.5,1.5,1,33,18,15,54.55,1.00044
0.85,50,200,1.6,1.6,18,1.5,2.0,4.0,1.5,1.5,1,33,18,15,54.55,1.00044
0.85,50,200,1.6,1.6,18,1.5,2.5,3.0,1.5,1.5,1,33,18,15,54.55,1.00044
0.85,50,200,1.6,1.6,18,1.5,2.5,4.0,1.5,1.5,1,33,18,15,54.55,1.00044
0.85,50,200,1.6,1.6,22,1.0,2.0,3.0,1.5,1.5,1,32,17,15,53.12,1.018112
0.85,50,200,1.6,1.6,22,1.0,2.0,4.0,1.5,1.5,1,32,17,15,53.12,1.018112
0.85,50,200,1.6,1.6,22,1.0,2.5,3.0,1.5,1.5,1,32,17,15,53.12,1.018112
0.85,50,200,1.6,1.6,22,1.0,2.5,4.0,1.5,1.5,1,32,17,15,53.12,1.018112
0.85,50,200,1.6,1.6,22,1.5,2.0,3.0,1.5,1.5,1,32,17,15,53.12,1.008437
0.85,50,200,1.6,1.6,22,1.5,2.0,4.0,1.5,1.5,1,32,17,15,53.12,1.008437
0.85,50,200,1.6,1.6,22,1.5,2.5,3.0,1.5,1.5,1,32,17,15,53.12,1.008437
0.85,50,200,1.6,1.6,22,1.5,2.5,4.0,1.5,1.5,1,32,17,15,53.12,1.008437
0.85,50,200,1.8,1.4,18,1.0,2.0,3.0,1.5,1.5,1,27,13,14,48.15,0.992731
0.85,50,200,1.8,1.4,18,1.0,2.0,4.0,1.5,1.5,1,27,13,14,48.15,0.992731
0.85,50,200,1.8,1.4,18,1.0,2.5,3.0,1.5,1.5,1,27,13,14,48.15,0.992731
0.85,50,200,1.8,1.4,18,1.0,2.5,4.0,1.5,1.5,1,27,13,14,48.15,0.992731
0.85,50,200,1.8,1.4,18,1.5,2.0,3.0,1.5,1.5,1,27,13,14,48.15,0.973074
0.85,50,200,1.8,1.4,18,1.5,2.0,4.0,1.5,1.5,1,27,13,14,48.15,0.973074
0.85,50,200,1.8,1.4,18,1.5,2.5,3.0,1.5,1.5,1,27,13,14,48.15,0.973074
0.85,50,200,1.8,1.4,18,1.5,2.5,4.0,1.5,1.5,1,27,13,14,48.15,0.973074
0.85,50,200,1.8,1.4,22,1.0,2.0,3.0,1.5,1.5,1,26,13,13,50.0,0.992348
0.85,50,200,1.8,1.4,22,1.0,2.0,4.0,1.5,1.5,1,26,13,13,50.0,0.992348
0.85,50,200,1.8,1.4,22,1.0,2.5,3.0,1.5,1.5,1,26,13,13,50.0,0.992348
0.85,50,200,1.8,1.4,22,1.0,2.5,4.0,1.5,1.5,1,26,13,13,50.0,0.992348
0.85,50,200,1.8,1.4,22,1.5,2.0,3.0,1.5,1.5,1,26,13,13,50.0,0.972698
0.85,50,200,1.8,1.4,22,1.5,2.0,4.0,1.5,1.5,1,26,13,13,50.0,0.972698
0.85,50,200,1.8,1.4,22,1.5,2.5,3.0,1.5,1.5,1,26,13,13,50.0,0.972698
0.85,50,200,1.8,1.4,22,1.5,2.5,4.0,1.5,1.5,1,26,13,13,50.0,0.972698
0.85,50,200,1.8,1.6,18,1.0,2.0,3.0,1.5,1.5,1,26,13,13,50.0,1.00185
0.85,50,200,1.8,1.6,18,1.0,2.0,4.0,1.5,1.5,1,26,13,13,50.0,1.00185
0.85,50,200,1.8,1.6,18,1.0,2.5,3.0,1.5,1.5,1,26,13,13,50.0,1.00185
0.85,50,200,1.8,1.6,18,1.0,2.5,4.0,1.5,1.5,1,26,13,13,50.0,1.00185
0.85,50,200,1.8,1.6,18,1.5,2.0,3.0,1.5,1.5,1,26,13,13,50.0,0.982012
0.85,50,200,1.8,1.6,18,1.5,2.0,4.0,1.5,1.5,1,26,13,13,50.0,0.982012
0.85,50,200,1.8,1.6,18,1.5,2.5,3.0,1.5,1.5,1,26,13,13,50.0,0.982012
0.85,50,200,1.8,1.6,18,1.5,2.5,4.0,1.5,1.5,1,26,13,13,50.0,0.982012
0.85,50,200,1.8,1.6,22,1.0,2.0,3.0,1.5,1.5,1,25,13,12,52.0,1.001463
0.85,50,200,1.8,1.6,22,1.0,2.0,4.0,1.5,1.5,1,25,13,12,52.0,1.001463
0.85,50,200,1.8,1.6,22,1.0,2.5,3.0,1.5,1.5,1,25,13,12,52.0,1.001463
0.85,50,200,1.8,1.6,22,1.0,2.5,4.0,1.5,1.5,1,25,13,12,52.0,1.001463
0.85,50,200,1.8,1.6,22,1.5,2.0,3.0,1.5,1.5,1,25,13,12,52.0,0.981633
0.85,50,200,1.8,1.6,22,1.5,2.0,4.0,1.5,1.5,1,25,13,12,52.0,0.981633
0.85,50,200,1.8,1.6,22,1.5,2.5,3.0,1.5,1.5,1,25,13,12,52.0,0.981633
0.85,50,200,1.8,1.6,22,1.5,2.5,4.0,1.5,1.5,1,25,13,12,52.0,0.981633
0.95,20,100,1.6,1.4,18,1.0,2.0,3.0,1.5,1.5,1,33,16,17,48.48,0.985167
0.95,20,100,1.6,1.4,18,1.0,2.0,4.0,1.5,1.5,1,33,16,17,48.48,0.985167
0.95,20,100,1.6,1.4,18,1.0,2.5,3.0,1.5,1.5,1,33,16,17,48.48,0.985167
0.95,20,100,1.6,1.4,18,1.0,2.5,4.0,1.5,1.5,1,33,16,17,48.48,0.985167
0.95,20,100,1.6,1.4,18,1.5,2.0,3.0,1.5,1.5,1,33,16,17,48.48,0.976951
0.95,20,100,1.6,1.4,18,1.5,2.0,4.0,1.5,1.5,1,33,16,17,48.48,0.976951
0.95,20,100,1.6,1.4,18,1.5,2.5,3.0,1.5,1.5,1,33,16,17,48.48,0.976951
0.95,20,100,1.6,1.4,18,1.5,2.5,4.0,1.5,1.5,1,33,16,17,48.48,0.976951
0.95,20,100,1.6,1.4,22,1.0,2.0,3.0,1.5,1.5,1,34,17,17,50.0,1.001044
0.95,20,100,1.6,1.4,22,1.0,2.0,4.0,1.5,1.5,1,34,17,17,50.0,1.001044
0.95,20,100,1.6,1.4,22,1.0,2.5,3.0,1.5,1.5,1,34,17,17,50.0,1.001044
0.95,20,100,1.6,1.4,22,1.0,2.5,4.0,1.5,1.5,1,34,17,17,50.0,1.001044
0.95,20,100,1.6,1.4,22,1.5,2.0,3.0,1.5,1.5,1,34,17,17,50.0,0.992695
0.95,20,100,1.6,1.4,22,1.5,2.0,4.0,1.5,1.5,1,34,17,17,50.0,0.992695
0.95,20,100,1.6,1.4,22,1.5,2.5,3.0,1.5,1.5,1,34,17,17,50.0,0.992695
0.95,20,100,1.6,1.4,22,1.5,2.5,4.0,1.5,1.5,1,34,17,17,50.0,0.992695
0.95,20,100,1.6,1.6,18,1.0,2.0,3.0,1.5,1.5,1,33,16,17,48.48,0.990653
0.95,20,100,1.6,1.6,18,1.0,2.0,4.0,1.5,1.5,1,33,16,17,48.48,0.990653
0.95,20,100,1.6,1.6,18,1.0,2.5,3.0,1.5,1.5,1,33,16,17,48.48,0.990653
0.95,20,100,1.6,1.6,18,1.0,2.5,4.0,1.5,1.5,1,33,16,17,48.48,0.990653
0.95,20,100,1.6,1.6,18,1.5,2.0,3.0,1.5,1.5,1,33,16,17,48.48,0.982392
0.95,20,100,1.6,1.6,18,1.5,2.0,4.0,1.5,1.5,1,33,16,17,48.48,0.982392
0.95,20,100,1.6,1.6,18,1.5,2.5,3.0,1.5,1.5,1,33,16,17,48.48,0.982392
0.95,20,100,1.6,1.6,18,1.5,2.5,4.0,1.5,1.5,1,33,16,17,48.48,0.982392
0.95,20,100,1.6,1.6,22,1.0,2.0,3.0,1.5,1.5,1,34,17,17,50.0,1.006619
0.95,20,100,1.6,1.6,22,1.0,2.0,4.0,1.5,1.5,1,34,17,17,50.0,1.006619
0.95,20,100,1.6,1.6,22,1.0,2.5,3.0,1.5,1.5,1,34,17,17,50.0,1.006619
0.95,20,100,1.6,1.6,22,1.0,2.5,4.0,1.5,1.5,1,34,17,17,50.0,1.006619
0.95,20,100,1.6,1.6,22,1.5,2.0,3.0,1.5,1.5,1,34,17,17,50.0,0.998224
0.95,20,100,1.6,1.6,22,1.5,2.0,4.0,1.5,1.5,1,34,17,17,50.0,0.998224
0.95,20,100,1.6,1.6,22,1.5,2.5,3.0,1.5,1.5,1,34,17,17,50.0,0.998224
0.95,20,100,1.6,1.6,22,1.5,2.5,4.0,1.5,1.5,1,34,17,17,50.0,0.998224
0.95,20,100,1.8,1.4,18,1.0,2.0,3.0,1.5,1.5,1,26,11,15,42.31,0.968138
0.95,20,100,1.8,1.4,18,1.0,2.0,4.0,1.5,1.5,1,26,11,15,42.31,0.968138
0.95,20,100,1.8,1.4,18,1.0,2.5,3.0,1.5,1.5,1,26,11,15,42.31,0.968138
0.95,20,100,1.8,1.4,18,1.0,2.5,4.0,1.5,1.5,1,26,11,15,42.31,0.968138
0.95,20,100,1.8,1.4,18,1.5,2.0,3.0,1.5,1.5,1,26,11,15,42.31,0.948968
0.95,20,100,1.8,1.4,18,1.5,2.0,4.0,1.5,1.5,1,26,11,15,42.31,0.948968
0.95,20,100,1.8,1.4,18,1.5,2.5,3.0,1.5,1.5,1,26,11,15,42.31,0.948968
0.95,20,100,1.8,1.4,18,1.5,2.5,4.0,1.5,1.5,1,26,11,15,42.31,0.948968
0.95,20,100,1.8,1.4,22,1.0,2.0,3.0,1.5,1.5,1,26,11,15,42.31,0.968138
0.95,20,100,1.8,1.4,22,1.0,2.0,4.0,1.5,1.5,1,26,11,15,42.31,0.968138
0.95,20,100,1.8,1.4,22,1.0,2.5,3.0,1.5,1.5,1,26,11,15,42.31,0.968138
0.95,20,100,1.8,1.4,22,1.0,2.5,4.0,1.5,1.5,1,26,11,15,42.31,0.968138
0.95,20,100,1.8,1.4,22,1.5,2.0,3.0,1.5,1.5,1,26,11,15,42.31,0.948968
0.95,20,100,1.8,1.4,22,1.5,2.0,4.0,1.5,1.5,1,26,11,15,42.31,0.948968
0.95,20,100,1.8,1.4,22,1.5,2.5,3.0,1.5,1.5,1,26,11,15,42.31,0.948968
0.95,20,100,1.8,1.4,22,1.5,2.5,4.0,1.5,1.5,1,26,11,15,42.31,0.948968
0.95,20,100,1.8,1.6,18,1.0,2.0,3.0,1.5,1.5,1,25,11,14,44.0,0.977031
0.95,20,100,1.8,1.6,18,1.0,2.0,4.0,1.5,1.5,1,25,11,14,44.0,0.977031
0.95,20,100,1.8,1.6,18,1.0,2.5,3.0,1.5,1.5,1,25,11,14,44.0,0.977031
0.95,20,100,1.8,1.6,18,1.0,2.5,4.0,1.5,1.5,1,25,11,14,44.0,0.977031
0.95,20,100,1.8,1.6,18,1.5,2.0,3.0,1.5,1.5,1,25,11,14,44.0,0.957685
0.95,20,100,1.8,1.6,18,1.5,2.0,4.0,1.5,1.5,1,25,11,14,44.0,0.957685
0.95,20,100,1.8,1.6,18,1.5,2.5,3.0,1.5,1.5,1,25,11,14,44.0,0.957685
0.95,20,100,1.8,1.6,18,1.5,2.5,4.0,1.5,1.5,1,25,11,14,44.0,0.957685
0.95,20,100,1.8,1.6,22,1.0,2.0,3.0,1.5,1.5,1,25,11,14,44.0,0.977031
0.95,20,100,1.8,1.6,22,1.0,2.0,4.0,1.5,1.5,1,25,11,14,44.0,0.977031
0.95,20,100,1.8,1.6,22,1.0,2.5,3.0,1.5,1.5,1,25,11,14,44.0,0.977031
0.95,20,100,1.8,1.6,22,1.0,2.5,4.0,1.5,1.5,1,25,11,14,44.0,0.977031
0.95,20,100,1.8,1.6,22,1.5,2.0,3.0,1.5,1.5,1,25,11,14,44.0,0.957685
0.95,20,100,1.8,1.6,22,1.5,2.0,4.0,1.5,1.5,1,25,11,14,44.0,0.957685
0.95,20,100,1.8,1.6,22,1.5,2.5,3.0,1.5,1.5,1,25,11,14,44.0,0.957685
0.95,20,100,1.8,1.6,22,1.5,2.5,4.0,1.5,1.5,1,25,11,14,44.0,0.957685
0.95,20,200,1.6,1.4,18,1.0,2.0,3.0,1.5,1.5,1,30,16,14,53.33,0.983824
0.95,20,200,1.6,1.4,18,1.0,2.0,4.0,1.5,1.5,1,30,16,14,53.33,0.983824
0.95,20,200,1.6,1.4,18,1.0,2.5,3.0,1.5,1.5,1,30,16,14,53.33,0.983824
0.95,20,200,1.6,1.4,18,1.0,2.5,4.0,1.5,1.5,1,30,16,14,53.33,0.983824
0.95,20,200,1.6,1.4,18,1.5,2.0,3.0,1.5,1.5,1,29,15,14,51.72,0.963333
0.95,20,200,1.6,1.4,18,1.5,2.0,4.0,1.5,1.5,1,29,15,14,51.72,0.963333
0.95,20,200,1.6,1.4,18,1.5,2.5,3.0,1.5,1.5,1,29,15,14,51.72,0.963333
0.95,20,200,1.6,1.4,18,1.5,2.5,4.0,1.5,1.5,1,29,15,14,51.72,0.963333
0.95,20,200,1.6,1.4,22,1.0,2.0,3.0,1.5,1.5,1,30,15,15,50.0,0.991545
0.95,20,200,1.6,1.4,22,1.0,2.0,4.0,1.5,1.5,1,30,15,15,50.0,0.991545
0.95,20,200,1.6,1.4,22,1.0,2.5,3.0,1.5,1.5,1,30,15,15,50.0,0.991545
0.95,20,200,1.6,1.4,22,1.0,2.5,4.0,1.5,1.5,1,30,15,15,50.0,0.991545
0.95,20,200,1.6,1.4,22,1.5,2.0,3.0,1.5,1.5,1,29,14,15,48.28,0.970893
0.95,20,200,1.6,1.4,22,1.5,2.0,4.0,1.5,1.5,1,29,14,15,48.28,0.970893
0.95,20,200,1.6,1.4,22,1.5,2.5,3.0,1.5,1.5,1,29,14,15,48.28,0.970893
0.95,20,200,1.6,1.4,22,1.5,2.5,4.0,1.5,1.5,1,29,14,15,48.28,0.970893
0.95,20,200,1.6,1.6,18,1.0,2.0,3.0,1.5,1.5,1,30,16,14,53.33,0.989303
0.95,20,200,1.6,1.6,18,1.0,2.0,4.0,1.5,1.5,1,30,16,14,53.33,0.989303
0.95,20,200,1.6,1.6,18,1.0,2.5,3.0,1.5,1.5,1,30,16,14,53.33,0.989303
0.95,20,200,1.6,1.6,18,1.0,2.5,4.0,1.5,1.5,1,30,16,14,53.33,0.989303
0.95,20,200,1.6,1.6,18,1.5,2.0,3.0,1.5,1.5,1,29,15,14,51.72,0.968698
0.95,20,200,1.6,1.6,18,1.5,2.0,4.0,1.5,1.5,1,29,15,14,51.72,0.968698
0.95,20,200,1.6,1.6,18,1.5,2.5,3.0,1.5,1.5,1,29,15,14,51.72,0.968698
0.95,20,200,1.6,1.6,18,1.5,2.5,4.0,1.5,1.5,1,29,15,14,51.72,0.968698
0.95,20,200,1.6,1.6,22,1.0,2.0,3.0,1.5,1.5,1,30,15,15,50.0,0.997067
0.95,20,200,1.6,1.6,22,1.0,2.0,4.0,1.5,1.5,1,30,15,15,50.0,0.997067
0.95,20,200,1.6,1.6,22,1.0,2.5,3.0,1.5,1.5,1,30,15,15,50.0,0.997067
0.95,20,200,1.6,1.6,22,1.0,2.5,4.0,1.5,1.5,1,30,15,15,50.0,0.997067
0.95,20,200,1.6,1.6,22,1.5,2.0,3.0,1.5,1.5,1,29,14,15,48.28,0.9763
0.95,20,200,1.6,1.6,22,1.5,2.0,4.0,1.5,1.5,1,29,14,15,48.28,0.9763
0.95,20,200,1.6,1.6,22,1.5,2.5,3.0,1.5,1.5,1,29,14,15,48.28,0.9763
0.95,20,200,1.6,1.6,22,1.5,2.5,4.0,1.5,1.5,1,29,14,15,48.28,0.9763
0.95,20,200,1.8,1.4,18,1.0,2.0,3.0,1.5,1.5,1,23,9,14,39.13,0.944811
0.95,20,200,1.8,1.4,18,1.0,2.0,4.0,1.5,1.5,1,23,9,14,39.13,0.944811
0.95,20,200,1.8,1.4,18,1.0,2.5,3.0,1.5,1.5,1,23,9,14,39.13,0.944811
0.95,20,200,1.8,1.4,18,1.0,2.5,4.0,1.5,1.5,1,23,9,14,39.13,0.944811
0.95,20,200,1.8,1.4,18,1.5,2.0,3.0,1.5,1.5,1,23,9,14,39.13,0.926103
0.95,20,200,1.8,1.4,18,1.5,2.0,4.0,1.5,1.5,1,23,9,14,39.13,0.926103
0.95,20,200,1.8,1.4,18,1.5,2.5,3.0,1.5,1.5,1,23,9,14,39.13,0.926103
0.95,20,200,1.8,1.4,18,1.5,2.5,4.0,1.5,1.5,1,23,9,14,39.13,0.926103
0.95,20,200,1.8,1.4,22,1.0,2.0,3.0,1.5,1.5,1,23,9,14,39.13,0.944309
0.95,20,200,1.8,1.4,22,1.0,2.0,4.0,1.5,1.5,1,23,9,14,39.13,0.944309
0.95,20,200,1.8,1.4,22,1.0,2.5,3.0,1.5,1.5,1,23,9,14,39.13,0.944309
0.95,20,200,1.8,1.4,22,1.0,2.5,4.0,1.5,1.5,1,23,9,14,39.13,0.944309
0.95,20,200,1.8,1.4,22,1.5,2.0,3.0,1.5,1.5,1,23,9,14,39.13,0.925611
0.95,20,200,1.8,1.4,22,1.5,2.0,4.0,1.5,1.5,1,23,9,14,39.13,0.925611
0.95,20,200,1.8,1.4,22,1.5,2.5,3.0,1.5,1.5,1,23,9,14,39.13,0.925611
0.95,20,200,1.8,1.4,22,1.5,2.5,4.0,1.5,1.5,1,23,9,14,39.13,0.925611
0.95,20,200,1.8,1.6,18,1.0,2.0,3.0,1.5,1.5,1,22,9,13,40.91,0.95349
0.95,20,200,1.8,1.6,18,1.0,2.0,4.0,1.5,1.5,1,22,9,13,40.91,0.95349
0.95,20,200,1.8,1.6,18,1.0,2.5,3.0,1.5,1.5,1,22,9,13,40.91,0.95349
0.95,20,200,1.8,1.6,18,1.0,2.5,4.0,1.5,1.5,1,22,9,13,40.91,0.95349
0.95,20,200,1.8,1.6,18,1.5,2.0,3.0,1.5,1.5,1,22,9,13,40.91,0.93461
0.95,20,200,1.8,1.6,18,1.5,2.0,4.0,1.5,1.5,1,22,9,13,40.91,0.93461
0.95,20,200,1.8,1.6,18,1.5,2.5,3.0,1.5,1.5,1,22,9,13,40.91,0.93461
0.95,20,200,1.8,1.6,18,1.5,2.5,4.0,1.5,1.5,1,22,9,13,40.91,0.93461
0.95,20,200,1.8,1.6,22,1.0,2.0,3.0,1.5,1.5,1,22,9,13,40.91,0.952983
0.95,20,200,1.8,1.6,22,1.0,2.0,4.0,1.5,1.5,1,22,9,13,40.91,0.952983
0.95,20,200,1.8,1.6,22,1.0,2.5,3.0,1.5,1.5,1,22,9,13,40.91,0.952983
0.95,20,200,1.8,1.6,22,1.0,2.5,4.0,1.5,1.5,1,22,9,13,40.91,0.952983
0.95,20,200,1.8,1.6,22,1.5,2.0,3.0,1.5,1.5,1,22,9,13,40.91,0.934113
0.95,20,200,1.8,1.6,22,1.5,2.0,4.0,1.5,1.5,1,22,9,13,40.91,0.934113
0.95,20,200,1.8,1.6,22,1.5,2.5,3.0,1.5,1.5,1,22,9,13,40.91,0.934113
0.95,20,200,1.8,1.6,22,1.5,2.5,4.0,1.5,1.5,1,22,9,13,40.91,0.934113
0.95,50,100,1.6,1.4,18,1.0,2.0,3.0,1.5,1.5,1,30,13,17,43.33,0.964798
0.95,50,100,1.6,1.4,18,1.0,2.0,4.0,1.5,1.5,1,30,13,17,43.33,0.964798
0.95,50,100,1.6,1.4,18,1.0,2.5,3.0,1.5,1.5,1,30,13,17,43.33,0.964798
0.95,50,100,1.6,1.4,18,1.0,2.5,4.0,1.5,1.5,1,30,13,17,43.33,0.964798
0.95,50,100,1.6,1.4,18,1.5,2.0,3.0,1.5,1.5,1,30,13,17,43.33,0.955629
0.95,50,100,1.6,1.4,18,1.5,2.0,4.0,1.5,1.5,1,30,13,17,43.33,0.955629
0.95,50,100,1.6,1.4,18,1.5,2.5,3.0,1.5,1.5,1,30,13,17,43.33,0.955629
0.95,50,100,1.6,1.4,18,1.5,2.5,4.0,1.5,1.5,1,30,13,17,43.33,0.955629
0.95,50,100,1.6,1.4,22,1.0,2.0,3.0,1.5,1.5,1,31,14,17,45.16,0.980346
0.95,50,100,1.6,1.4,22,1.0,2.0,4.0,1.5,1.5,1,31,14,17,45.16,0.980346
0.95,50,100,1.6,1.4,22,1.0,2.5,3.0,1.5,1.5,1,31,14,17,45.16,0.980346
0.95,50,100,1.6,1.4,22,1.0,2.5,4.0,1.5,1.5,1,31,14,17,45.16,0.980346
0.95,50,100,1.6,1.4,22,1.5,2.0,3.0,1.5,1.5,1,31,14,17,45.16,0.97103
0.95,50,100,1.6,1.4,22,1.5,2.0,4.0,1.5,1.5,1,31,14,17,45.16,0.97103
0.95,50,100,1.6,1.4,22,1.5,2.5,3.0,1.5,1.5,1,31,14,17,45.16,0.97103
0.95,50,100,1.6,1.4,22,1.5,2.5,4.0,1.5,1.5,1,31,14,17,45.16,0.97103
0.95,50,100,1.6,1.6,18,1.0,2.0,3.0,1.5,1.5,1,30,13,17,43.33,0.970171
0.95,50,100,1.6,1.6,18,1.0,2.0,4.0,1.5,1.5,1,30,13,17,43.33,0.970171
0.95,50,100,1.6,1.6,18,1.0,2.5,3.0,1.5,1.5,1,30,13,17,43.33,0.970171
0.95,50,100,1.6,1.6,18,1.0,2.5,4.0,1.5,1.5,1,30,13,17,43.33,0.970171
0.95,50,100,1.6,1.6,18,1.5,2.0,3.0,1.5,1.5,1,30,13,17,43.33,0.960951
0.95,50,100,1.6,1.6,18,1.5,2.0,4.0,1.5,1.5,1,30,13,17,43.33,0.960951
0.95,50,100,1.6,1.6,18,1.5,2.5,3.0,1.5,1.5,1,30,13,17,43.33,0.960951
0.95,50,100,1.6,1.6,18,1.5,2.5,4.0,1.5,1.5,1,30,13,17,43.33,0.960951
0.95,50,100,1.6,1.6,22,1.0,2.0,3.0,1.5,1.5,1,31,14,17,45.16,0.985806
0.95,50,100,1.6,1.6,22,1.0,2.0,4.0,1.5,1.5,1,31,14,17,45.16,0.985806
0.95,50,100,1.6,1.6,22,1.0,2.5,3.0,1.5,1.5,1,31,14,17,45.16,0.985806
0.95,50,100,1.6,1.6,22,1.0,2.5,4.0,1.5,1.5,1,31,14,17,45.16,0.985806
0.95,50,100,1.6,1.6,22,1.5,2.0,3.0,1.5,1.5,1,31,14,17,45.16,0.976438
0.95,50,100,1.6,1.6,22,1.5,2.0,4.0,1.5,1.5,1,31,14,17,45.16,0.976438
0.95,50,100,1.6,1.6,22,1.5,2.5,3.0,1.5,1.5,1,31,14,17,45.16,0.976438
0.95,50,100,1.6,1.6,22,1.5,2.5,4.0,1.5,1.5,1,31,14,17,45.16,0.976438
0.95,50,100,1.8,1.4,18,1.0,2.0,3.0,1.5,1.5,1,24,8,16,33.33,0.939868
0.95,50,100,1.8,1.4,18,1.0,2.0,4.0,1.5,1.5,1,24,8,16,33.33,0.939868
0.95,50,100,1.8,1.4,18,1.0,2.5,3.0,1.5,1.5,1,24,8,16,33.33,0.939868
0.95,50,100,1.8,1.4,18,1.0,2.5,4.0,1.5,1.5,1,24,8,16,33.33,0.939868
0.95,50,100,1.8,1.4,18,1.5,2.0,3.0,1.5,1.5,1,24,8,16,33.33,0.921258
0.95,50,100,1.8,1.4,18,1.5,2.0,4.0,1.5,1.5,1,24,8,16,33.33,0.921258
0.95,50,100,1.8,1.4,18,1.5,2.5,3.0,1.5,1.5,1,24,8,16,33.33,0.921258
0.95,50,100,1.8,1.4,18,1.5,2.5,4.0,1.5,1.5,1,24,8,16,33.33,0.921258
0.95,50,100,1.8,1.4,22,1.0,2.0,3.0,1.5,1.5,1,24,8,16,33.33,0.939868
0.95,50,100,1.8,1.4,22,1.0,2.0,4.0,1.5,1.5,1,24,8,16,33.33,0.939868
0.95,50,100,1.8,1.4,22,1.0,2.5,3.0,1.5,1.5,1,24,8,16,33.33,0.939868
0.95,50,100,1.8,1.4,22,1.0,2.5,4.0,1.5,1.5,1,24,8,16,33.33,0.939868
0.95,50,100,1.8,1.4,22,1.5,2.0,3.0,1.5,1.5,1,24,8,16,33.33,0.921258
0.95,50,100,1.8,1.4,22,1.5,2.0,4.0,1.5,1.5,1,24,8,16,33.33,0.921258
0.95,50,100,1.8,1.4,22,1.5,2.5,3.0,1.5,1.5,1,24,8,16,33.33,0.921258
0.95,50,100,1.8,1.4,22,1.5,2.5,4.0,1.5,1.5,1,24,8,16,33.33,0.921258
0.95,50,100,1.8,1.6,18,1.0,2.0,3.0,1.5,1.5,1,23,8,15,34.78,0.948502
0.95,50,100,1.8,1.6,18,1.0,2.0,4.0,1.5,1.5,1,23,8,15,34.78,0.948502
0.95,50,100,1.8,1.6,18,1.0,2.5,3.0,1.5,1.5,1,23,8,15,34.78,0.948502
0.95,50,100,1.8,1.6,18,1.0,2.5,4.0,1.5,1.5,1,23,8,15,34.78,0.948502
0.95,50,100,1.8,1.6,18,1.5,2.0,3.0,1.5,1.5,1,23,8,15,34.78,0.92972
0.95,50,100,1.8,1.6,18,1.5,2.0,4.0,1.5,1.5,1,23,8,15,34.78,0.92972
0.95,50,100,1.8,1.6,18,1.5,2.5,3.0,1.5,1.5,1,23,8,15,34.78,0.92972
0.95,50,100,1.8,1.6,18,1.5,2.5,4.0,1.5,1.5,1,23,8,15,34.78,0.92972
0.95,50,100,1.8,1.6,22,1.0,2.0,3.0,1.5,1.5,1,23,8,15,34.78,0.948502
0.95,50,100,1.8,1.6,22,1.0,2.0,4.0,1.5,1.5,1,23,8,15,34.78,0.948502
0.95,50,100,1.8,1.6,22,1.0,2.5,3.0,1.5,1.5,1,23,8,15,34.78,0.948502
0.95,50,100,1.8,1.6,22,1.0,2.5,4.0,1.5,1.5,1,23,8,15,34.78,0.948502
0.95,50,100,1.8,1.6,22,1.5,2.0,3.0,1.5,1.5,1,23,8,15,34.78,0.92972
0.95,50,100,1.8,1.6,22,1.5,2.0,4.0,1.5,1.5,1,23,8,15,34.78,0.92972
0.95,50,100,1.8,1.6,22,1.5,2.5,3.0,1.5,1.5,1,23,8,15,34.78,0.92972
0.95,50,100,1.8,1.6,22,1.5,2.5,4.0,1.5,1.5,1,23,8,15,34.78,0.92972
0.95,50,200,1.6,1.4,18,1.0,2.0,3.0,1.5,1.5,1,28,14,14,50.0,0.974409
0.95,50,200,1.6,1.4,18,1.0,2.0,4.0,1.5,1.5,1,28,14,14,50.0,0.974409
0.95,50,200,1.6,1.4,18,1.0,2.5,3.0,1.5,1.5,1,28,14,14,50.0,0.974409
0.95,50,200,1.6,1.4,18,1.0,2.5,4.0,1.5,1.5,1,28,14,14,50.0,0.974409
0.95,50,200,1.6,1.4,18,1.5,2.0,3.0,1.5,1.5,1,28,14,14,50.0,0.965149
0.95,50,200,1.6,1.4,18,1.5,2.0,4.0,1.5,1.5,1,28,14,14,50.0,0.965149
0.95,50,200,1.6,1.4,18,1.5,2.5,3.0,1.5,1.5,1,28,14,14,50.0,0.965149
0.95,50,200,1.6,1.4,18,1.5,2.5,4.0,1.5,1.5,1,28,14,14,50.0,0.965149
0.95,50,200,1.6,1.4,22,1.0,2.0,3.0,1.5,1.5,1,28,13,15,46.43,0.982055
0.95,50,200,1.6,1.4,22,1.0,2.0,4.0,1.5,1.5,1,28,13,15,46.43,0.982055
0.95,50,200,1.6,1.4,22,1.0,2.5,3.0,1.5,1.5,1,28,13,15,46.43,0.982055
0.95,50,200,1.6,1.4,22,1.0,2.5,4.0,1.5,1.5,1,28,13,15,46.43,0.982055
0.95,50,200,1.6,1.4,22,1.5,2.0,3.0,1.5,1.5,1,28,13,15,46.43,0.972723
0.95,50,200,1.6,1.4,22,1.5,2.0,4.0,1.5,1.5,1,28,13,15,46.43,0.972723
0.95,50,200,1.6,1.4,22,1.5,2.5,3.0,1.5,1.5,1,28,13,15,46.43,0.972723
0.95,50,200,1.6,1.4,22,1.5,2.5,4.0,1.5,1.5,1,28,13,15,46.43,0.972723
0.95,50,200,1.6,1.6,18,1.0,2.0,3.0,1.5,1.5,1,28,14,14,50.0,0.979835
0.95,50,200,1.6,1.6,18,1.0,2.0,4.0,1.5,1.5,1,28,14,14,50.0,0.979835
0.95,50,200,1.6,1.6,18,1.0,2.5,3.0,1.5,1.5,1,28,14,14,50.0,0.979835
0.95,50,200,1.6,1.6,18,1.0,2.5,4.0,1.5,1.5,1,28,14,14,50.0,0.979835
0.95,50,200,1.6,1.6,18,1.5,2.0,3.0,1.5,1.5,1,28,14,14,50.0,0.970524
0.95,50,200,1.6,1.6,18,1.5,2.0,4.0,1.5,1.5,1,28,14,14,50.0,0.970524
0.95,50,200,1.6,1.6,18,1.5,2.5,3.0,1.5,1.5,1,28,14,14,50.0,0.970524
0.95,50,200,1.6,1.6,18,1.5,2.5,4.0,1.5,1.5,1,28,14,14,50.0,0.970524
0.95,50,200,1.6,1.6,22,1.0,2.0,3.0,1.5,1.5,1,28,13,15,46.43,0.987524
0.95,50,200,1.6,1.6,22,1.0,2.0,4.0,1.5,1.5,1,28,13,15,46.43,0.987524
0.95,50,200,1.6,1.6,22,1.0,2.5,3.0,1.5,1.5,1,28,13,15,46.43,0.987524
0.95,50,200,1.6,1.6,22,1.0,2.5,4.0,1.5,1.5,1,28,13,15,46.43,0.987524
0.95,50,200,1.6,1.6,22,1.5,2.0,3.0,1.5,1.5,1,28,13,15,46.43,0.97814
0.95,50,200,1.6,1.6,22,1.5,2.0,4.0,1.5,1.5,1,28,13,15,46.43,0.97814
0.95,50,200,1.6,1.6,22,1.5,2.5,3.0,1.5,1.5,1,28,13,15,46.43,0.97814
0.95,50,200,1.6,1.6,22,1.5,2.5,4.0,1.5,1.5,1,28,13,15,46.43,0.97814
0.95,50,200,1.8,1.4,18,1.0,2.0,3.0,1.5,1.5,1,23,10,13,43.48,0.970914
0.95,50,200,1.8,1.4,18,1.0,2.0,4.0,1.5,1.5,1,23,10,13,43.48,0.970914
0.95,50,200,1.8,1.4,18,1.0,2.5,3.0,1.5,1.5,1,23,10,13,43.48,0.970914
0.95,50,200,1.8,1.4,18,1.0,2.5,4.0,1.5,1.5,1,23,10,13,43.48,0.970914
0.95,50,200,1.8,1.4,18,1.5,2.0,3.0,1.5,1.5,1,23,10,13,43.48,0.951689
0.95,50,200,1.8,1.4,18,1.5,2.0,4.0,1.5,1.5,1,23,10,13,43.48,0.951689
0.95,50,200,1.8,1.4,18,1.5,2.5,3.0,1.5,1.5,1,23,10,13,43.48,0.951689
0.95,50,200,1.8,1.4,18,1.5,2.5,4.0,1.5,1.5,1,23,10,13,43.48,0.951689
0.95,50,200,1.8,1.4,22,1.0,2.0,3.0,1.5,1.5,1,23,10,13,43.48,0.970398
0.95,50,200,1.8,1.4,22,1.0,2.0,4.0,1.5,1.5,1,23,10,13,43.48,0.970398
0.95,50,200,1.8,1.4,22,1.0,2.5,3.0,1.5,1.5,1,23,10,13,43.48,0.970398
0.95,50,200,1.8,1.4,22,1.0,2.5,4.0,1.5,1.5,1,23,10,13,43.48,0.970398
0.95,50,200,1.8,1.4,22,1.5,2.0,3.0,1.5,1.5,1,23,10,13,43.48,0.951183
0.95,50,200,1.8,1.4,22,1.5,2.0,4.0,1.5,1.5,1,23,10,13,43.48,0.951183
0.95,50,200,1.8,1.4,22,1.5,2.5,3.0,1.5,1.5,1,23,10,13,43.48,0.951183
0.95,50,200,1.8,1.4,22,1.5,2.5,4.0,1.5,1.5,1,23,10,13,43.48,0.951183
0.95,50,200,1.8,1.6,18,1.0,2.0,3.0,1.5,1.5,1,22,10,12,45.45,0.979832
0.95,50,200,1.8,1.6,18,1.0,2.0,4.0,1.5,1.5,1,22,10,12,45.45,0.979832
0.95,50,200,1.8,1.6,18,1.0,2.5,3.0,1.5,1.5,1,22,10,12,45.45,0.979832
0.95,50,200,1.8,1.6,18,1.0,2.5,4.0,1.5,1.5,1,22,10,12,45.45,0.979832
0.95,50,200,1.8,1.6,18,1.5,2.0,3.0,1.5,1.5,1,22,10,12,45.45,0.960431
0.95,50,200,1.8,1.6,18,1.5,2.0,4.0,1.5,1.5,1,22,10,12,45.45,0.960431
0.95,50,200,1.8,1.6,18,1.5,2.5,3.0,1.5,1.5,1,22,10,12,45.45,0.960431
0.95,50,200,1.8,1.6,18,1.5,2.5,4.0,1.5,1.5,1,22,10,12,45.45,0.960431
0.95,50,200,1.8,1.6,22,1.0,2.0,3.0,1.5,1.5,1,22,10,12,45.45,0.979312
0.95,50,200,1.8,1.6,22,1.0,2.0,4.0,1.5,1.5,1,22,10,12,45.45,0.979312
0.95,50,200,1.8,1.6,22,1.0,2.5,3.0,1.5,1.5,1,22,10,12,45.45,0.979312
0.95,50,200,1.8,1.6,22,1.0,2.5,4.0,1.5,1.5,1,22,10,12,45.45,0.979312
0.95,50,200,1.8,1.6,22,1.5,2.0,3.0,1.5,1.5,1,22,10,12,45.45,0.959921
0.95,50,200,1.8,1.6,22,1.5,2.0,4.0,1.5,1.5,1,22,10,12,45.45,0.959921
0.95,50,200,1.8,1.6,22,1.5,2.5,3.0,1.5,1.5,1,22,10,12,45.45,0.959921
0.95,50,200,1.8,1.6,22,1.5,2.5,4.0,1.5,1.5,1,22,10,12,45.45,0.959921
