vol_buy_x,ema_fast,ema_slow,base_k,ratio_max,regime_ratio,stop_mult,trail_mult_TR,tp_mult_TR,trail_mult_RG,tp_mult_RG,cooldown,trades,wins,losses,win_rate_pct,equity_multiple
0.85,20,100,1.6,1.4,1.05,1.0,2.0,3.0,1.5,1.5,1,29,14,15,48.28,0.946457
0.85,20,100,1.6,1.4,1.05,1.0,2.0,4.0,1.5,1.5,1,29,14,15,48.28,0.946457
0.85,20,100,1.6,1.4,1.05,1.0,2.5,3.0,1.5,1.5,1,29,14,15,48.28,0.946457
0.85,20,100,1.6,1.4,1.05,1.0,2.5,4.0,1.5,1.5,1,29,14,15,48.28,0.946457
0.85,20,100,1.6,1.4,1.05,1.5,2.0,3.0,1.5,1.5,1,28,14,14,50.0,0.941819
0.85,20,100,1.6,1.4,1.05,1.5,2.0,4.0,1.5,1.5,1,28,14,14,50.0,0.941819
0.85,20,100,1.6,1.4,1.05,1.5,2.5,3.0,1.5,1.5,1,28,14,14,50.0,0.941819
0.85,20,100,1.6,1.4,1.05,1.5,2.5,4.0,1.5,1.5,1,28,14,14,50.0,0.941819
0.85,20,100,1.6,1.4,1.15,1.0,2.0,3.0,1.5,1.5,1,30,14,16,46.67,0.931033
0.85,20,100,1.6,1.4,1.15,1.0,2.0,4.0,1.5,1.5,1,30,14,16,46.67,0.931033
0.85,20,100,1.6,1.4,1.15,1.0,2.5,3.0,1.5,1.5,1,30,14,16,46.67,0.931033
0.85,20,100,1.6,1.4,1.15,1.0,2.5,4.0,1.5,1.5,1,30,14,16,46.67,0.931033
0.85,20,100,1.6,1.4,1.15,1.5,2.0,3.0,1.5,1.5,1,29,15,14,51.72,0.949992
0.85,20,100,1.6,1.4,1.15,1.5,2.0,4.0,1.5,1.5,1,29,15,14,51.72,0.949992
0.85,20,100,1.6,1.4,1.15,1.5,2.5,3.0,1.5,1.5,1,29,15,14,51.72,0.949992
0.85,20,100,1.6,1.4,1.15,1.5,2.5,4.0,1.5,1.5,1,29,15,14,51.72,0.949992
0.85,20,100,1.6,1.6,1.05,1.0,2.0,3.0,1.5,1.5,1,28,14,14,50.0,0.965172
0.85,20,100,1.6,1.6,1.05,1.0,2.0,4.0,1.5,1.5,1,28,14,14,50.0,0.965172
0.85,20,100,1.6,1.6,1.05,1.0,2.5,3.0,1.5,1.5,1,28,14,14,50.0,0.965172
0.85,20,100,1.6,1.6,1.05,1.0,2.5,4.0,1.5,1.5,1,28,14,14,50.0,0.965172
0.85,20,100,1.6,1.6,1.05,1.5,2.0,3.0,1.5,1.5,1,28,14,14,50.0,0.941819
0.85,20,100,1.6,1.6,1.05,1.5,2.0,4.0,1.5,1.5,1,28,14,14,50.0,0.941819
0.85,20,100,1.6,1.6,1.05,1.5,2.5,3.0,1.5,1.5,1,28,14,14,50.0,0.941819
0.85,20,100,1.6,1.6,1.05,1.5,2.5,4.0,1.5,1.5,1,28,14,14,50.0,0.941819
0.85,20,100,1.6,1.6,1.15,1.0,2.0,3.0,1.5,1.5,1,29,14,15,48.28,0.949443
0.85,20,100,1.6,1.6,1.15,1.0,2.0,4.0,1.5,1.5,1,29,14,15,48.28,0.949443
0.85,20,100,1.6,1.6,1.15,1.0,2.5,3.0,1.5,1.5,1,29,14,15,48.28,0.949443
0.85,20,100,1.6,1.6,1.15,1.0,2.5,4.0,1.5,1.5,1,29,14,15,48.28,0.949443
0.85,20,100,1.6,1.6,1.15,1.5,2.0,3.0,1.5,1.5,1,29,15,14,51.72,0.949992
0.85,20,100,1.6,1.6,1.15,1.5,2.0,4.0,1.5,1.5,1,29,15,14,51.72,0.949992
0.85,20,100,1.6,1.6,1.15,1.5,2.5,3.0,1.5,1.5,1,29,15,14,51.72,0.949992
0.85,20,100,1.6,1.6,1.15,1.5,2.5,4.0,1.5,1.5,1,29,15,14,51.72,0.949992
0.85,20,100,1.8,1.4,1.05,1.0,2.0,3.0,1.5,1.5,1,23,9,14,39.13,0.935635
0.85,20,100,1.8,1.4,1.05,1.0,2.0,4.0,1.5,1.5,1,23,9,14,39.13,0.935635
0.85,20,100,1.8,1.4,1.05,1.0,2.5,3.0,1.5,1.5,1,23,9,14,39.13,0.935635
0.85,20,100,1.8,1.4,1.05,1.0,2.5,4.0,1.5,1.5,1,23,9,14,39.13,0.935635
0.85,20,100,1.8,1.4,1.05,1.5,2.0,3.0,1.5,1.5,1,23,9,14,39.13,0.906251
0.85,20,100,1.8,1.4,1.05,1.5,2.0,4.0,1.5,1.5,1,23,9,14,39.13,0.906251
0.85,20,100,1.8,1.4,1.05,1.5,2.5,3.0,1.5,1.5,1,23,9,14,39.13,0.906251
0.85,20,100,1.8,1.4,1.05,1.5,2.5,4.0,1.5,1.5,1,23,9,14,39.13,0.906251
0.85,20,100,1.8,1.4,1.15,1.0,2.0,3.0,1.5,1.5,1,24,9,15,37.5,0.920388
0.85,20,100,1.8,1.4,1.15,1.0,2.0,4.0,1.5,1.5,1,24,9,15,37.5,0.920388
0.85,20,100,1.8,1.4,1.15,1.0,2.5,3.0,1.5,1.5,1,24,9,15,37.5,0.920388
0.85,20,100,1.8,1.4,1.15,1.0,2.5,4.0,1.5,1.5,1,24,9,15,37.5,0.920388
0.85,20,100,1.8,1.4,1.15,1.5,2.0,3.0,1.5,1.5,1,24,10,14,41.67,0.921471
0.85,20,100,1.8,1.4,1.15,1.5,2.0,4.0,1.5,1.5,1,24,10,14,41.67,0.921471
0.85,20,100,1.8,1.4,1.15,1.5,2.5,3.0,1.5,1.5,1,24,10,14,41.67,0.921471
0.85,20,100,1.8,1.4,1.15,1.5,2.5,4.0,1.5,1.5,1,24,10,14,41.67,0.921471
0.85,20,100,1.8,1.6,1.05,1.0,2.0,3.0,1.5,1.5,1,23,9,14,39.13,0.935635
0.85,20,100,1.8,1.6,1.05,1.0,2.0,4.0,1.5,1.5,1,23,9,14,39.13,0.935635
0.85,20,100,1.8,1.6,1.05,1.0,2.5,3.0,1.5,1.5,1,23,9,14,39.13,0.935635
0.85,20,100,1.8,1.6,1.05,1.0,2.5,4.0,1.5,1.5,1,23,9,14,39.13,0.935635
0.85,20,100,1.8,1.6,1.05,1.5,2.0,3.0,1.5,1.5,1,23,9,14,39.13,0.906251
0.85,20,100,1.8,1.6,1.05,1.5,2.0,4.0,1.5,1.5,1,23,9,14,39.13,0.906251
0.85,20,100,1.8,1.6,1.05,1.5,2.5,3.0,1.5,1.5,1,23,9,14,39.13,0.906251
0.85,20,100,1.8,1.6,1.05,1.5,2.5,4.0,1.5,1.5,1,23,9,14,39.13,0.906251
0.85,20,100,1.8,1.6,1.15,1.0,2.0,3.0,1.5,1.5,1,24,9,15,37.5,0.920388
0.85,20,100,1.8,1.6,1.15,1.0,2.0,4.0,1.5,1.5,1,24,9,15,37.5,0.920388
0.85,20,100,1.8,1.6,1.15,1.0,2.5,3.0,1.5,1.5,1,24,9,15,37.5,0.920388
0.85,20,100,1.8,1.6,1.15,1.0,2.5,4.0,1.5,1.5,1,24,9,15,37.5,0.920388
0.85,20,100,1.8,1.6,1.15,1.5,2.0,3.0,1.5,1.5,1,24,10,14,41.67,0.921471
0.85,20,100,1.8,1.6,1.15,1.5,2.0,4.0,1.5,1.5,1,24,10,14,41.67,0.921471
0.85,20,100,1.8,1.6,1.15,1.5,2.5,3.0,1.5,1.5,1,24,10,14,41.67,0.921471
0.85,20,100,1.8,1.6,1.15,1.5,2.5,4.0,1.5,1.5,1,24,10,14,41.67,0.921471
0.85,20,200,1.6,1.4,1.05,1.0,2.0,3.0,1.5,1.5,1,28,13,15,46.43,0.937399
0.85,20,200,1.6,1.4,1.05,1.0,2.0,4.0,1.5,1.5,1,28,13,15,46.43,0.937399
0.85,20,200,1.6,1.4,1.05,1.0,2.5,3.0,1.5,1.5,1,28,13,15,46.43,0.937399
0.85,20,200,1.6,1.4,1.05,1.0,2.5,4.0,1.5,1.5,1,28,13,15,46.43,0.937399
0.85,20,200,1.6,1.4,1.05,1.5,2.0,3.0,1.5,1.5,1,27,13,14,48.15,0.932807
0.85,20,200,1.6,1.4,1.05,1.5,2.0,4.0,1.5,1.5,1,27,13,14,48.15,0.932807
0.85,20,200,1.6,1.4,1.05,1.5,2.5,3.0,1.5,1.5,1,27,13,14,48.15,0.932807
0.85,20,200,1.6,1.4,1.05,1.5,2.5,4.0,1.5,1.5,1,27,13,14,48.15,0.932807
0.85,20,200,1.6,1.4,1.15,1.0,2.0,3.0,1.5,1.5,1,28,13,15,46.43,0.936334
0.85,20,200,1.6,1.4,1.15,1.0,2.0,4.0,1.5,1.5,1,28,13,15,46.43,0.936334
0.85,20,200,1.6,1.4,1.15,1.0,2.5,3.0,1.5,1.5,1,28,13,15,46.43,0.936334
0.85,20,200,1.6,1.4,1.15,1.0,2.5,4.0,1.5,1.5,1,28,13,15,46.43,0.936334
0.85,20,200,1.6,1.4,1.15,1.5,2.0,3.0,1.5,1.5,1,27,13,14,48.15,0.935058
0.85,20,200,1.6,1.4,1.15,1.5,2.0,4.0,1.5,1.5,1,27,13,14,48.15,0.935058
0.85,20,200,1.6,1.4,1.15,1.5,2.5,3.0,1.5,1.5,1,27,13,14,48.15,0.935058
0.85,20,200,1.6,1.4,1.15,1.5,2.5,4.0,1.5,1.5,1,27,13,14,48.15,0.935058
0.85,20,200,1.6,1.6,1.05,1.0,2.0,3.0,1.5,1.5,1,27,13,14,48.15,0.955935
0.85,20,200,1.6,1.6,1.05,1.0,2.0,4.0,1.5,1.5,1,27,13,14,48.15,0.955935
0.85,20,200,1.6,1.6,1.05,1.0,2.5,3.0,1.5,1.5,1,27,13,14,48.15,0.955935
0.85,20,200,1.6,1.6,1.05,1.0,2.5,4.0,1.5,1.5,1,27,13,14,48.15,0.955935
0.85,20,200,1.6,1.6,1.05,1.5,2.0,3.0,1.5,1.5,1,27,13,14,48.15,0.932807
0.85,20,200,1.6,1.6,1.05,1.5,2.0,4.0,1.5,1.5,1,27,13,14,48.15,0.932807
0.85,20,200,1.6,1.6,1.05,1.5,2.5,3.0,1.5,1.5,1,27,13,14,48.15,0.932807
0.85,20,200,1.6,1.6,1.05,1.5,2.5,4.0,1.5,1.5,1,27,13,14,48.15,0.932807
0.85,20,200,1.6,1.6,1.15,1.0,2.0,3.0,1.5,1.5,1,27,13,14,48.15,0.954849
0.85,20,200,1.6,1.6,1.15,1.0,2.0,4.0,1.5,1.5,1,27,13,14,48.15,0.954849
0.85,20,200,1.6,1.6,1.15,1.0,2.5,3.0,1.5,1.5,1,27,13,14,48.15,0.954849
0.85,20,200,1.6,1.6,1.15,1.0,2.5,4.0,1.5,1.5,1,27,13,14,48.15,0.954849
0.85,20,200,1.6,1.6,1.15,1.5,2.0,3.0,1.5,1.5,1,27,13,14,48.15,0.935058
0.85,20,200,1.6,1.6,1.15,1.5,2.0,4.0,1.5,1.5,1,27,13,14,48.15,0.935058
0.85,20,200,1.6,1.6,1.15,1.5,2.5,3.0,1.5,1.5,1,27,13,14,48.15,0.935058
0.85,20,200,1.6,1.6,1.15,1.5,2.5,4.0,1.5,1.5,1,27,13,14,48.15,0.935058
0.85,20,200,1.8,1.4,1.05,1.0,2.0,3.0,1.5,1.5,1,22,8,14,36.36,0.926682
0.85,20,200,1.8,1.4,1.05,1.0,2.0,4.0,1.5,1.5,1,22,8,14,36.36,0.926682
0.85,20,200,1.8,1.4,1.05,1.0,2.5,3.0,1.5,1.5,1,22,8,14,36.36,0.926682
0.85,20,200,1.8,1.4,1.05,1.0,2.5,4.0,1.5,1.5,1,22,8,14,36.36,0.926682
0.85,20,200,1.8,1.4,1.05,1.5,2.0,3.0,1.5,1.5,1,22,8,14,36.36,0.897579
0.85,20,200,1.8,1.4,1.05,1.5,2.0,4.0,1.5,1.5,1,22,8,14,36.36,0.897579
0.85,20,200,1.8,1.4,1.05,1.5,2.5,3.0,1.5,1.5,1,22,8,14,36.36,0.897579
0.85,20,200,1.8,1.4,1.05,1.5,2.5,4.0,1.5,1.5,1,22,8,14,36.36,0.897579
0.85,20,200,1.8,1.4,1.15,1.0,2.0,3.0,1.5,1.5,1,22,8,14,36.36,0.925629
0.85,20,200,1.8,1.4,1.15,1.0,2.0,4.0,1.5,1.5,1,22,8,14,36.36,0.925629
0.85,20,200,1.8,1.4,1.15,1.0,2.5,3.0,1.5,1.5,1,22,8,14,36.36,0.925629
0.85,20,200,1.8,1.4,1.15,1.0,2.5,4.0,1.5,1.5,1,22,8,14,36.36,0.925629
0.85,20,200,1.8,1.4,1.15,1.5,2.0,3.0,1.5,1.5,1,22,8,14,36.36,0.899745
0.85,20,200,1.8,1.4,1.15,1.5,2.0,4.0,1.5,1.5,1,22,8,14,36.36,0.899745
0.85,20,200,1.8,1.4,1.15,1.5,2.5,3.0,1.5,1.5,1,22,8,14,36.36,0.899745
0.85,20,200,1.8,1.4,1.15,1.5,2.5,4.0,1.5,1.5,1,22,8,14,36.36,0.899745
0.85,20,200,1.8,1.6,1.05,1.0,2.0,3.0,1.5,1.5,1,22,8,14,36.36,0.926682
0.85,20,200,1.8,1.6,1.05,1.0,2.0,4.0,1.5,1.5,1,22,8,14,36.36,0.926682
0.85,20,200,1.8,1.6,1.05,1.0,2.5,3.0,1.5,1.5,1,22,8,14,36.36,0.926682
0.85,20,200,1.8,1.6,1.05,1.0,2.5,4.0,1.5,1.5,1,22,8,14,36.36,0.926682
0.85,20,200,1.8,1.6,1.05,1.5,2.0,3.0,1.5,1.5,1,22,8,14,36.36,0.897579
0.85,20,200,1.8,1.6,1.05,1.5,2.0,4.0,1.5,1.5,1,22,8,14,36.36,0.897579
0.85,20,200,1.8,1.6,1.05,1.5,2.5,3.0,1.5,1.5,1,22,8,14,36.36,0.897579
0.85,20,200,1.8,1.6,1.05,1.5,2.5,4.0,1.5,1.5,1,22,8,14,36.36,0.897579
0.85,20,200,1.8,1.6,1.15,1.0,2.0,3.0,1.5,1.5,1,22,8,14,36.36,0.925629
0.85,20,200,1.8,1.6,1.15,1.0,2.0,4.0,1.5,1.5,1,22,8,14,36.36,0.925629
0.85,20,200,1.8,1.6,1.15,1.0,2.5,3.0,1.5,1.5,1,22,8,14,36.36,0.925629
0.85,20,200,1.8,1.6,1.15,1.0,2.5,4.0,1.5,1.5,1,22,8,14,36.36,0.925629
0.85,20,200,1.8,1.6,1.15,1.5,2.0,3.0,1.5,1.5,1,22,8,14,36.36,0.899745
0.85,20,200,1.8,1.6,1.15,1.5,2.0,4.0,1.5,1.5,1,22,8,14,36.36,0.899745
0.85,20,200,1.8,1.6,1.15,1.5,2.5,3.0,1.5,1.5,1,22,8,14,36.36,0.899745
0.85,20,200,1.8,1.6,1.15,1.5,2.5,4.0,1.5,1.5,1,22,8,14,36.36,0.899745
0.85,50,100,1.6,1.4,1.05,1.0,2.0,3.0,1.5,1.5,1,28,15,13,53.57,0.97015
0.85,50,100,1.6,1.4,1.05,1.0,2.0,4.0,1.5,1.5,1,28,15,13,53.57,0.97015
0.85,50,100,1.6,1.4,1.05,1.0,2.5,3.0,1.5,1.5,1,28,15,13,53.57,0.97015
0.85,50,100,1.6,1.4,1.05,1.0,2.5,4.0,1.5,1.5,1,28,15,13,53.57,0.97015
0.85,50,100,1.6,1.4,1.05,1.5,2.0,3.0,1.5,1.5,1,27,15,12,55.56,0.968829
0.85,50,100,1.6,1.4,1.05,1.5,2.0,4.0,1.5,1.5,1,27,15,12,55.56,0.968829
0.85,50,100,1.6,1.4,1.05,1.5,2.5,3.0,1.5,1.5,1,27,15,12,55.56,0.968829
0.85,50,100,1.6,1.4,1.05,1.5,2.5,4.0,1.5,1.5,1,27,15,12,55.56,0.968829
0.85,50,100,1.6,1.4,1.15,1.0,2.0,3.0,1.5,1.5,1,30,14,16,46.67,0.931033
0.85,50,100,1.6,1.4,1.15,1.0,2.0,4.0,1.5,1.5,1,30,14,16,46.67,0.931033
0.85,50,100,1.6,1.4,1.15,1.0,2.5,3.0,1.5,1.5,1,30,14,16,46.67,0.931033
0.85,50,100,1.6,1.4,1.15,1.0,2.5,4.0,1.5,1.5,1,30,14,16,46.67,0.931033
0.85,50,100,1.6,1.4,1.15,1.5,2.0,3.0,1.5,1.5,1,29,15,14,51.72,0.949992
0.85,50,100,1.6,1.4,1.15,1.5,2.0,4.0,1.5,1.5,1,29,15,14,51.72,0.949992
0.85,50,100,1.6,1.4,1.15,1.5,2.5,3.0,1.5,1.5,1,29,15,14,51.72,0.949992
0.85,50,100,1.6,1.4,1.15,1.5,2.5,4.0,1.5,1.5,1,29,15,14,51.72,0.949992
0.85,50,100,1.6,1.6,1.05,1.0,2.0,3.0,1.5,1.5,1,27,15,12,55.56,0.989334
0.85,50,100,1.6,1.6,1.05,1.0,2.0,4.0,1.5,1.5,1,27,15,12,55.56,0.989334
0.85,50,100,1.6,1.6,1.05,1.0,2.5,3.0,1.5,1.5,1,27,15,12,55.56,0.989334
0.85,50,100,1.6,1.6,1.05,1.0,2.5,4.0,1.5,1.5,1,27,15,12,55.56,0.989334
0.85,50,100,1.6,1.6,1.05,1.5,2.0,3.0,1.5,1.5,1,27,15,12,55.56,0.968829
0.85,50,100,1.6,1.6,1.05,1.5,2.0,4.0,1.5,1.5,1,27,15,12,55.56,0.968829
0.85,50,100,1.6,1.6,1.05,1.5,2.5,3.0,1.5,1.5,1,27,15,12,55.56,0.968829
0.85,50,100,1.6,1.6,1.05,1.5,2.5,4.0,1.5,1.5,1,27,15,12,55.56,0.968829
0.85,50,100,1.6,1.6,1.15,1.0,2.0,3.0,1.5,1.5,1,29,14,15,48.28,0.949443
0.85,50,100,1.6,1.6,1.15,1.0,2.0,4.0,1.5,1.5,1,29,14,15,48.28,0.949443
0.85,50,100,1.6,1.6,1.15,1.0,2.5,3.0,1.5,1.5,1,29,14,15,48.28,0.949443
0.85,50,100,1.6,1.6,1.15,1.0,2.5,4.0,1.5,1.5,1,29,14,15,48.28,0.949443
0.85,50,100,1.6,1.6,1.15,1.5,2.0,3.0,1.5,1.5,1,29,15,14,51.72,0.949992
0.85,50,100,1.6,1.6,1.15,1.5,2.0,4.0,1.5,1.5,1,29,15,14,51.72,0.949992
0.85,50,100,1.6,1.6,1.15,1.5,2.5,3.0,1.5,1.5,1,29,15,14,51.72,0.949992
0.85,50,100,1.6,1.6,1.15,1.5,2.5,4.0,1.5,1.5,1,29,15,14,51.72,0.949992
0.85,50,100,1.8,1.4,1.05,1.0,2.0,3.0,1.5,1.5,1,22,10,12,45.45,0.959058
0.85,50,100,1.8,1.4,1.05,1.0,2.0,4.0,1.5,1.5,1,22,10,12,45.45,0.959058
0.85,50,100,1.8,1.4,1.05,1.0,2.5,3.0,1.5,1.5,1,22,10,12,45.45,0.959058
0.85,50,100,1.8,1.4,1.05,1.0,2.5,4.0,1.5,1.5,1,22,10,12,45.45,0.959058
0.85,50,100,1.8,1.4,1.05,1.5,2.0,3.0,1.5,1.5,1,22,10,12,45.45,0.93224
0.85,50,100,1.8,1.4,1.05,1.5,2.0,4.0,1.5,1.5,1,22,10,12,45.45,0.93224
0.85,50,100,1.8,1.4,1.05,1.5,2.5,3.0,1.5,1.5,1,22,10,12,45.45,0.93224
0.85,50,100,1.8,1.4,1.05,1.5,2.5,4.0,1.5,1.5,1,22,10,12,45.45,0.93224
0.85,50,100,1.8,1.4,1.15,1.0,2.0,3.0,1.5,1.5,1,24,9,15,37.5,0.920388
0.85,50,100,1.8,1.4,1.15,1.0,2.0,4.0,1.5,1.5,1,24,9,15,37.5,0.920388
0.85,50,100,1.8,1.4,1.15,1.0,2.5,3.0,1.5,1.5,1,24,9,15,37.5,0.920388
0.85,50,100,1.8,1.4,1.15,1.0,2.5,4.0,1.5,1.5,1,24,9,15,37.5,0.920388
0.85,50,100,1.8,1.4,1.15,1.5,2.0,3.0,1.5,1.5,1,24,10,14,41.67,0.921471
0.85,50,100,1.8,1.4,1.15,1.5,2.0,4.0,1.5,1.5,1,24,10,14,41.67,0.921471
0.85,50,100,1.8,1.4,1.15,1.5,2.5,3.0,1.5,1.5,1,24,10,14,41.67,0.921471
0.85,50,100,1.8,1.4,1.15,1.5,2.5,4.0,1.5,1.5,1,24,10,14,41.67,0.921471
0.85,50,100,1.8,1.6,1.05,1.0,2.0,3.0,1.5,1.5,1,22,10,12,45.45,0.959058
0.85,50,100,1.8,1.6,1.05,1.0,2.0,4.0,1.5,1.5,1,22,10,12,45.45,0.959058
0.85,50,100,1.8,1.6,1.05,1.0,2.5,3.0,1.5,1.5,1,22,10,12,45.45,0.959058
0.85,50,100,1.8,1.6,1.05,1.0,2.5,4.0,1.5,1.5,1,22,10,12,45.45,0.959058
0.85,50,100,1.8,1.6,1.05,1.5,2.0,3.0,1.5,1.5,1,22,10,12,45.45,0.93224
0.85,50,100,1.8,1.6,1.05,1.5,2.0,4.0,1.5,1.5,1,22,10,12,45.45,0.93224
0.85,50,100,1.8,1.6,1.05,1.5,2.5,3.0,1.5,1.5,1,22,10,12,45.45,0.93224
0.85,50,100,1.8,1.6,1.05,1.5,2.5,4.0,1.5,1.5,1,22,10,12,45.45,0.93224
0.85,50,100,1.8,1.6,1.15,1.0,2.0,3.0,1.5,1.5,1,24,9,15,37.5,0.920388
0.85,50,100,1.8,1.6,1.15,1.0,2.0,4.0,1.5,1.5,1,24,9,15,37.5,0.920388
0.85,50,100,1.8,1.6,1.15,1.0,2.5,3.0,1.5,1.5,1,24,9,15,37.5,0.920388
0.85,50,100,1.8,1.6,1.15,1.0,2.5,4.0,1.5,1.5,1,24,9,15,37.5,0.920388
0.85,50,100,1.8,1.6,1.15,1.5,2.0,3.0,1.5,1.5,1,24,10,14,41.67,0.921471
0.85,50,100,1.8,1.6,1.15,1.5,2.0,4.0,1.5,1.5,1,24,10,14,41.67,0.921471
0.85,50,100,1.8,1.6,1.15,1.5,2.5,3.0,1.5,1.5,1,24,10,14,41.67,0.921471
0.85,50,100,1.8,1.6,1.15,1.5,2.5,4.0,1.5,1.5,1,24,10,14,41.67,0.921471
0.85,50,200,1.6,1.4,1.05,1.0,2.0,3.0,1.5,1.5,1,27,14,13,51.85,0.960867
0.85,50,200,1.6,1.4,1.05,1.0,2.0,4.0,1.5,1.5,1,27,14,13,51.85,0.960867
0.85,50,200,1.6,1.4,1.05,1.0,2.5,3.0,1.5,1.5,1,27,14,13,51.85,0.960867
0.85,50,200,1.6,1.4,1.05,1.0,2.5,4.0,1.5,1.5,1,27,14,13,51.85,0.960867
0.85,50,200,1.6,1.4,1.05,1.5,2.0,3.0,1.5,1.5,1,26,14,12,53.85,0.959558
0.85,50,200,1.6,1.4,1.05,1.5,2.0,4.0,1.5,1.5,1,26,14,12,53.85,0.959558
0.85,50,200,1.6,1.4,1.05,1.5,2.5,3.0,1.5,1.5,1,26,14,12,53.85,0.959558
0.85,50,200,1.6,1.4,1.05,1.5,2.5,4.0,1.5,1.5,1,26,14,12,53.85,0.959558
0.85,50,200,1.6,1.4,1.15,1.0,2.0,3.0,1.5,1.5,1,28,13,15,46.43,0.936334
0.85,50,200,1.6,1.4,1.15,1.0,2.0,4.0,1.5,1.5,1,28,13,15,46.43,0.936334
0.85,50,200,1.6,1.4,1.15,1.0,2.5,3.0,1.5,1.5,1,28,13,15,46.43,0.936334
0.85,50,200,1.6,1.4,1.15,1.0,2.5,4.0,1.5,1.5,1,28,13,15,46.43,0.936334
0.85,50,200,1.6,1.4,1.15,1.5,2.0,3.0,1.5,1.5,1,27,13,14,48.15,0.935058
0.85,50,200,1.6,1.4,1.15,1.5,2.0,4.0,1.5,1.5,1,27,13,14,48.15,0.935058
0.85,50,200,1.6,1.4,1.15,1.5,2.5,3.0,1.5,1.5,1,27,13,14,48.15,0.935058
0.85,50,200,1.6,1.4,1.15,1.5,2.5,4.0,1.5,1.5,1,27,13,14,48.15,0.935058
0.85,50,200,1.6,1.6,1.05,1.0,2.0,3.0,1.5,1.5,1,26,14,12,53.85,0.979867
0.85,50,200,1.6,1.6,1.05,1.0,2.0,4.0,1.5,1.5,1,26,14,12,53.85,0.979867
0.85,50,200,1.6,1.6,1.05,1.0,2.5,3.0,1.5,1.5,1,26,14,12,53.85,0.979867
0.85,50,200,1.6,1.6,1.05,1.0,2.5,4.0,1.5,1.5,1,26,14,12,53.85,0.979867
0.85,50,200,1.6,1.6,1.05,1.5,2.0,3.0,1.5,1.5,1,26,14,12,53.85,0.959558
0.85,50,200,1.6,1.6,1.05,1.5,2.0,4.0,1.5,1.5,1,26,14,12,53.85,0.959558
0.85,50,200,1.6,1.6,1.05,1.5,2.5,3.0,1.5,1.5,1,26,14,12,53.85,0.959558
0.85,50,200,1.6,1.6,1.05,1.5,2.5,4.0,1.5,1.5,1,26,14,12,53.85,0.959558
0.85,50,200,1.6,1.6,1.15,1.0,2.0,3.0,1.5,1.5,1,27,13,14,48.15,0.954849
0.85,50,200,1.6,1.6,1.15,1.0,2.0,4.0,1.5,1.5,1,27,13,14,48.15,0.954849
0.85,50,200,1.6,1.6,1.15,1.0,2.5,3.0,1.5,1.5,1,27,13,14,48.15,0.954849
0.85,50,200,1.6,1.6,1.15,1.0,2.5,4.0,1.5,1.5,1,27,13,14,48.15,0.954849
0.85,50,200,1.6,1.6,1.15,1.5,2.0,3.0,1.5,1.5,1,27,13,14,48.15,0.935058
0.85,50,200,1.6,1.6,1.15,1.5,2.0,4.0,1.5,1.5,1,27,13,14,48.15,0.935058
0.85,50,200,1.6,1.6,1.15,1.5,2.5,3.0,1.5,1.5,1,27,13,14,48.15,0.935058
0.85,50,200,1.6,1.6,1.15,1.5,2.5,4.0,1.5,1.5,1,27,13,14,48.15,0.935058
0.85,50,200,1.8,1.4,1.05,1.0,2.0,3.0,1.5,1.5,1,21,9,12,42.86,0.949881
0.85,50,200,1.8,1.4,1.05,1.0,2.0,4.0,1.5,1.5,1,21,9,12,42.86,0.949881
0.85,50,200,1.8,1.4,1.05,1.0,2.5,3.0,1.5,1.5,1,21,9,12,42.86,0.949881
0.85,50,200,1.8,1.4,1.05,1.0,2.5,4.0,1.5,1.5,1,21,9,12,42.86,0.949881
0.85,50,200,1.8,1.4,1.05,1.5,2.0,3.0,1.5,1.5,1,21,9,12,42.86,0.923319
0.85,50,200,1.8,1.4,1.05,1.5,2.0,4.0,1.5,1.5,1,21,9,12,42.86,0.923319
0.85,50,200,1.8,1.4,1.05,1.5,2.5,3.0,1.5,1.5,1,21,9,12,42.86,0.923319
0.85,50,200,1.8,1.4,1.05,1.5,2.5,4.0,1.5,1.5,1,21,9,12,42.86,0.923319
0.85,50,200,1.8,1.4,1.15,1.0,2.0,3.0,1.5,1.5,1,22,8,14,36.36,0.925629
0.85,50,200,1.8,1.4,1.15,1.0,2.0,4.0,1.5,1.5,1,22,8,14,36.36,0.925629
0.85,50,200,1.8,1.4,1.15,1.0,2.5,3.0,1.5,1.5,1,22,8,14,36.36,0.925629
0.85,50,200,1.8,1.4,1.15,1.0,2.5,4.0,1.5,1.5,1,22,8,14,36.36,0.925629
0.85,50,200,1.8,1.4,1.15,1.5,2.0,3.0,1.5,1.5,1,22,8,14,36.36,0.899745
0.85,50,200,1.8,1.4,1.15,1.5,2.0,4.0,1.5,1.5,1,22,8,14,36.36,0.899745
0.85,50,200,1.8,1.4,1.15,1.5,2.5,3.0,1.5,1.5,1,22,8,14,36.36,0.899745
0.85,50,200,1.8,1.4,1.15,1.5,2.5,4.0,1.5,1.5,1,22,8,14,36.36,0.899745
0.85,50,200,1.8,1.6,1.05,1.0,2.0,3.0,1.5,1.5,1,21,9,12,42.86,0.949881
0.85,50,200,1.8,1.6,1.05,1.0,2.0,4.0,1.5,1.5,1,21,9,12,42.86,0.949881
0.85,50,200,1.8,1.6,1.05,1.0,2.5,3.0,1.5,1.5,1,21,9,12,42.86,0.949881
0.85,50,200,1.8,1.6,1.05,1.0,2.5,4.0,1.5,1.5,1,21,9,12,42.86,0.949881
0.85,50,200,1.8,1.6,1.05,1.5,2.0,3.0,1.5,1.5,1,21,9,12,42.86,0.923319
0.85,50,200,1.8,1.6,1.05,1.5,2.0,4.0,1.5,1.5,1,21,9,12,42.86,0.923319
0.85,50,200,1.8,1.6,1.05,1.5,2.5,3.0,1.5,1.5,1,21,9,12,42.86,0.923319
0.85,50,200,1.8,1.6,1.05,1.5,2.5,4.0,1.5,1.5,1,21,9,12,42.86,0.923319
0.85,50,200,1.8,1.6,1.15,1.0,2.0,3.0,1.5,1.5,1,22,8,14,36.36,0.925629
0.85,50,200,1.8,1.6,1.15,1.0,2.0,4.0,1.5,1.5,1,22,8,14,36.36,0.925629
0.85,50,200,1.8,1.6,1.15,1.0,2.5,3.0,1.5,1.5,1,22,8,14,36.36,0.925629
0.85,50,200,1.8,1.6,1.15,1.0,2.5,4.0,1.5,1.5,1,22,8,14,36.36,0.925629
0.85,50,200,1.8,1.6,1.15,1.5,2.0,3.0,1.5,1.5,1,22,8,14,36.36,0.899745
0.85,50,200,1.8,1.6,1.15,1.5,2.0,4.0,1.5,1.5,1,22,8,14,36.36,0.899745
0.85,50,200,1.8,1.6,1.15,1.5,2.5,3.0,1.5,1.5,1,22,8,14,36.36,0.899745
0.85,50,200,1.8,1.6,1.15,1.5,2.5,4.0,1.5,1.5,1,22,8,14,36.36,0.899745
0.95,20,100,1.6,1.4,1.05,1.0,2.0,3.0,1.5,1.5,1,26,13,13,50.0,0.964587
0.95,20,100,1.6,1.4,1.05,1.0,2.0,4.0,1.5,1.5,1,26,13,13,50.0,0.964587
0.95,20,100,1.6,1.4,1.05,1.0,2.5,3.0,1.5,1.5,1,26,13,13,50.0,0.964587
0.95,20,100,1.6,1.4,1.05,1.0,2.5,4.0,1.5,1.5,1,26,13,13,50.0,0.964587
0.95,20,100,1.6,1.4,1.05,1.5,2.0,3.0,1.5,1.5,1,25,13,12,52.0,0.963273
0.95,20,100,1.6,1.4,1.05,1.5,2.0,4.0,1.5,1.5,1,25,13,12,52.0,0.963273
0.95,20,100,1.6,1.4,1.05,1.5,2.5,3.0,1.5,1.5,1,25,13,12,52.0,0.963273
0.95,20,100,1.6,1.4,1.05,1.5,2.5,4.0,1.5,1.5,1,25,13,12,52.0,0.963273
0.95,20,100,1.6,1.4,1.15,1.0,2.0,3.0,1.5,1.5,1,28,13,15,46.43,0.939908
0.95,20,100,1.6,1.4,1.15,1.0,2.0,4.0,1.5,1.5,1,28,13,15,46.43,0.939908
0.95,20,100,1.6,1.4,1.15,1.0,2.5,3.0,1.5,1.5,1,28,13,15,46.43,0.939908
0.95,20,100,1.6,1.4,1.15,1.0,2.5,4.0,1.5,1.5,1,28,13,15,46.43,0.939908
0.95,20,100,1.6,1.4,1.15,1.5,2.0,3.0,1.5,1.5,1,27,14,13,51.85,0.959048
0.95,20,100,1.6,1.4,1.15,1.5,2.0,4.0,1.5,1.5,1,27,14,13,51.85,0.959048
0.95,20,100,1.6,1.4,1.15,1.5,2.5,3.0,1.5,1.5,1,27,14,13,51.85,0.959048
0.95,20,100,1.6,1.4,1.15,1.5,2.5,4.0,1.5,1.5,1,27,14,13,51.85,0.959048
0.95,20,100,1.6,1.6,1.05,1.0,2.0,3.0,1.5,1.5,1,25,13,12,52.0,0.983661
0.95,20,100,1.6,1.6,1.05,1.0,2.0,4.0,1.5,1.5,1,25,13,12,52.0,0.983661
0.95,20,100,1.6,1.6,1.05,1.0,2.5,3.0,1.5,1.5,1,25,13,12,52.0,0.983661
0.95,20,100,1.6,1.6,1.05,1.0,2.5,4.0,1.5,1.5,1,25,13,12,52.0,0.983661
0.95,20,100,1.6,1.6,1.05,1.5,2.0,3.0,1.5,1.5,1,25,13,12,52.0,0.963273
0.95,20,100,1.6,1.6,1.05,1.5,2.0,4.0,1.5,1.5,1,25,13,12,52.0,0.963273
0.95,20,100,1.6,1.6,1.05,1.5,2.5,3.0,1.5,1.5,1,25,13,12,52.0,0.963273
0.95,20,100,1.6,1.6,1.05,1.5,2.5,4.0,1.5,1.5,1,25,13,12,52.0,0.963273
0.95,20,100,1.6,1.6,1.15,1.0,2.0,3.0,1.5,1.5,1,27,13,14,48.15,0.958494
0.95,20,100,1.6,1.6,1.15,1.0,2.0,4.0,1.5,1.5,1,27,13,14,48.15,0.958494
0.95,20,100,1.6,1.6,1.15,1.0,2.5,3.0,1.5,1.5,1,27,13,14,48.15,0.958494
0.95,20,100,1.6,1.6,1.15,1.0,2.5,4.0,1.5,1.5,1,27,13,14,48.15,0.958494
0.95,20,100,1.6,1.6,1.15,1.5,2.0,3.0,1.5,1.5,1,27,14,13,51.85,0.959048
0.95,20,100,1.6,1.6,1.15,1.5,2.0,4.0,1.5,1.5,1,27,14,13,51.85,0.959048
0.95,20,100,1.6,1.6,1.15,1.5,2.5,3.0,1.5,1.5,1,27,14,13,51.85,0.959048
0.95,20,100,1.6,1.6,1.15,1.5,2.5,4.0,1.5,1.5,1,27,14,13,51.85,0.959048
0.95,20,100,1.8,1.4,1.05,1.0,2.0,3.0,1.5,1.5,1,20,8,12,40.0,0.952115
0.95,20,100,1.8,1.4,1.05,1.0,2.0,4.0,1.5,1.5,1,20,8,12,40.0,0.952115
0.95,20,100,1.8,1.4,1.05,1.0,2.5,3.0,1.5,1.5,1,20,8,12,40.0,0.952115
0.95,20,100,1.8,1.4,1.05,1.0,2.5,4.0,1.5,1.5,1,20,8,12,40.0,0.952115
0.95,20,100,1.8,1.4,1.05,1.5,2.0,3.0,1.5,1.5,1,20,8,12,40.0,0.925491
0.95,20,100,1.8,1.4,1.05,1.5,2.0,4.0,1.5,1.5,1,20,8,12,40.0,0.925491
0.95,20,100,1.8,1.4,1.05,1.5,2.5,3.0,1.5,1.5,1,20,8,12,40.0,0.925491
0.95,20,100,1.8,1.4,1.05,1.5,2.5,4.0,1.5,1.5,1,20,8,12,40.0,0.925491
0.95,20,100,1.8,1.4,1.15,1.0,2.0,3.0,1.5,1.5,1,22,8,14,36.36,0.927755
0.95,20,100,1.8,1.4,1.15,1.0,2.0,4.0,1.5,1.5,1,22,8,14,36.36,0.927755
0.95,20,100,1.8,1.4,1.15,1.0,2.5,3.0,1.5,1.5,1,22,8,14,36.36,0.927755
0.95,20,100,1.8,1.4,1.15,1.0,2.5,4.0,1.5,1.5,1,22,8,14,36.36,0.927755
0.95,20,100,1.8,1.4,1.15,1.5,2.0,3.0,1.5,1.5,1,22,9,13,40.91,0.928847
0.95,20,100,1.8,1.4,1.15,1.5,2.0,4.0,1.5,1.5,1,22,9,13,40.91,0.928847
0.95,20,100,1.8,1.4,1.15,1.5,2.5,3.0,1.5,1.5,1,22,9,13,40.91,0.928847
0.95,20,100,1.8,1.4,1.15,1.5,2.5,4.0,1.5,1.5,1,22,9,13,40.91,0.928847
0.95,20,100,1.8,1.6,1.05,1.0,2.0,3.0,1.5,1.5,1,20,8,12,40.0,0.952115
0.95,20,100,1.8,1.6,1.05,1.0,2.0,4.0,1.5,1.5,1,20,8,12,40.0,0.952115
0.95,20,100,1.8,1.6,1.05,1.0,2.5,3.0,1.5,1.5,1,20,8,12,40.0,0.952115
0.95,20,100,1.8,1.6,1.05,1.0,2.5,4.0,1.5,1.5,1,20,8,12,40.0,0.952115
0.95,20,100,1.8,1.6,1.05,1.5,2.0,3.0,1.5,1.5,1,20,8,12,40.0,0.925491
0.95,20,100,1.8,1.6,1.05,1.5,2.0,4.0,1.5,1.5,1,20,8,12,40.0,0.925491
0.95,20,100,1.8,1.6,1.05,1.5,2.5,3.0,1.5,1.5,1,20,8,12,40.0,0.925491
0.95,20,100,1.8,1.6,1.05,1.5,2.5,4.0,1.5,1.5,1,20,8,12,40.0,0.925491
0.95,20,100,1.8,1.6,1.15,1.0,2.0,3.0,1.5,1.5,1,22,8,14,36.36,0.927755
0.95,20,100,1.8,1.6,1.15,1.0,2.0,4.0,1.5,1.5,1,22,8,14,36.36,0.927755
0.95,20,100,1.8,1.6,1.15,1.0,2.5,3.0,1.5,1.5,1,22,8,14,36.36,0.927755
0.95,20,100,1.8,1.6,1.15,1.0,2.5,4.0,1.5,1.5,1,22,8,14,36.36,0.927755
0.95,20,100,1.8,1.6,1.15,1.5,2.0,3.0,1.5,1.5,1,22,9,13,40.91,0.928847
0.95,20,100,1.8,1.6,1.15,1.5,2.0,4.0,1.5,1.5,1,22,9,13,40.91,0.928847
0.95,20,100,1.8,1.6,1.15,1.5,2.5,3.0,1.5,1.5,1,22,9,13,40.91,0.928847
0.95,20,100,1.8,1.6,1.15,1.5,2.5,4.0,1.5,1.5,1,22,9,13,40.91,0.928847
0.95,20,200,1.6,1.4,1.05,1.0,2.0,3.0,1.5,1.5,1,25,12,13,48.0,0.955357
0.95,20,200,1.6,1.4,1.05,1.0,2.0,4.0,1.5,1.5,1,25,12,13,48.0,0.955357
0.95,20,200,1.6,1.4,1.05,1.0,2.5,3.0,1.5,1.5,1,25,12,13,48.0,0.955357
0.95,20,200,1.6,1.4,1.05,1.0,2.5,4.0,1.5,1.5,1,25,12,13,48.0,0.955357
0.95,20,200,1.6,1.4,1.05,1.5,2.0,3.0,1.5,1.5,1,24,12,12,50.0,0.954055
0.95,20,200,1.6,1.4,1.05,1.5,2.0,4.0,1.5,1.5,1,24,12,12,50.0,0.954055
0.95,20,200,1.6,1.4,1.05,1.5,2.5,3.0,1.5,1.5,1,24,12,12,50.0,0.954055
0.95,20,200,1.6,1.4,1.05,1.5,2.5,4.0,1.5,1.5,1,24,12,12,50.0,0.954055
0.95,20,200,1.6,1.4,1.15,1.0,2.0,3.0,1.5,1.5,1,26,12,14,46.15,0.94526
0.95,20,200,1.6,1.4,1.15,1.0,2.0,4.0,1.5,1.5,1,26,12,14,46.15,0.94526
0.95,20,200,1.6,1.4,1.15,1.0,2.5,3.0,1.5,1.5,1,26,12,14,46.15,0.94526
0.95,20,200,1.6,1.4,1.15,1.0,2.5,4.0,1.5,1.5,1,26,12,14,46.15,0.94526
0.95,20,200,1.6,1.4,1.15,1.5,2.0,3.0,1.5,1.5,1,25,12,13,48.0,0.943972
0.95,20,200,1.6,1.4,1.15,1.5,2.0,4.0,1.5,1.5,1,25,12,13,48.0,0.943972
0.95,20,200,1.6,1.4,1.15,1.5,2.5,3.0,1.5,1.5,1,25,12,13,48.0,0.943972
0.95,20,200,1.6,1.4,1.15,1.5,2.5,4.0,1.5,1.5,1,25,12,13,48.0,0.943972
0.95,20,200,1.6,1.6,1.05,1.0,2.0,3.0,1.5,1.5,1,24,12,12,50.0,0.974248
0.95,20,200,1.6,1.6,1.05,1.0,2.0,4.0,1.5,1.5,1,24,12,12,50.0,0.974248
0.95,20,200,1.6,1.6,1.05,1.0,2.5,3.0,1.5,1.5,1,24,12,12,50.0,0.974248
0.95,20,200,1.6,1.6,1.05,1.0,2.5,4.0,1.5,1.5,1,24,12,12,50.0,0.974248
0.95,20,200,1.6,1.6,1.05,1.5,2.0,3.0,1.5,1.5,1,24,12,12,50.0,0.954055
0.95,20,200,1.6,1.6,1.05,1.5,2.0,4.0,1.5,1.5,1,24,12,12,50.0,0.954055
0.95,20,200,1.6,1.6,1.05,1.5,2.5,3.0,1.5,1.5,1,24,12,12,50.0,0.954055
0.95,20,200,1.6,1.6,1.05,1.5,2.5,4.0,1.5,1.5,1,24,12,12,50.0,0.954055
0.95,20,200,1.6,1.6,1.15,1.0,2.0,3.0,1.5,1.5,1,25,12,13,48.0,0.963952
0.95,20,200,1.6,1.6,1.15,1.0,2.0,4.0,1.5,1.5,1,25,12,13,48.0,0.963952
0.95,20,200,1.6,1.6,1.15,1.0,2.5,3.0,1.5,1.5,1,25,12,13,48.0,0.963952
0.95,20,200,1.6,1.6,1.15,1.0,2.5,4.0,1.5,1.5,1,25,12,13,48.0,0.963952
0.95,20,200,1.6,1.6,1.15,1.5,2.0,3.0,1.5,1.5,1,25,12,13,48.0,0.943972
0.95,20,200,1.6,1.6,1.15,1.5,2.0,4.0,1.5,1.5,1,25,12,13,48.0,0.943972
0.95,20,200,1.6,1.6,1.15,1.5,2.5,3.0,1.5,1.5,1,25,12,13,48.0,0.943972
0.95,20,200,1.6,1.6,1.15,1.5,2.5,4.0,1.5,1.5,1,25,12,13,48.0,0.943972
0.95,20,200,1.8,1.4,1.05,1.0,2.0,3.0,1.5,1.5,1,19,7,12,36.84,0.943004
0.95,20,200,1.8,1.4,1.05,1.0,2.0,4.0,1.5,1.5,1,19,7,12,36.84,0.943004
0.95,20,200,1.8,1.4,1.05,1.0,2.5,3.0,1.5,1.5,1,19,7,12,36.84,0.943004
0.95,20,200,1.8,1.4,1.05,1.0,2.5,4.0,1.5,1.5,1,19,7,12,36.84,0.943004
0.95,20,200,1.8,1.4,1.05,1.5,2.0,3.0,1.5,1.5,1,19,7,12,36.84,0.916635
0.95,20,200,1.8,1.4,1.05,1.5,2.0,4.0,1.5,1.5,1,19,7,12,36.84,0.916635
0.95,20,200,1.8,1.4,1.05,1.5,2.5,3.0,1.5,1.5,1,19,7,12,36.84,0.916635
0.95,20,200,1.8,1.4,1.05,1.5,2.5,4.0,1.5,1.5,1,19,7,12,36.84,0.916635
0.95,20,200,1.8,1.4,1.15,1.0,2.0,3.0,1.5,1.5,1,20,7,13,35.0,0.933038
0.95,20,200,1.8,1.4,1.15,1.0,2.0,4.0,1.5,1.5,1,20,7,13,35.0,0.933038
0.95,20,200,1.8,1.4,1.15,1.0,2.5,3.0,1.5,1.5,1,20,7,13,35.0,0.933038
0.95,20,200,1.8,1.4,1.15,1.0,2.5,4.0,1.5,1.5,1,20,7,13,35.0,0.933038
0.95,20,200,1.8,1.4,1.15,1.5,2.0,3.0,1.5,1.5,1,20,7,13,35.0,0.906947
0.95,20,200,1.8,1.4,1.15,1.5,2.0,4.0,1.5,1.5,1,20,7,13,35.0,0.906947
0.95,20,200,1.8,1.4,1.15,1.5,2.5,3.0,1.5,1.5,1,20,7,13,35.0,0.906947
0.95,20,200,1.8,1.4,1.15,1.5,2.5,4.0,1.5,1.5,1,20,7,13,35.0,0.906947
0.95,20,200,1.8,1.6,1.05,1.0,2.0,3.0,1.5,1.5,1,19,7,12,36.84,0.943004
0.95,20,200,1.8,1.6,1.05,1.0,2.0,4.0,1.5,1.5,1,19,7,12,36.84,0.943004
0.95,20,200,1.8,1.6,1.05,1.0,2.5,3.0,1.5,1.5,1,19,7,12,36.84,0.943004
0.95,20,200,1.8,1.6,1.05,1.0,2.5,4.0,1.5,1.5,1,19,7,12,36.84,0.943004
0.95,20,200,1.8,1.6,1.05,1.5,2.0,3.0,1.5,1.5,1,19,7,12,36.84,0.916635
0.95,20,200,1.8,1.6,1.05,1.5,2.0,4.0,1.5,1.5,1,19,7,12,36.84,0.916635
0.95,20,200,1.8,1.6,1.05,1.5,2.5,3.0,1.5,1.5,1,19,7,12,36.84,0.916635
0.95,20,200,1.8,1.6,1.05,1.5,2.5,4.0,1.5,1.5,1,19,7,12,36.84,0.916635
0.95,20,200,1.8,1.6,1.15,1.0,2.0,3.0,1.5,1.5,1,20,7,13,35.0,0.933038
0.95,20,200,1.8,1.6,1.15,1.0,2.0,4.0,1.5,1.5,1,20,7,13,35.0,0.933038
0.95,20,200,1.8,1.6,1.15,1.0,2.5,3.0,1.5,1.5,1,20,7,13,35.0,0.933038
0.95,20,200,1.8,1.6,1.15,1.0,2.5,4.0,1.5,1.5,1,20,7,13,35.0,0.933038
0.95,20,200,1.8,1.6,1.15,1.5,2.0,3.0,1.5,1.5,1,20,7,13,35.0,0.906947
0.95,20,200,1.8,1.6,1.15,1.5,2.0,4.0,1.5,1.5,1,20,7,13,35.0,0.906947
0.95,20,200,1.8,1.6,1.15,1.5,2.5,3.0,1.5,1.5,1,20,7,13,35.0,0.906947
0.95,20,200,1.8,1.6,1.15,1.5,2.5,4.0,1.5,1.5,1,20,7,13,35.0,0.906947
0.95,50,100,1.6,1.4,1.05,1.0,2.0,3.0,1.5,1.5,1,26,14,12,53.85,0.979399
0.95,50,100,1.6,1.4,1.05,1.0,2.0,4.0,1.5,1.5,1,26,14,12,53.85,0.979399
0.95,50,100,1.6,1.4,1.05,1.0,2.5,3.0,1.5,1.5,1,26,14,12,53.85,0.979399
0.95,50,100,1.6,1.4,1.05,1.0,2.5,4.0,1.5,1.5,1,26,14,12,53.85,0.979399
0.95,50,100,1.6,1.4,1.05,1.5,2.0,3.0,1.5,1.5,1,25,14,11,56.0,0.978065
0.95,50,100,1.6,1.4,1.05,1.5,2.0,4.0,1.5,1.5,1,25,14,11,56.0,0.978065
0.95,50,100,1.6,1.4,1.05,1.5,2.5,3.0,1.5,1.5,1,25,14,11,56.0,0.978065
0.95,50,100,1.6,1.4,1.05,1.5,2.5,4.0,1.5,1.5,1,25,14,11,56.0,0.978065
0.95,50,100,1.6,1.4,1.15,1.0,2.0,3.0,1.5,1.5,1,28,13,15,46.43,0.939908
0.95,50,100,1.6,1.4,1.15,1.0,2.0,4.0,1.5,1.5,1,28,13,15,46.43,0.939908
0.95,50,100,1.6,1.4,1.15,1.0,2.5,3.0,1.5,1.5,1,28,13,15,46.43,0.939908
0.95,50,100,1.6,1.4,1.15,1.0,2.5,4.0,1.5,1.5,1,28,13,15,46.43,0.939908
0.95,50,100,1.6,1.4,1.15,1.5,2.0,3.0,1.5,1.5,1,27,14,13,51.85,0.959048
0.95,50,100,1.6,1.4,1.15,1.5,2.0,4.0,1.5,1.5,1,27,14,13,51.85,0.959048
0.95,50,100,1.6,1.4,1.15,1.5,2.5,3.0,1.5,1.5,1,27,14,13,51.85,0.959048
0.95,50,100,1.6,1.4,1.15,1.5,2.5,4.0,1.5,1.5,1,27,14,13,51.85,0.959048
0.95,50,100,1.6,1.6,1.05,1.0,2.0,3.0,1.5,1.5,1,25,14,11,56.0,0.998765
0.95,50,100,1.6,1.6,1.05,1.0,2.0,4.0,1.5,1.5,1,25,14,11,56.0,0.998765
0.95,50,100,1.6,1.6,1.05,1.0,2.5,3.0,1.5,1.5,1,25,14,11,56.0,0.998765
0.95,50,100,1.6,1.6,1.05,1.0,2.5,4.0,1.5,1.5,1,25,14,11,56.0,0.998765
0.95,50,100,1.6,1.6,1.05,1.5,2.0,3.0,1.5,1.5,1,25,14,11,56.0,0.978065
0.95,50,100,1.6,1.6,1.05,1.5,2.0,4.0,1.5,1.5,1,25,14,11,56.0,0.978065
0.95,50,100,1.6,1.6,1.05,1.5,2.5,3.0,1.5,1.5,1,25,14,11,56.0,0.978065
0.95,50,100,1.6,1.6,1.05,1.5,2.5,4.0,1.5,1.5,1,25,14,11,56.0,0.978065
0.95,50,100,1.6,1.6,1.15,1.0,2.0,3.0,1.5,1.5,1,27,13,14,48.15,0.958494
0.95,50,100,1.6,1.6,1.15,1.0,2.0,4.0,1.5,1.5,1,27,13,14,48.15,0.958494
0.95,50,100,1.6,1.6,1.15,1.0,2.5,3.0,1.5,1.5,1,27,13,14,48.15,0.958494
0.95,50,100,1.6,1.6,1.15,1.0,2.5,4.0,1.5,1.5,1,27,13,14,48.15,0.958494
0.95,50,100,1.6,1.6,1.15,1.5,2.0,3.0,1.5,1.5,1,27,14,13,51.85,0.959048
0.95,50,100,1.6,1.6,1.15,1.5,2.0,4.0,1.5,1.5,1,27,14,13,51.85,0.959048
0.95,50,100,1.6,1.6,1.15,1.5,2.5,3.0,1.5,1.5,1,27,14,13,51.85,0.959048
0.95,50,100,1.6,1.6,1.15,1.5,2.5,4.0,1.5,1.5,1,27,14,13,51.85,0.959048
0.95,50,100,1.8,1.4,1.05,1.0,2.0,3.0,1.5,1.5,1,20,9,11,45.0,0.966735
0.95,50,100,1.8,1.4,1.05,1.0,2.0,4.0,1.5,1.5,1,20,9,11,45.0,0.966735
0.95,50,100,1.8,1.4,1.05,1.0,2.5,3.0,1.5,1.5,1,20,9,11,45.0,0.966735
0.95,50,100,1.8,1.4,1.05,1.0,2.5,4.0,1.5,1.5,1,20,9,11,45.0,0.966735
0.95,50,100,1.8,1.4,1.05,1.5,2.0,3.0,1.5,1.5,1,20,9,11,45.0,0.939702
0.95,50,100,1.8,1.4,1.05,1.5,2.0,4.0,1.5,1.5,1,20,9,11,45.0,0.939702
0.95,50,100,1.8,1.4,1.05,1.5,2.5,3.0,1.5,1.5,1,20,9,11,45.0,0.939702
0.95,50,100,1.8,1.4,1.05,1.5,2.5,4.0,1.5,1.5,1,20,9,11,45.0,0.939702
0.95,50,100,1.8,1.4,1.15,1.0,2.0,3.0,1.5,1.5,1,22,8,14,36.36,0.927755
0.95,50,100,1.8,1.4,1.15,1.0,2.0,4.0,1.5,1.5,1,22,8,14,36.36,0.927755
0.95,50,100,1.8,1.4,1.15,1.0,2.5,3.0,1.5,1.5,1,22,8,14,36.36,0.927755
0.95,50,100,1.8,1.4,1.15,1.0,2.5,4.0,1.5,1.5,1,22,8,14,36.36,0.927755
0.95,50,100,1.8,1.4,1.15,1.5,2.0,3.0,1.5,1.5,1,22,9,13,40.91,0.928847
0.95,50,100,1.8,1.4,1.15,1.5,2.0,4.0,1.5,1.5,1,22,9,13,40.91,0.928847
0.95,50,100,1.8,1.4,1.15,1.5,2.5,3.0,1.5,1.5,1,22,9,13,40.91,0.928847
0.95,50,100,1.8,1.4,1.15,1.5,2.5,4.0,1.5,1.5,1,22,9,13,40.91,0.928847
0.95,50,100,1.8,1.6,1.05,1.0,2.0,3.0,1.5,1.5,1,20,9,11,45.0,0.966735
0.95,50,100,1.8,1.6,1.05,1.0,2.0,4.0,1.5,1.5,1,20,9,11,45.0,0.966735
0.95,50,100,1.8,1.6,1.05,1.0,2.5,3.0,1.5,1.5,1,20,9,11,45.0,0.966735
0.95,50,100,1.8,1.6,1.05,1.0,2.5,4.0,1.5,1.5,1,20,9,11,45.0,0.966735
0.95,50,100,1.8,1.6,1.05,1.5,2.0,3.0,1.5,1.5,1,20,9,11,45.0,0.939702
0.95,50,100,1.8,1.6,1.05,1.5,2.0,4.0,1.5,1.5,1,20,9,11,45.0,0.939702
0.95,50,100,1.8,1.6,1.05,1.5,2.5,3.0,1.5,1.5,1,20,9,11,45.0,0.939702
0.95,50,100,1.8,1.6,1.05,1.5,2.5,4.0,1.5,1.5,1,20,9,11,45.0,0.939702
0.95,50,100,1.8,1.6,1.15,1.0,2.0,3.0,1.5,1.5,1,22,8,14,36.36,0.927755
0.95,50,100,1.8,1.6,1.15,1.0,2.0,4.0,1.5,1.5,1,22,8,14,36.36,0.927755
0.95,50,100,1.8,1.6,1.15,1.0,2.5,3.0,1.5,1.5,1,22,8,14,36.36,0.927755
0.95,50,100,1.8,1.6,1.15,1.0,2.5,4.0,1.5,1.5,1,22,8,14,36.36,0.927755
0.95,50,100,1.8,1.6,1.15,1.5,2.0,3.0,1.5,1.5,1,22,9,13,40.91,0.928847
0.95,50,100,1.8,1.6,1.15,1.5,2.0,4.0,1.5,1.5,1,22,9,13,40.91,0.928847
0.95,50,100,1.8,1.6,1.15,1.5,2.5,3.0,1.5,1.5,1,22,9,13,40.91,0.928847
0.95,50,100,1.8,1.6,1.15,1.5,2.5,4.0,1.5,1.5,1,22,9,13,40.91,0.928847
0.95,50,200,1.6,1.4,1.05,1.0,2.0,3.0,1.5,1.5,1,25,13,12,52.0,0.970026
0.95,50,200,1.6,1.4,1.05,1.0,2.0,4.0,1.5,1.5,1,25,13,12,52.0,0.970026
0.95,50,200,1.6,1.4,1.05,1.0,2.5,3.0,1.5,1.5,1,25,13,12,52.0,0.970026
0.95,50,200,1.6,1.4,1.05,1.0,2.5,4.0,1.5,1.5,1,25,13,12,52.0,0.970026
0.95,50,200,1.6,1.4,1.05,1.5,2.0,3.0,1.5,1.5,1,24,13,11,54.17,0.968705
0.95,50,200,1.6,1.4,1.05,1.5,2.0,4.0,1.5,1.5,1,24,13,11,54.17,0.968705
0.95,50,200,1.6,1.4,1.05,1.5,2.5,3.0,1.5,1.5,1,24,13,11,54.17,0.968705
0.95,50,200,1.6,1.4,1.05,1.5,2.5,4.0,1.5,1.5,1,24,13,11,54.17,0.968705
0.95,50,200,1.6,1.4,1.15,1.0,2.0,3.0,1.5,1.5,1,26,12,14,46.15,0.94526
0.95,50,200,1.6,1.4,1.15,1.0,2.0,4.0,1.5,1.5,1,26,12,14,46.15,0.94526
0.95,50,200,1.6,1.4,1.15,1.0,2.5,3.0,1.5,1.5,1,26,12,14,46.15,0.94526
0.95,50,200,1.6,1.4,1.15,1.0,2.5,4.0,1.5,1.5,1,26,12,14,46.15,0.94526
0.95,50,200,1.6,1.4,1.15,1.5,2.0,3.0,1.5,1.5,1,25,12,13,48.0,0.943972
0.95,50,200,1.6,1.4,1.15,1.5,2.0,4.0,1.5,1.5,1,25,12,13,48.0,0.943972
0.95,50,200,1.6,1.4,1.15,1.5,2.5,3.0,1.5,1.5,1,25,12,13,48.0,0.943972
0.95,50,200,1.6,1.4,1.15,1.5,2.5,4.0,1.5,1.5,1,25,12,13,48.0,0.943972
0.95,50,200,1.6,1.6,1.05,1.0,2.0,3.0,1.5,1.5,1,24,13,11,54.17,0.989208
0.95,50,200,1.6,1.6,1.05,1.0,2.0,4.0,1.5,1.5,1,24,13,11,54.17,0.989208
0.95,50,200,1.6,1.6,1.05,1.0,2.5,3.0,1.5,1.5,1,24,13,11,54.17,0.989208
0.95,50,200,1.6,1.6,1.05,1.0,2.5,4.0,1.5,1.5,1,24,13,11,54.17,0.989208
0.95,50,200,1.6,1.6,1.05,1.5,2.0,3.0,1.5,1.5,1,24,13,11,54.17,0.968705
0.95,50,200,1.6,1.6,1.05,1.5,2.0,4.0,1.5,1.5,1,24,13,11,54.17,0.968705
0.95,50,200,1.6,1.6,1.05,1.5,2.5,3.0,1.5,1.5,1,24,13,11,54.17,0.968705
0.95,50,200,1.6,1.6,1.05,1.5,2.5,4.0,1.5,1.5,1,24,13,11,54.17,0.968705
0.95,50,200,1.6,1.6,1.15,1.0,2.0,3.0,1.5,1.5,1,25,12,13,48.0,0.963952
0.95,50,200,1.6,1.6,1.15,1.0,2.0,4.0,1.5,1.5,1,25,12,13,48.0,0.963952
0.95,50,200,1.6,1.6,1.15,1.0,2.5,3.0,1.5,1.5,1,25,12,13,48.0,0.963952
0.95,50,200,1.6,1.6,1.15,1.0,2.5,4.0,1.5,1.5,1,25,12,13,48.0,0.963952
0.95,50,200,1.6,1.6,1.15,1.5,2.0,3.0,1.5,1.5,1,25,12,13,48.0,0.943972
0.95,50,200,1.6,1.6,1.15,1.5,2.0,4.0,1.5,1.5,1,25,12,13,48.0,0.943972
0.95,50,200,1.6,1.6,1.15,1.5,2.5,3.0,1.5,1.5,1,25,12,13,48.0,0.943972
0.95,50,200,1.6,1.6,1.15,1.5,2.5,4.0,1.5,1.5,1,25,12,13,48.0,0.943972
0.95,50,200,1.8,1.4,1.05,1.0,2.0,3.0,1.5,1.5,1,19,8,11,42.11,0.957484
0.95,50,200,1.8,1.4,1.05,1.0,2.0,4.0,1.5,1.5,1,19,8,11,42.11,0.957484
0.95,50,200,1.8,1.4,1.05,1.0,2.5,3.0,1.5,1.5,1,19,8,11,42.11,0.957484
0.95,50,200,1.8,1.4,1.05,1.0,2.5,4.0,1.5,1.5,1,19,8,11,42.11,0.957484
0.95,50,200,1.8,1.4,1.05,1.5,2.0,3.0,1.5,1.5,1,19,8,11,42.11,0.93071
0.95,50,200,1.8,1.4,1.05,1.5,2.0,4.0,1.5,1.5,1,19,8,11,42.11,0.93071
0.95,50,200,1.8,1.4,1.05,1.5,2.5,3.0,1.5,1.5,1,19,8,11,42.11,0.93071
0.95,50,200,1.8,1.4,1.05,1.5,2.5,4.0,1.5,1.5,1,19,8,11,42.11,0.93071
0.95,50,200,1.8,1.4,1.15,1.0,2.0,3.0,1.5,1.5,1,20,7,13,35.0,0.933038
0.95,50,200,1.8,1.4,1.15,1.0,2.0,4.0,1.5,1.5,1,20,7,13,35.0,0.933038
0.95,50,200,1.8,1.4,1.15,1.0,2.5,3.0,1.5,1.5,1,20,7,13,35.0,0.933038
0.95,50,200,1.8,1.4,1.15,1.0,2.5,4.0,1.5,1.5,1,20,7,13,35.0,0.933038
0.95,50,200,1.8,1.4,1.15,1.5,2.0,3.0,1.5,1.5,1,20,7,13,35.0,0.906947
0.95,50,200,1.8,1.4,1.15,1.5,2.0,4.0,1.5,1.5,1,20,7,13,35.0,0.906947
0.95,50,200,1.8,1.4,1.15,1.5,2.5,3.0,1.5,1.5,1,20,7,13,35.0,0.906947
0.95,50,200,1.8,1.4,1.15,1.5,2.5,4.0,1.5,1.5,1,20,7,13,35.0,0.906947
0.95,50,200,1.8,1.6,1.05,1.0,2.0,3.0,1.5,1.5,1,19,8,11,42.11,0.957484
0.95,50,200,1.8,1.6,1.05,1.0,2.0,4.0,1.5,1.5,1,19,8,11,42.11,0.957484
0.95,50,200,1.8,1.6,1.05,1.0,2.5,3.0,1.5,1.5,1,19,8,11,42.11,0.957484
0.95,50,200,1.8,1.6,1.05,1.0,2.5,4.0,1.5,1.5,1,19,8,11,42.11,0.957484
0.95,50,200,1.8,1.6,1.05,1.5,2.0,3.0,1.5,1.5,1,19,8,11,42.11,0.93071
0.95,50,200,1.8,1.6,1.05,1.5,2.0,4.0,1.5,1.5,1,19,8,11,42.11,0.93071
0.95,50,200,1.8,1.6,1.05,1.5,2.5,3.0,1.5,1.5,1,19,8,11,42.11,0.93071
0.95,50,200,1.8,1.6,1.05,1.5,2.5,4.0,1.5,1.5,1,19,8,11,42.11,0.93071
0.95,50,200,1.8,1.6,1.15,1.0,2.0,3.0,1.5,1.5,1,20,7,13,35.0,0.933038
0.95,50,200,1.8,1.6,1.15,1.0,2.0,4.0,1.5,1.5,1,20,7,13,35.0,0.933038
0.95,50,200,1.8,1.6,1.15,1.0,2.5,3.0,1.5,1.5,1,20,7,13,35.0,0.933038
0.95,50,200,1.8,1.6,1.15,1.0,2.5,4.0,1.5,1.5,1,20,7,13,35.0,0.933038
0.95,50,200,1.8,1.6,1.15,1.5,2.0,3.0,1.5,1.5,1,20,7,13,35.0,0.906947
0.95,50,200,1.8,1.6,1.15,1.5,2.0,4.0,1.5,1.5,1,20,7,13,35.0,0.906947
0.95,50,200,1.8,1.6,1.15,1.5,2.5,3.0,1.5,1.5,1,20,7,13,35.0,0.906947
0.95,50,200,1.8,1.6,1.15,1.5,2.5,4.0,1.5,1.5,1,20,7,13,35.0,0.906947
