BB_COOLDOWN_BARS,BB_K,BB_PERIOD,EMA_TREND_N,REQUIRE_TREND,RSI_BUY_MAX,RSI_SELL_MIN,VOL_MA_N,VOL_MULT,avg_trade_ret_pct,entry_func,equity_multiple,losses,max_drawdown_pct,trades,win_rate_pct,wins
2,2.4,20,100,1,60,60,20,1.0,-0.2688,run_backtest,0.550827,92,49.64,199,53.77,107
2,2.4,20,100,1,55,60,20,1.0,-0.2748,run_backtest,0.550369,91,49.68,195,53.33,104
0,2.4,20,100,1,60,60,20,1.0,-0.2747,run_backtest,0.541255,93,50.51,201,53.73,108
0,2.4,20,100,1,55,60,20,1.0,-0.2808,run_backtest,0.540804,92,50.55,197,53.3,105
2,2.4,20,100,1,60,65,20,1.0,-0.2977,run_backtest,0.520908,97,54.15,197,50.76,100
0,2.4,12,100,1,55,65,20,1.0,-0.2586,run_backtest,0.518065,109,56.65,223,51.12,114
2,2.4,12,100,1,55,65,20,1.0,-0.2628,run_backtest,0.516206,108,56.8,221,51.13,113
2,2.4,20,100,1,55,65,20,1.0,-0.3089,run_backtest,0.515983,96,54.06,193,50.26,97
0,2.4,12,100,1,60,60,20,1.0,-0.255,run_backtest,0.513955,110,54.57,231,52.38,121
2,2.4,12,100,1,60,60,20,1.0,-0.2591,run_backtest,0.512112,109,54.73,229,52.4,120
0,2.4,20,100,1,60,65,20,1.0,-0.3034,run_backtest,0.511856,98,54.95,199,50.75,101
2,2.4,20,200,1,60,60,20,1.0,-0.1349,run_backtest,0.507922,183,65.15,386,52.59,203
0,2.4,12,100,1,55,60,20,1.0,-0.2698,run_backtest,0.507615,107,55.14,223,52.02,116
2,2.4,20,200,1,55,60,20,1.0,-0.1366,run_backtest,0.507499,182,65.09,382,52.36,200
0,2.4,20,100,1,55,65,20,1.0,-0.3146,run_backtest,0.507017,97,54.86,195,50.26,98
0,2.4,12,100,1,60,65,20,1.0,-0.2592,run_backtest,0.50624,112,58.45,231,51.52,119
2,2.4,12,100,1,55,60,20,1.0,-0.2742,run_backtest,0.505794,106,55.3,221,52.04,115
2,2.4,12,100,1,60,65,20,1.0,-0.2633,run_backtest,0.504424,111,58.6,229,51.53,118
2,2.4,20,200,1,60,65,20,1.0,-0.1517,run_backtest,0.474996,189,71.18,383,50.65,194
2,2.4,20,200,1,55,65,20,1.0,-0.1558,run_backtest,0.470505,188,71.13,379,50.4,191
0,2.4,20,200,1,60,60,20,1.0,-0.2085,run_backtest,0.358106,199,71.96,412,51.7,213
0,2.4,20,200,1,55,60,20,1.0,-0.2107,run_backtest,0.357807,198,71.9,408,51.47,210
0,2.4,20,100,1,60,60,20,0.75,-0.3478,run_backtest,0.338592,140,69.43,289,51.56,149
0,2.4,20,100,1,55,60,20,0.75,-0.353,run_backtest,0.33831,139,69.45,285,51.23,146
0,2.4,20,200,1,60,65,20,1.0,-0.223,run_backtest,0.337084,205,75.79,409,49.88,204
2,2.4,20,100,1,60,60,20,0.75,-0.3574,run_backtest,0.335588,138,69.7,284,51.41,146
2,2.4,20,100,1,55,60,20,0.75,-0.3629,run_backtest,0.335308,137,69.72,280,51.07,143
0,2.4,20,200,1,55,65,20,1.0,-0.2276,run_backtest,0.333897,204,75.75,405,49.63,201
2,2.4,14,100,1,60,60,20,1.0,-0.3929,run_backtest,0.330103,127,69.62,260,51.15,133
2,2.4,14,100,1,55,60,20,1.0,-0.4148,run_backtest,0.323716,125,70.19,251,50.2,126
2,2.4,14,100,1,60,65,20,1.0,-0.4074,run_backtest,0.316572,130,71.73,260,50.0,130
2,2.4,14,100,1,55,65,20,1.0,-0.4251,run_backtest,0.314402,128,71.79,251,49.0,123
2,2.4,12,200,1,55,65,20,1.0,-0.2704,run_backtest,0.314132,191,75.02,376,49.2,185
0,2.4,14,100,1,60,60,20,1.0,-0.403,run_backtest,0.313336,131,71.16,266,50.75,135
0,2.4,14,100,1,55,60,20,1.0,-0.4247,run_backtest,0.307273,129,71.7,257,49.81,128
2,2.4,12,200,1,60,65,20,1.0,-0.2705,run_backtest,0.306962,194,75.87,384,49.48,190
0,2.4,14,100,1,60,65,20,1.0,-0.4172,run_backtest,0.300492,134,73.17,266,49.62,132
0,2.4,14,100,1,55,65,20,1.0,-0.4348,run_backtest,0.298433,132,73.23,257,48.64,125
0,2.4,20,100,1,60,65,20,0.75,-0.3931,run_backtest,0.297691,148,73.35,287,48.43,139
0,2.4,20,100,1,55,65,20,0.75,-0.4021,run_backtest,0.294877,147,73.6,283,48.06,136
2,2.4,12,200,1,60,60,20,1.0,-0.2857,run_backtest,0.291702,192,74.37,384,50.0,192
2,2.4,12,200,1,55,60,20,1.0,-0.2951,run_backtest,0.288104,189,74.62,376,49.73,187
2,2.4,20,100,1,60,65,20,0.75,-0.4173,run_backtest,0.28528,146,74.46,281,48.04,135
2,2.4,20,100,1,55,65,20,0.75,-0.4268,run_backtest,0.282583,145,74.7,277,47.65,132
2,2.4,12,100,1,55,60,20,0.75,-0.4008,run_backtest,0.271243,155,74.71,302,48.68,147
2,2.4,12,100,1,60,60,20,0.75,-0.3919,run_backtest,0.267853,160,74.98,312,48.72,152
2,2.4,12,100,1,55,65,20,0.75,-0.4055,run_backtest,0.266622,162,75.38,301,46.18,139
0,2.2,20,100,1,60,60,20,1.0,-0.4287,run_backtest,0.262576,149,75.53,291,48.8,142
0,2.2,20,100,1,55,60,20,1.0,-0.4381,run_backtest,0.261153,148,75.66,286,48.25,138
2,2.2,20,100,1,60,60,20,1.0,-0.4596,run_backtest,0.25812,144,75.94,276,47.83,132
0,2.4,12,100,1,55,60,20,0.75,-0.4123,run_backtest,0.257364,158,76.0,306,48.37,148
2,2.2,20,100,1,55,60,20,1.0,-0.4701,run_backtest,0.256721,143,76.08,271,47.23,128
0,2.4,12,100,1,60,60,20,0.75,-0.4031,run_backtest,0.254147,163,76.26,316,48.42,153
2,2.4,12,100,1,60,65,20,0.75,-0.4076,run_backtest,0.254106,167,76.47,311,46.3,144
0,2.4,12,100,1,55,65,20,0.75,-0.4285,run_backtest,0.242926,166,77.57,306,45.75,140
0,2.4,12,200,1,55,65,20,1.0,-0.3273,run_backtest,0.239049,203,79.56,392,48.21,189
0,2.4,12,200,1,60,65,20,1.0,-0.3263,run_backtest,0.233592,206,80.26,400,48.5,194
0,2.4,12,100,1,60,65,20,0.75,-0.4298,run_backtest,0.231523,171,78.56,316,45.89,145
0,2.2,20,100,1,60,65,20,1.0,-0.4821,run_backtest,0.226242,157,78.96,289,45.67,132
0,2.4,12,200,1,60,60,20,1.0,-0.3392,run_backtest,0.223368,204,78.98,400,49.0,196
0,2.2,20,100,1,55,65,20,1.0,-0.4956,run_backtest,0.223075,156,79.26,284,45.07,128
2,2.2,20,100,1,60,65,20,1.0,-0.5181,run_backtest,0.221241,152,79.43,274,44.53,122
0,2.4,12,200,1,55,60,20,1.0,-0.3493,run_backtest,0.220613,201,79.19,392,48.72,191
2,2.2,20,100,1,55,65,20,1.0,-0.533,run_backtest,0.218143,151,79.71,269,43.87,118
2,2.4,20,200,1,60,60,20,0.75,-0.2821,run_backtest,0.19832,257,85.88,508,49.41,251
2,2.4,20,200,1,55,60,20,0.75,-0.2845,run_backtest,0.198154,256,85.86,504,49.21,248
2,2.2,20,200,1,60,60,20,1.0,-0.3008,run_backtest,0.183711,251,82.71,499,49.7,248
2,2.2,20,200,1,55,60,20,1.0,-0.305,run_backtest,0.182716,250,82.76,494,49.39,244
2,2.4,20,200,1,60,65,20,0.75,-0.3,run_backtest,0.182516,264,87.58,503,47.51,239
2,2.4,20,200,1,55,65,20,0.75,-0.3044,run_backtest,0.180791,263,87.56,499,47.29,236
2,2.4,14,100,1,60,60,20,0.75,-0.4672,run_backtest,0.179379,175,83.05,346,49.42,171
2,2.4,14,100,1,60,65,20,0.75,-0.4682,run_backtest,0.177647,182,83.27,346,47.4,164
2,2.4,14,100,1,55,65,20,0.75,-0.4829,run_backtest,0.17643,180,83.39,337,46.59,157
2,2.4,14,100,1,55,60,20,0.75,-0.4855,run_backtest,0.175908,173,83.38,337,48.66,164
2,2.2,12,100,1,60,60,20,1.0,-0.4423,run_backtest,0.161949,198,85.13,386,48.7,188
0,2.4,14,100,1,60,60,20,0.75,-0.4875,run_backtest,0.157094,184,85.16,358,48.6,174
2,2.2,20,200,1,60,65,20,1.0,-0.3353,run_backtest,0.156483,259,85.87,494,47.57,235
0,2.0,20,100,1,55,60,20,1.0,-0.4364,run_backtest,0.156291,214,85.47,398,46.23,184
2,2.2,12,100,1,55,60,20,1.0,-0.4704,run_backtest,0.156021,193,85.68,371,47.98,178
0,2.4,14,100,1,60,65,20,0.75,-0.4885,run_backtest,0.155577,191,85.35,358,46.65,167
0,2.4,14,100,1,55,65,20,0.75,-0.5033,run_backtest,0.154511,189,85.45,349,45.85,160
2,2.2,20,200,1,55,65,20,1.0,-0.3416,run_backtest,0.154292,258,85.91,489,47.24,231
0,2.4,14,100,1,55,60,20,0.75,-0.5057,run_backtest,0.154054,182,85.44,349,47.85,167
2,2.0,20,100,1,55,60,20,1.0,-0.4648,run_backtest,0.153059,207,85.77,379,45.38,172
0,2.0,20,100,1,60,60,20,1.0,-0.4332,run_backtest,0.152172,217,85.85,407,46.68,190
0,2.2,12,100,1,60,60,20,1.0,-0.4478,run_backtest,0.151175,204,86.12,396,48.48,192
0,2.0,20,100,1,55,65,20,1.0,-0.4443,run_backtest,0.150731,221,86.33,398,44.47,177
0,2.2,12,100,1,55,60,20,1.0,-0.4698,run_backtest,0.149532,198,86.27,380,47.89,182
2,2.0,20,100,1,60,60,20,1.0,-0.4608,run_backtest,0.149026,210,86.15,388,45.88,178
0,2.4,20,200,1,60,60,20,0.75,-0.3086,run_backtest,0.148138,280,88.46,554,49.46,274
0,2.4,20,200,1,55,60,20,0.75,-0.311,run_backtest,0.148015,279,88.44,550,49.27,271
0,2.0,20,100,1,60,65,20,1.0,-0.4403,run_backtest,0.147109,225,86.65,407,44.72,182
2,2.0,20,100,1,55,65,20,1.0,-0.4746,run_backtest,0.146843,214,86.35,379,43.54,165
2,2.4,14,200,1,60,65,20,1.0,-0.4205,run_backtest,0.143921,219,87.11,424,48.35,205
2,2.4,14,200,1,55,65,20,1.0,-0.4293,run_backtest,0.143611,217,87.14,416,47.84,199
2,2.0,20,100,1,60,65,20,1.0,-0.4697,run_backtest,0.143315,218,86.68,388,43.81,170
2,2.4,12,200,1,55,60,20,0.75,-0.3721,run_backtest,0.141069,253,87.85,484,47.73,231
0,2.2,20,200,1,60,60,20,1.0,-0.319,run_backtest,0.140577,278,86.44,549,49.36,271
0,2.2,20,200,1,55,60,20,1.0,-0.3229,run_backtest,0.139816,277,86.51,544,49.08,267
2,2.4,12,200,1,60,60,20,0.75,-0.3671,run_backtest,0.139306,258,88.04,494,47.77,236
2,2.2,12,100,1,60,65,20,1.0,-0.4807,run_backtest,0.138907,206,87.33,386,46.63,180
2,2.4,14,200,1,60,60,20,1.0,-0.4336,run_backtest,0.136811,217,87.29,424,48.82,207
0,2.4,20,200,1,60,65,20,0.75,-0.3252,run_backtest,0.136249,287,89.86,549,47.72,262
2,2.4,12,200,1,55,65,20,0.75,-0.3807,run_backtest,0.1359,259,87.78,481,46.15,222
0,2.4,20,200,1,55,65,20,0.75,-0.3293,run_backtest,0.134961,286,89.84,545,47.52,259
2,2.4,14,200,1,55,60,20,1.0,-0.4465,run_backtest,0.134261,215,87.53,416,48.32,201
2,2.2,12,100,1,55,65,20,1.0,-0.5115,run_backtest,0.133446,202,87.82,371,45.55,169
0,2.2,12,100,1,60,65,20,1.0,-0.4852,run_backtest,0.129665,212,88.17,396,46.46,184
2,2.4,12,200,1,60,65,20,0.75,-0.3825,run_backtest,0.12952,264,88.49,491,46.23,227
0,2.4,14,200,1,60,65,20,1.0,-0.4213,run_backtest,0.128695,234,88.48,447,47.65,213
0,2.4,14,200,1,55,65,20,1.0,-0.4297,run_backtest,0.128417,232,88.5,439,47.15,207
2,2.2,14,100,1,60,60,20,1.0,-0.5173,run_backtest,0.128409,196,88.22,375,47.73,179
0,2.2,14,100,1,60,60,20,1.0,-0.5037,run_backtest,0.128126,201,88.24,385,47.79,184
0,2.2,12,100,1,55,65,20,1.0,-0.5099,run_backtest,0.127895,207,88.33,380,45.53,173
2,2.2,14,100,1,55,60,20,1.0,-0.5527,run_backtest,0.122243,192,88.78,360,46.67,168
0,2.2,14,100,1,55,60,20,1.0,-0.5376,run_backtest,0.121973,197,88.8,370,46.76,173
0,2.2,20,200,1,60,65,20,1.0,-0.3511,run_backtest,0.119292,287,88.92,544,47.24,257
0,2.4,14,200,1,60,60,20,1.0,-0.4405,run_backtest,0.118794,232,88.96,447,48.1,215
0,2.2,20,200,1,55,65,20,1.0,-0.357,run_backtest,0.117622,286,88.95,539,46.94,253
0,2.4,14,200,1,55,60,20,1.0,-0.4529,run_backtest,0.116579,230,89.17,439,47.61,209
0,2.2,14,100,1,60,65,20,1.0,-0.5396,run_backtest,0.111569,211,90.23,384,45.05,173
2,2.2,14,100,1,60,65,20,1.0,-0.5551,run_backtest,0.111485,206,90.24,374,44.92,168
0,2.2,14,100,1,55,65,20,1.0,-0.5759,run_backtest,0.106037,207,90.51,369,43.9,162
2,2.2,14,100,1,55,65,20,1.0,-0.593,run_backtest,0.105957,202,90.52,359,43.73,157
0,2.2,20,100,1,55,60,20,0.75,-0.5049,run_backtest,0.103307,230,91.1,426,46.01,196
2,2.2,20,100,1,55,60,20,0.75,-0.533,run_backtest,0.103033,221,91.31,405,45.43,184
0,2.2,20,100,1,60,60,20,0.75,-0.5005,run_backtest,0.10259,231,91.16,431,46.4,200
2,2.2,20,100,1,60,60,20,0.75,-0.5281,run_backtest,0.102317,222,91.37,410,45.85,188
0,2.4,12,200,1,55,60,20,0.75,-0.4192,run_backtest,0.098375,272,90.23,513,46.98,241
0,2.4,12,200,1,60,60,20,0.75,-0.4136,run_backtest,0.097146,277,90.38,523,47.04,246
2,1.8,20,100,1,55,60,20,1.0,-0.4736,run_backtest,0.095229,260,91.28,468,44.44,208
2,1.8,20,100,1,55,65,20,1.0,-0.4742,run_backtest,0.094731,271,91.33,467,41.97,196
0,2.4,12,200,1,55,65,20,0.75,-0.4347,run_backtest,0.090901,279,90.91,511,45.4,232
2,1.8,20,100,1,60,60,20,1.0,-0.4711,run_backtest,0.088224,269,91.66,486,44.65,217
0,2.2,20,100,1,60,65,20,0.75,-0.5386,run_backtest,0.088098,242,92.59,428,43.46,186
0,2.2,20,100,1,55,65,20,0.75,-0.5455,run_backtest,0.087949,241,92.61,423,43.03,182
0,1.8,20,100,1,55,65,20,1.0,-0.4674,run_backtest,0.087344,282,92.0,490,42.45,208
0,1.8,20,100,1,55,60,20,1.0,-0.4686,run_backtest,0.087056,271,92.03,491,44.81,220
0,2.4,12,200,1,60,65,20,0.75,-0.4354,run_backtest,0.086634,284,91.34,521,45.49,237
2,2.2,20,100,1,60,65,20,0.75,-0.5763,run_backtest,0.085613,232,92.95,406,42.86,174
2,2.2,20,100,1,55,65,20,0.75,-0.584,run_backtest,0.085469,231,92.96,401,42.39,170
2,1.8,20,100,1,60,65,20,1.0,-0.4799,run_backtest,0.084286,282,92.04,485,41.86,203
0,1.8,20,100,1,60,60,20,1.0,-0.4645,run_backtest,0.081072,280,92.34,510,45.1,230
0,1.8,20,100,1,60,65,20,1.0,-0.4712,run_backtest,0.078118,293,92.62,509,42.44,216
2,2.2,12,200,1,60,60,20,1.0,-0.4275,run_backtest,0.069365,302,93.4,582,48.11,280
2,2.4,14,200,1,60,65,20,0.75,-0.4653,run_backtest,0.068116,285,93.65,539,47.12,254
2,2.4,14,200,1,60,60,20,0.75,-0.4639,run_backtest,0.068069,281,93.65,542,48.15,261
2,2.4,14,200,1,55,65,20,0.75,-0.4728,run_backtest,0.067969,283,93.67,531,46.7,248
2,2.2,12,200,1,55,60,20,1.0,-0.4439,run_backtest,0.066848,298,93.64,569,47.63,271
2,2.4,14,200,1,55,60,20,0.75,-0.4744,run_backtest,0.0668,279,93.77,534,47.75,255
2,2.2,12,200,1,60,65,20,1.0,-0.4391,run_backtest,0.065121,308,93.97,580,46.9,272
2,2.2,12,100,1,55,60,20,0.75,-0.4891,run_backtest,0.06409,279,93.94,533,47.65,254
2,2.2,12,200,1,55,65,20,1.0,-0.4556,run_backtest,0.062905,304,94.12,567,46.38,263
2,2.2,12,100,1,60,60,20,0.75,-0.478,run_backtest,0.062301,287,94.11,551,47.91,264
2,2.0,20,100,1,55,60,20,0.75,-0.4727,run_backtest,0.06088,301,94.67,558,46.06,257
2,2.2,12,100,1,55,65,20,0.75,-0.5004,run_backtest,0.060176,295,94.31,532,44.55,237
2,2.2,12,100,1,60,65,20,0.75,-0.4858,run_backtest,0.059409,302,94.39,550,45.09,248
0,2.4,14,200,1,60,65,20,0.75,-0.4579,run_backtest,0.059222,307,94.48,575,46.61,268
0,2.4,14,200,1,55,65,20,0.75,-0.4648,run_backtest,0.059094,305,94.49,567,46.21,262
2,2.0,20,100,1,60,60,20,0.75,-0.4736,run_backtest,0.057719,305,94.94,568,46.3,263
0,2.4,14,200,1,60,60,20,0.75,-0.4639,run_backtest,0.056825,303,94.7,578,47.58,275
2,2.0,14,100,1,60,60,20,1.0,-0.5564,run_backtest,0.056666,265,94.66,490,45.92,225
2,2.0,14,100,1,55,60,20,1.0,-0.5848,run_backtest,0.056473,255,94.68,467,45.4,212
0,2.4,14,200,1,55,60,20,0.75,-0.4738,run_backtest,0.055765,301,94.8,570,47.19,269
0,2.0,14,100,1,60,60,20,1.0,-0.5387,run_backtest,0.053949,276,94.92,514,46.3,238
0,2.0,14,100,1,55,60,20,1.0,-0.5648,run_backtest,0.053765,266,94.94,491,45.82,225
2,2.0,20,100,1,55,65,20,0.75,-0.497,run_backtest,0.053741,311,95.29,555,43.96,244
0,2.0,20,100,1,55,60,20,0.75,-0.4645,run_backtest,0.053257,321,95.34,595,46.05,274
2,2.0,20,100,1,60,65,20,0.75,-0.4971,run_backtest,0.051072,316,95.53,565,44.07,249
0,2.0,20,100,1,60,60,20,0.75,-0.4654,run_backtest,0.050492,325,95.59,605,46.28,280
2,2.0,20,200,1,55,60,20,1.0,-0.4497,run_backtest,0.049878,328,95.05,622,47.27,294
0,2.2,12,100,1,55,60,20,0.75,-0.5169,run_backtest,0.049268,295,95.34,554,46.75,259
2,2.2,14,200,1,60,60,20,1.0,-0.4878,run_backtest,0.048863,306,95.48,581,47.33,275
2,2.0,20,200,1,60,60,20,1.0,-0.4474,run_backtest,0.048563,331,95.18,631,47.54,300
2,2.0,20,200,1,55,65,20,1.0,-0.4543,run_backtest,0.048414,336,95.2,621,45.89,285
0,2.2,14,200,1,60,60,20,1.0,-0.4525,run_backtest,0.047908,328,95.57,627,47.69,299
2,2.0,20,200,1,60,65,20,1.0,-0.4516,run_backtest,0.047251,340,95.31,630,46.03,290
2,2.0,12,100,1,60,60,20,1.0,-0.5463,run_backtest,0.046701,285,95.59,535,46.73,250
2,2.0,12,100,1,55,60,20,1.0,-0.5702,run_backtest,0.046644,277,95.59,513,46.0,236
2,2.2,20,200,1,55,60,20,0.75,-0.4207,run_backtest,0.046492,359,96.19,674,46.74,315
0,2.0,20,100,1,55,65,20,0.75,-0.4879,run_backtest,0.046299,332,95.94,594,44.11,262
0,2.2,12,100,1,55,65,20,0.75,-0.5279,run_backtest,0.046259,311,95.63,553,43.76,242
2,2.2,20,200,1,60,60,20,0.75,-0.4186,run_backtest,0.046169,360,96.22,679,46.98,319
0,2.2,12,100,1,60,60,20,0.75,-0.5092,run_backtest,0.046118,305,95.64,575,46.96,270
2,2.2,14,200,1,55,60,20,1.0,-0.5096,run_backtest,0.046016,303,95.74,568,46.65,265
0,2.2,14,200,1,55,60,20,1.0,-0.4719,run_backtest,0.045116,325,95.83,614,47.07,289
2,2.2,14,200,1,60,65,20,1.0,-0.5033,run_backtest,0.045075,314,95.93,578,45.67,264
0,2.2,12,200,1,60,60,20,1.0,-0.4641,run_backtest,0.045016,329,95.72,625,47.36,296
0,2.2,12,200,1,55,60,20,1.0,-0.4766,run_backtest,0.044541,324,95.76,611,46.97,287
2,2.0,14,100,1,55,65,20,1.0,-0.64,run_backtest,0.044341,265,95.85,464,42.89,199
0,2.2,14,200,1,60,65,20,1.0,-0.4662,run_backtest,0.04431,336,96.0,624,46.15,288
0,2.0,20,100,1,60,65,20,0.75,-0.4881,run_backtest,0.044,337,96.14,604,44.21,267
0,2.2,12,100,1,60,65,20,0.75,-0.5167,run_backtest,0.043978,320,95.84,574,44.25,254
2,2.0,14,100,1,60,65,20,1.0,-0.6126,run_backtest,0.043602,276,95.92,487,43.33,211
2,2.2,14,200,1,55,65,20,1.0,-0.5255,run_backtest,0.042548,311,96.15,565,44.96,254
0,2.2,14,200,1,55,65,20,1.0,-0.4859,run_backtest,0.041826,333,96.22,611,45.5,278
0,2.0,14,100,1,55,65,20,1.0,-0.6214,run_backtest,0.041102,277,96.15,489,43.35,212
0,2.2,12,200,1,60,65,20,1.0,-0.482,run_backtest,0.040444,336,96.22,623,46.07,287
0,2.0,14,100,1,60,65,20,1.0,-0.5962,run_backtest,0.040417,288,96.22,512,43.75,224
0,2.2,20,200,1,55,60,20,0.75,-0.3886,run_backtest,0.040371,400,96.63,759,47.3,359
0,2.2,12,200,1,55,65,20,1.0,-0.4948,run_backtest,0.040111,331,96.25,609,45.65,278
0,2.2,20,200,1,60,60,20,0.75,-0.3869,run_backtest,0.04009,401,96.65,764,47.51,363
2,2.2,14,100,1,60,60,20,0.75,-0.5789,run_backtest,0.039903,290,96.23,532,45.49,242
2,2.2,14,100,1,55,60,20,0.75,-0.5978,run_backtest,0.039761,284,96.24,516,44.96,232
2,2.2,14,100,1,60,65,20,0.75,-0.5823,run_backtest,0.039329,304,96.29,530,42.64,226
2,2.2,14,100,1,55,65,20,0.75,-0.6019,run_backtest,0.039125,298,96.39,514,42.02,216
0,2.0,12,100,1,55,60,20,1.0,-0.582,run_backtest,0.039064,289,96.31,532,45.68,243
2,2.2,20,200,1,60,65,20,0.75,-0.4489,run_backtest,0.038943,369,96.89,670,44.93,301
2,2.2,20,200,1,55,65,20,0.75,-0.4526,run_backtest,0.038877,368,96.89,665,44.66,297
0,2.0,12,100,1,60,60,20,1.0,-0.5621,run_backtest,0.038095,298,96.4,555,46.31,257
2,2.0,12,100,1,60,65,20,1.0,-0.5919,run_backtest,0.037042,294,96.5,532,44.74,238
2,2.0,12,100,1,55,65,20,1.0,-0.6203,run_backtest,0.036627,286,96.54,510,43.92,224
0,2.0,20,200,1,55,60,20,1.0,-0.4521,run_backtest,0.03658,360,96.37,683,47.29,323
2,1.8,20,100,1,55,65,20,0.75,-0.4515,run_backtest,0.036272,391,97.11,690,43.33,299
2,1.8,20,100,1,55,60,20,0.75,-0.4503,run_backtest,0.036148,376,97.16,695,45.9,319
0,2.0,20,200,1,55,65,20,1.0,-0.4555,run_backtest,0.035685,369,96.46,682,45.89,313
0,2.2,14,100,1,60,60,20,0.75,-0.5691,run_backtest,0.035624,305,96.63,560,45.54,255
0,2.0,20,200,1,60,60,20,1.0,-0.45,run_backtest,0.035616,363,96.47,692,47.54,329
0,2.2,14,100,1,55,60,20,0.75,-0.5894,run_backtest,0.035174,299,96.68,543,44.94,244
0,2.0,20,200,1,60,65,20,1.0,-0.453,run_backtest,0.034827,373,96.54,691,46.02,318
0,2.2,14,100,1,60,65,20,0.75,-0.5779,run_backtest,0.033999,320,96.8,558,42.65,238
0,2.2,14,100,1,55,65,20,0.75,-0.5992,run_backtest,0.033514,314,96.84,541,41.96,227
0,2.2,20,200,1,60,65,20,0.75,-0.4147,run_backtest,0.033308,412,97.3,756,45.5,344
0,2.2,20,200,1,55,65,20,0.75,-0.4178,run_backtest,0.033251,411,97.3,751,45.27,340
2,2.0,14,200,1,60,60,20,1.0,-0.4423,run_backtest,0.032756,378,96.92,725,47.86,347
2,2.0,14,200,1,55,60,20,1.0,-0.4571,run_backtest,0.03228,370,96.96,705,47.52,335
2,1.8,20,100,1,60,60,20,0.75,-0.4618,run_backtest,0.030456,388,97.53,714,45.66,326
0,2.0,12,100,1,55,65,20,1.0,-0.6326,run_backtest,0.030108,299,97.15,530,43.58,231
0,2.0,12,100,1,60,65,20,1.0,-0.6084,run_backtest,0.029657,308,97.2,553,44.3,245
2,1.8,20,100,1,60,65,20,0.75,-0.4695,run_backtest,0.029188,405,97.6,709,42.88,304
0,1.8,20,100,1,55,65,20,0.75,-0.4555,run_backtest,0.027668,418,97.68,741,43.59,323
0,1.8,20,100,1,55,60,20,0.75,-0.4553,run_backtest,0.027654,402,97.72,744,45.97,342
2,2.0,14,200,1,55,65,20,1.0,-0.4837,run_backtest,0.027381,378,97.44,700,46.0,322
2,2.0,14,200,1,60,65,20,1.0,-0.4709,run_backtest,0.027171,387,97.46,720,46.25,333
2,2.0,12,200,1,60,60,20,1.0,-0.4543,run_backtest,0.025186,405,97.57,764,46.99,359
2,2.0,12,200,1,55,60,20,1.0,-0.4677,run_backtest,0.024874,399,97.6,745,46.44,346
0,1.8,20,100,1,60,60,20,0.75,-0.46,run_backtest,0.024035,414,97.96,766,45.95,352
2,1.8,14,100,1,55,60,20,1.0,-0.6294,run_backtest,0.023217,329,97.82,570,42.28,241
0,1.8,20,100,1,60,65,20,0.75,-0.4654,run_backtest,0.023094,432,97.95,763,43.38,331
0,1.8,14,100,1,55,60,20,1.0,-0.6038,run_backtest,0.022557,341,97.88,598,42.98,257
2,2.2,12,200,1,55,65,20,0.75,-0.4693,run_backtest,0.022342,414,97.8,763,45.74,349
2,1.8,14,100,1,60,60,20,1.0,-0.6102,run_backtest,0.021894,341,97.94,597,42.88,256
0,1.8,14,100,1,60,60,20,1.0,-0.5865,run_backtest,0.021271,353,98.0,625,43.52,272
2,2.2,12,200,1,55,60,20,0.75,-0.4738,run_backtest,0.0212,405,97.91,768,47.27,363
2,2.0,12,200,1,60,65,20,1.0,-0.4815,run_backtest,0.021065,411,97.95,757,45.71,346
2,2.2,12,200,1,60,65,20,0.75,-0.4675,run_backtest,0.020968,422,97.91,779,45.83,357
0,2.0,14,200,1,60,60,20,1.0,-0.4587,run_backtest,0.020838,414,98.04,792,47.73,378
2,2.0,12,200,1,55,65,20,1.0,-0.4966,run_backtest,0.020699,404,97.99,738,45.26,334
0,2.0,14,200,1,55,60,20,1.0,-0.4726,run_backtest,0.020535,406,98.07,772,47.41,366
2,1.8,14,100,1,55,65,20,1.0,-0.6533,run_backtest,0.02045,337,98.08,568,40.67,231
2,2.2,12,200,1,60,60,20,0.75,-0.4734,run_backtest,0.019691,413,98.04,784,47.32,371
2,1.8,20,200,1,55,65,20,1.0,-0.5406,run_backtest,0.019442,397,98.06,689,42.38,292
0,1.8,14,100,1,55,65,20,1.0,-0.6293,run_backtest,0.019409,350,98.18,597,41.37,247
2,1.8,14,100,1,60,65,20,1.0,-0.6351,run_backtest,0.019005,352,98.21,595,40.84,243
2,1.8,20,200,1,55,60,20,1.0,-0.5457,run_backtest,0.018802,388,98.12,690,43.77,302
2,1.8,20,200,1,60,60,20,1.0,-0.5359,run_backtest,0.018347,396,98.17,707,43.99,311
2,1.8,20,200,1,60,65,20,1.0,-0.5365,run_backtest,0.01822,407,98.18,706,42.35,299
0,1.8,14,100,1,60,65,20,1.0,-0.613,run_backtest,0.018038,365,98.31,624,41.51,259
2,1.8,12,100,1,55,60,20,1.0,-0.6108,run_backtest,0.017952,357,98.31,630,43.33,273
2,1.8,12,100,1,55,65,20,1.0,-0.6157,run_backtest,0.017785,364,98.33,626,41.85,262
0,1.8,12,100,1,55,60,20,1.0,-0.5874,run_backtest,0.017132,373,98.39,662,43.66,289
2,1.8,12,100,1,60,60,20,1.0,-0.5885,run_backtest,0.016878,373,98.41,664,43.83,291
0,1.8,12,100,1,55,65,20,1.0,-0.5937,run_backtest,0.016659,381,98.44,659,42.19,278
2,1.8,12,100,1,60,65,20,1.0,-0.5944,run_backtest,0.016532,381,98.45,660,42.27,279
0,1.8,12,100,1,60,60,20,1.0,-0.5672,run_backtest,0.016107,389,98.49,696,44.11,307
0,1.8,20,200,1,55,65,20,1.0,-0.5161,run_backtest,0.015966,431,98.4,755,42.91,324
0,2.0,14,200,1,55,65,20,1.0,-0.5074,run_backtest,0.015892,416,98.51,769,45.9,353
0,2.0,14,200,1,60,65,20,1.0,-0.4951,run_backtest,0.01577,425,98.52,789,46.13,364
0,1.8,12,100,1,60,65,20,1.0,-0.5745,run_backtest,0.015485,398,98.55,693,42.57,295
0,1.8,20,200,1,55,60,20,1.0,-0.5206,run_backtest,0.01539,421,98.46,757,44.39,336
0,1.8,20,200,1,60,60,20,1.0,-0.5121,run_backtest,0.015018,429,98.5,774,44.57,345
0,1.8,20,200,1,60,65,20,1.0,-0.5129,run_backtest,0.014963,441,98.5,772,42.88,331
0,2.0,12,200,1,55,60,20,1.0,-0.4904,run_backtest,0.014507,439,98.55,815,46.13,376
0,2.0,12,200,1,60,60,20,1.0,-0.4801,run_backtest,0.014307,446,98.57,835,46.59,389
2,2.0,14,100,1,55,60,20,0.75,-0.5975,run_backtest,0.012987,382,98.83,696,45.11,314
2,2.0,12,100,1,55,60,20,0.75,-0.551,run_backtest,0.012422,413,98.85,763,45.87,350
2,2.0,14,100,1,60,60,20,0.75,-0.5822,run_backtest,0.012181,395,98.9,725,45.52,330
2,2.0,14,100,1,55,65,20,0.75,-0.61,run_backtest,0.012026,399,98.92,693,42.42,294
2,2.2,14,200,1,55,65,20,0.75,-0.5646,run_backtest,0.011685,422,98.93,748,43.58,326
0,2.2,12,200,1,55,65,20,0.75,-0.5051,run_backtest,0.011672,458,98.85,832,44.95,374
2,2.2,14,200,1,60,65,20,0.75,-0.5541,run_backtest,0.011611,428,98.92,763,43.91,335
2,2.0,12,100,1,55,65,20,0.75,-0.5617,run_backtest,0.01159,430,98.92,759,43.35,329
0,2.2,12,200,1,55,60,20,0.75,-0.5068,run_backtest,0.011347,448,98.88,836,46.41,388
2,2.0,12,100,1,60,60,20,0.75,-0.5407,run_backtest,0.011335,426,98.95,794,46.35,368
2,2.2,14,200,1,55,60,20,0.75,-0.5678,run_backtest,0.011154,412,98.95,753,45.29,341
0,2.0,12,200,1,55,65,20,1.0,-0.5259,run_backtest,0.011152,446,98.88,809,44.87,363
2,2.2,14,200,1,60,60,20,0.75,-0.5571,run_backtest,0.011109,418,98.94,768,45.57,350
0,2.0,12,200,1,60,65,20,1.0,-0.5139,run_backtest,0.011054,454,98.89,829,45.24,375
0,2.2,12,200,1,60,65,20,0.75,-0.5,run_backtest,0.011036,467,98.9,851,45.12,384
2,2.0,14,100,1,60,65,20,0.75,-0.5972,run_backtest,0.011006,414,99.01,722,42.66,308
2,2.0,20,200,1,55,60,20,0.75,-0.492,run_backtest,0.01081,468,99.04,868,46.08,400
0,2.2,12,200,1,60,60,20,0.75,-0.5031,run_backtest,0.010618,457,98.94,855,46.55,398
2,2.0,12,100,1,60,65,20,0.75,-0.5515,run_backtest,0.010574,445,99.01,789,43.6,344
0,2.0,14,100,1,55,60,20,0.75,-0.5887,run_backtest,0.010472,407,99.05,741,45.07,334
2,2.0,20,200,1,60,60,20,0.75,-0.4913,run_backtest,0.010395,471,99.07,877,46.29,406
2,1.8,12,200,1,55,60,20,1.0,-0.4824,run_backtest,0.010319,492,98.97,898,45.21,406
0,2.0,14,100,1,60,60,20,0.75,-0.5727,run_backtest,0.009912,420,99.1,771,45.53,351
2,2.0,20,200,1,55,65,20,0.75,-0.5056,run_backtest,0.009855,477,99.12,862,44.66,385
0,2.2,14,200,1,60,65,20,0.75,-0.5127,run_backtest,0.009803,471,99.08,852,44.72,381
2,1.8,12,200,1,55,65,20,1.0,-0.4907,run_backtest,0.009796,498,99.03,893,44.23,395
0,2.2,14,200,1,60,60,20,0.75,-0.5125,run_backtest,0.009648,460,99.08,857,46.32,397
2,1.8,12,200,1,60,60,20,1.0,-0.4732,run_backtest,0.009615,507,99.04,930,45.48,423
0,2.2,14,200,1,55,65,20,0.75,-0.5247,run_backtest,0.009597,466,99.1,837,44.32,371
2,2.0,20,200,1,60,65,20,0.75,-0.5045,run_backtest,0.009498,481,99.15,871,44.78,390
0,2.2,14,200,1,55,60,20,0.75,-0.5245,run_backtest,0.009424,455,99.1,842,45.96,387
0,2.0,14,100,1,55,65,20,0.75,-0.6035,run_backtest,0.00942,425,99.15,739,42.49,314
2,1.8,12,200,1,60,65,20,1.0,-0.4819,run_backtest,0.009042,514,99.1,925,44.43,411
0,2.0,14,100,1,60,65,20,0.75,-0.5898,run_backtest,0.0087,440,99.22,769,42.78,329
0,2.0,12,100,1,55,60,20,0.75,-0.5721,run_backtest,0.008124,442,99.25,807,45.23,365
0,2.0,20,200,1,55,60,20,0.75,-0.4682,run_backtest,0.007751,522,99.31,976,46.52,454
0,2.0,12,100,1,60,60,20,0.75,-0.5606,run_backtest,0.00735,456,99.32,841,45.78,385
0,2.0,20,200,1,60,60,20,0.75,-0.4688,run_backtest,0.007349,526,99.35,986,46.65,460
0,2.0,12,100,1,55,65,20,0.75,-0.5882,run_backtest,0.007182,461,99.33,804,42.66,343
2,1.8,14,200,1,60,60,20,1.0,-0.5457,run_backtest,0.007059,483,99.31,861,43.9,378
2,1.8,14,200,1,55,60,20,1.0,-0.5632,run_backtest,0.006966,474,99.32,837,43.37,363
0,2.0,20,200,1,55,65,20,0.75,-0.4812,run_backtest,0.006917,533,99.38,972,45.16,439
0,2.0,20,200,1,60,65,20,0.75,-0.4814,run_backtest,0.006574,538,99.41,982,45.21,444
0,2.0,12,100,1,60,65,20,0.75,-0.5745,run_backtest,0.006568,477,99.39,838,43.08,361
2,1.8,14,100,1,55,65,20,0.75,-0.566,run_backtest,0.005769,498,99.46,869,42.69,371
2,1.8,14,200,1,60,65,20,1.0,-0.5712,run_backtest,0.005739,494,99.44,858,42.42,364
2,1.8,14,200,1,55,65,20,1.0,-0.5882,run_backtest,0.005735,482,99.44,834,42.21,352
2,1.8,14,100,1,55,60,20,0.75,-0.5687,run_backtest,0.005494,486,99.49,875,44.46,389
2,2.0,14,200,1,55,60,20,0.75,-0.5055,run_backtest,0.005191,531,99.54,988,46.26,457
2,2.0,14,200,1,55,65,20,0.75,-0.5086,run_backtest,0.005136,545,99.54,983,44.56,438
0,1.8,12,200,1,55,60,20,1.0,-0.5112,run_backtest,0.004878,543,99.52,987,44.98,444
2,1.8,14,100,1,60,65,20,0.75,-0.5612,run_backtest,0.004774,523,99.55,909,42.46,386
2,2.0,14,200,1,60,60,20,0.75,-0.5021,run_backtest,0.004723,543,99.58,1013,46.4,470
2,1.8,14,100,1,60,60,20,0.75,-0.5616,run_backtest,0.004622,507,99.56,916,44.65,409
2,2.0,14,200,1,60,65,20,0.75,-0.5074,run_backtest,0.004556,559,99.59,1008,44.54,449
0,1.8,12,200,1,60,60,20,1.0,-0.5019,run_backtest,0.004545,558,99.55,1019,45.24,461
0,1.8,12,200,1,55,65,20,1.0,-0.5211,run_backtest,0.004502,550,99.55,983,44.05,433
0,1.8,12,200,1,60,65,20,1.0,-0.5121,run_backtest,0.004156,566,99.59,1015,44.24,449
2,1.8,20,200,1,55,65,20,0.75,-0.5233,run_backtest,0.004062,566,99.64,996,43.17,430
0,1.8,14,200,1,60,60,20,1.0,-0.5508,run_backtest,0.004029,529,99.6,949,44.26,420
2,1.8,12,100,1,55,65,20,0.75,-0.5467,run_backtest,0.004026,555,99.63,964,42.43,409
2,1.8,20,200,1,55,60,20,0.75,-0.5227,run_backtest,0.004015,553,99.65,1001,44.76,448
0,1.8,14,200,1,55,60,20,1.0,-0.5668,run_backtest,0.003976,520,99.61,925,43.78,405
2,2.0,12,200,1,55,60,20,0.75,-0.5119,run_backtest,0.0038,562,99.66,1036,45.75,474
0,1.8,14,100,1,55,65,20,0.75,-0.5725,run_backtest,0.003785,533,99.65,930,42.69,397
0,1.8,14,100,1,55,60,20,0.75,-0.5734,run_backtest,0.003727,519,99.65,933,44.37,414
2,1.8,20,200,1,60,60,20,0.75,-0.5219,run_backtest,0.003695,562,99.68,1018,44.79,456
2,1.8,12,100,1,55,60,20,0.75,-0.5558,run_backtest,0.003598,540,99.67,970,44.33,430
2,2.0,12,200,1,55,65,20,0.75,-0.5214,run_backtest,0.00357,574,99.68,1028,44.16,454
2,1.8,20,200,1,60,65,20,0.75,-0.5271,run_backtest,0.003569,577,99.69,1013,43.04,436
2,2.0,12,200,1,60,60,20,0.75,-0.5108,run_backtest,0.003321,574,99.7,1064,46.05,490
2,1.8,12,100,1,60,65,20,0.75,-0.5369,run_backtest,0.003311,586,99.7,1017,42.38,431
0,1.8,14,100,1,60,65,20,0.75,-0.5648,run_backtest,0.003169,559,99.7,973,42.55,414
0,1.8,14,200,1,60,65,20,1.0,-0.5772,run_backtest,0.003159,542,99.69,947,42.77,405
0,1.8,14,200,1,55,65,20,1.0,-0.5926,run_backtest,0.003157,530,99.69,923,42.58,393
0,1.8,14,100,1,60,60,20,0.75,-0.5641,run_backtest,0.003155,541,99.7,977,44.63,436
2,2.0,12,200,1,60,65,20,0.75,-0.5209,run_backtest,0.003104,589,99.72,1055,44.17,466
2,1.8,12,100,1,60,60,20,0.75,-0.5427,run_backtest,0.003037,568,99.72,1024,44.53,456
0,1.8,20,200,1,55,60,20,0.75,-0.4919,run_backtest,0.002893,612,99.75,1123,45.5,511
0,1.8,20,200,1,55,65,20,0.75,-0.4944,run_backtest,0.002853,627,99.75,1118,43.92,491
0,2.0,14,200,1,55,60,20,0.75,-0.5052,run_backtest,0.002781,593,99.75,1105,46.33,512
0,1.8,20,200,1,60,60,20,0.75,-0.4905,run_backtest,0.002671,622,99.77,1142,45.53,520
0,2.0,14,200,1,60,60,20,0.75,-0.4975,run_backtest,0.002654,604,99.76,1131,46.6,527
0,1.8,12,100,1,55,65,20,0.75,-0.5531,run_backtest,0.002561,596,99.77,1032,42.25,436
0,2.0,14,200,1,55,65,20,0.75,-0.5138,run_backtest,0.00255,608,99.77,1102,44.83,494
0,1.8,20,200,1,60,65,20,0.75,-0.4964,run_backtest,0.002531,639,99.78,1137,43.8,498
0,2.0,14,200,1,60,65,20,0.75,-0.508,run_backtest,0.002373,621,99.79,1128,44.95,507
0,1.8,12,100,1,55,60,20,0.75,-0.5624,run_backtest,0.002311,579,99.79,1035,44.06,456
0,1.8,12,100,1,60,65,20,0.75,-0.5416,run_backtest,0.002069,630,99.81,1092,42.31,462
0,1.8,12,100,1,60,60,20,0.75,-0.5491,run_backtest,0.001898,610,99.83,1095,44.29,485
0,2.0,12,200,1,55,60,20,0.75,-0.5179,run_backtest,0.00178,631,99.83,1163,45.74,532
0,2.0,12,200,1,60,60,20,0.75,-0.5117,run_backtest,0.001638,642,99.85,1193,46.19,551
0,2.0,12,200,1,55,65,20,0.75,-0.5351,run_backtest,0.00151,645,99.86,1155,44.16,510
0,2.0,12,200,1,60,65,20,0.75,-0.5277,run_backtest,0.001398,659,99.87,1185,44.39,526
2,1.8,12,200,1,55,65,20,0.75,-0.5179,run_backtest,0.000947,730,99.91,1283,43.1,553
2,1.8,12,200,1,55,60,20,0.75,-0.5178,run_backtest,0.000924,716,99.91,1289,44.45,573
2,1.8,14,200,1,55,60,20,0.75,-0.5593,run_backtest,0.000869,670,99.92,1204,44.35,534
2,1.8,14,200,1,55,65,20,0.75,-0.567,run_backtest,0.000819,681,99.92,1197,43.11,516
2,1.8,14,200,1,60,60,20,0.75,-0.5493,run_backtest,0.000802,686,99.93,1240,44.68,554
2,1.8,12,200,1,60,60,20,0.75,-0.5107,run_backtest,0.000778,742,99.92,1340,44.63,598
2,1.8,12,200,1,60,65,20,0.75,-0.5128,run_backtest,0.000778,759,99.92,1333,43.06,574
2,1.8,14,200,1,60,65,20,0.75,-0.5557,run_backtest,0.000764,701,99.93,1233,43.15,532
0,1.8,14,200,1,55,60,20,0.75,-0.5408,run_backtest,0.000438,752,99.96,1362,44.79,610
0,1.8,12,200,1,55,65,20,0.75,-0.5091,run_backtest,0.000415,822,99.96,1456,43.54,634
0,1.8,12,200,1,55,60,20,0.75,-0.5085,run_backtest,0.000413,807,99.96,1460,44.73,653
0,1.8,14,200,1,60,60,20,0.75,-0.5316,run_backtest,0.0004,770,99.96,1402,45.08,632
0,1.8,14,200,1,55,65,20,0.75,-0.549,run_backtest,0.000398,765,99.96,1358,43.67,593
0,1.8,14,200,1,60,65,20,0.75,-0.5382,run_backtest,0.000369,787,99.97,1398,43.71,611
0,1.8,12,200,1,60,60,20,0.75,-0.5025,run_backtest,0.000337,836,99.97,1517,44.89,681
0,1.8,12,200,1,60,65,20,0.75,-0.5039,run_backtest,0.000334,854,99.97,1513,43.56,659
2,2.4,20,100,0,60,65,20,1.0,-0.4297,run_backtest,0.000241,952,99.98,1776,46.4,824
2,2.4,20,100,0,55,65,20,1.0,-0.4313,run_backtest,0.000239,951,99.98,1772,46.33,821
2,2.4,20,100,0,60,60,20,1.0,-0.4304,run_backtest,0.00023,948,99.98,1788,46.98,840
2,2.4,20,100,0,55,60,20,1.0,-0.4314,run_backtest,0.00023,947,99.98,1784,46.92,837
2,2.4,20,200,0,60,65,20,1.0,-0.4333,run_backtest,0.000228,952,99.98,1775,46.37,823
2,2.4,20,200,0,55,65,20,1.0,-0.4348,run_backtest,0.000226,951,99.98,1771,46.3,820
2,2.4,20,200,0,60,60,20,1.0,-0.4339,run_backtest,0.000218,948,99.98,1787,46.95,839
2,2.4,20,200,0,55,60,20,1.0,-0.4349,run_backtest,0.000217,947,99.98,1783,46.89,836
2,2.4,12,100,0,55,65,20,1.0,-0.5209,run_backtest,0.000154,855,99.99,1571,45.58,716
2,2.4,12,100,0,60,65,20,1.0,-0.5196,run_backtest,0.000149,859,99.99,1581,45.67,722
2,2.4,12,200,0,55,65,20,1.0,-0.525,run_backtest,0.000145,855,99.99,1570,45.54,715
2,2.4,12,200,0,60,65,20,1.0,-0.5236,run_backtest,0.000141,859,99.99,1580,45.63,721
2,2.4,12,100,0,60,60,20,1.0,-0.5227,run_backtest,0.000137,851,99.99,1590,46.48,739
2,2.4,12,100,0,55,60,20,1.0,-0.5262,run_backtest,0.000137,847,99.99,1580,46.39,733
2,2.4,12,200,0,60,60,20,1.0,-0.5267,run_backtest,0.000129,851,99.99,1589,46.44,738
2,2.4,12,200,0,55,60,20,1.0,-0.5302,run_backtest,0.000129,847,99.99,1579,46.36,732
0,2.4,20,100,0,60,60,20,1.0,-0.3897,run_backtest,0.000117,1098,99.99,2099,47.69,1001
0,2.4,20,100,0,55,60,20,1.0,-0.3905,run_backtest,0.000117,1097,99.99,2095,47.64,998
0,2.4,20,200,0,60,60,20,1.0,-0.3927,run_backtest,0.00011,1098,99.99,2098,47.66,1000
0,2.4,20,200,0,55,60,20,1.0,-0.3935,run_backtest,0.00011,1097,99.99,2094,47.61,997
0,2.4,20,100,0,60,65,20,1.0,-0.3987,run_backtest,9.9e-05,1110,99.99,2087,46.81,977
0,2.4,20,100,0,55,65,20,1.0,-0.3999,run_backtest,9.8e-05,1109,99.99,2083,46.76,974
0,2.4,20,200,0,60,65,20,1.0,-0.4017,run_backtest,9.4e-05,1110,99.99,2086,46.79,976
0,2.4,20,200,0,55,65,20,1.0,-0.4029,run_backtest,9.3e-05,1109,99.99,2082,46.73,973
0,2.4,12,100,0,55,60,20,1.0,-0.496,run_backtest,5.9e-05,977,99.99,1815,46.17,838
0,2.4,12,100,0,60,60,20,1.0,-0.4944,run_backtest,5.8e-05,982,99.99,1825,46.19,843
0,2.4,12,100,0,55,65,20,1.0,-0.5003,run_backtest,5.7e-05,989,99.99,1804,45.18,815
0,2.4,12,200,0,55,60,20,1.0,-0.4995,run_backtest,5.6e-05,977,99.99,1814,46.14,837
0,2.4,12,200,0,60,60,20,1.0,-0.4979,run_backtest,5.5e-05,982,99.99,1824,46.16,842
0,2.4,12,100,0,60,65,20,1.0,-0.5006,run_backtest,5.4e-05,994,99.99,1814,45.2,820
0,2.4,12,200,0,55,65,20,1.0,-0.5038,run_backtest,5.4e-05,989,99.99,1803,45.15,814
0,2.4,12,200,0,60,65,20,1.0,-0.5041,run_backtest,5.1e-05,994,99.99,1813,45.17,819
2,2.4,14,100,0,60,65,20,1.0,-0.5433,run_backtest,4e-05,951,100.0,1741,45.38,790
2,2.4,14,100,0,55,65,20,1.0,-0.5458,run_backtest,4e-05,948,100.0,1731,45.23,783
2,2.4,20,100,0,60,65,20,0.75,-0.4551,run_backtest,3.8e-05,1124,100.0,2067,45.62,943
2,2.4,20,100,0,55,65,20,0.75,-0.4564,run_backtest,3.8e-05,1123,100.0,2063,45.56,940
2,2.4,14,200,0,55,65,20,1.0,-0.5495,run_backtest,3.8e-05,948,100.0,1730,45.2,782
2,2.4,20,100,0,60,60,20,0.75,-0.4542,run_backtest,3.7e-05,1118,100.0,2084,46.35,966
2,2.4,20,100,0,55,60,20,0.75,-0.4551,run_backtest,3.7e-05,1117,100.0,2080,46.3,963
2,2.4,14,200,0,60,65,20,1.0,-0.547,run_backtest,3.7e-05,951,100.0,1740,45.34,789
2,2.4,20,200,0,60,65,20,0.75,-0.4581,run_backtest,3.6e-05,1124,100.0,2066,45.6,942
2,2.4,20,200,0,55,65,20,0.75,-0.4594,run_backtest,3.6e-05,1123,100.0,2062,45.54,939
2,2.4,20,200,0,60,60,20,0.75,-0.4572,run_backtest,3.5e-05,1118,100.0,2083,46.33,965
2,2.4,20,200,0,55,60,20,0.75,-0.4581,run_backtest,3.5e-05,1117,100.0,2079,46.27,962
2,2.4,12,100,0,55,60,20,0.75,-0.5312,run_backtest,3.5e-05,977,100.0,1813,46.11,836
2,2.4,12,100,0,55,65,20,0.75,-0.5354,run_backtest,3.5e-05,993,100.0,1797,44.74,804
2,2.4,12,100,0,60,60,20,0.75,-0.5289,run_backtest,3.4e-05,983,100.0,1825,46.14,842
2,2.4,12,200,0,55,60,20,0.75,-0.5347,run_backtest,3.3e-05,977,100.0,1812,46.08,835
2,2.4,12,100,0,60,65,20,0.75,-0.535,run_backtest,3.3e-05,999,100.0,1809,44.78,810
2,2.4,12,200,0,55,65,20,0.75,-0.539,run_backtest,3.3e-05,993,100.0,1796,44.71,803
2,2.4,12,200,0,60,60,20,0.75,-0.5324,run_backtest,3.2e-05,983,100.0,1824,46.11,841
2,2.4,12,200,0,60,65,20,0.75,-0.5385,run_backtest,3.1e-05,999,100.0,1808,44.75,809
2,2.4,14,100,0,60,60,20,1.0,-0.5535,run_backtest,3.1e-05,954,100.0,1755,45.64,801
2,2.4,14,100,0,55,60,20,1.0,-0.5567,run_backtest,3.1e-05,951,100.0,1745,45.5,794
2,2.4,14,200,0,60,60,20,1.0,-0.5571,run_backtest,2.9e-05,954,100.0,1754,45.61,800
2,2.4,14,200,0,55,60,20,1.0,-0.5603,run_backtest,2.9e-05,951,100.0,1744,45.47,793
0,2.4,14,100,0,60,65,20,1.0,-0.4806,run_backtest,2.4e-05,1102,100.0,2035,45.85,933
0,2.4,14,100,0,55,65,20,1.0,-0.4824,run_backtest,2.4e-05,1099,100.0,2025,45.73,926
0,2.4,14,200,0,55,65,20,1.0,-0.4855,run_backtest,2.3e-05,1099,100.0,2024,45.7,925
0,2.4,14,100,0,60,60,20,1.0,-0.4822,run_backtest,2.2e-05,1097,100.0,2047,46.41,950
0,2.4,14,100,0,55,60,20,1.0,-0.4846,run_backtest,2.2e-05,1094,100.0,2037,46.29,943
0,2.4,14,200,0,60,65,20,1.0,-0.4837,run_backtest,2.2e-05,1102,100.0,2034,45.82,932
0,2.4,14,200,0,60,60,20,1.0,-0.4853,run_backtest,2.1e-05,1097,100.0,2046,46.38,949
0,2.4,14,200,0,55,60,20,1.0,-0.4877,run_backtest,2.1e-05,1094,100.0,2036,46.27,942
2,2.2,20,100,0,60,60,20,1.0,-0.4844,run_backtest,1.5e-05,1154,100.0,2127,45.75,973
2,2.2,20,100,0,55,60,20,1.0,-0.4856,run_backtest,1.5e-05,1152,100.0,2120,45.66,968
2,2.2,20,200,0,60,60,20,1.0,-0.4874,run_backtest,1.4e-05,1154,100.0,2126,45.72,972
2,2.2,20,200,0,55,60,20,1.0,-0.4885,run_backtest,1.4e-05,1152,100.0,2119,45.63,967
0,2.4,12,100,0,55,60,20,0.75,-0.5006,run_backtest,1.3e-05,1127,100.0,2091,46.1,964
0,2.4,20,100,0,60,60,20,0.75,-0.4184,run_backtest,1.2e-05,1313,100.0,2486,47.18,1173
0,2.4,20,100,0,55,60,20,0.75,-0.4191,run_backtest,1.2e-05,1312,100.0,2482,47.14,1170
2,2.2,20,100,0,60,65,20,1.0,-0.496,run_backtest,1.2e-05,1161,100.0,2107,44.9,946
2,2.2,20,200,0,60,65,20,1.0,-0.499,run_backtest,1.2e-05,1161,100.0,2106,44.87,945
0,2.4,12,100,0,60,60,20,0.75,-0.4999,run_backtest,1.2e-05,1134,100.0,2103,46.08,969
0,2.4,12,200,0,60,60,20,0.75,-0.5029,run_backtest,1.2e-05,1134,100.0,2102,46.05,968
2,2.2,20,100,0,55,65,20,1.0,-0.4984,run_backtest,1.2e-05,1159,100.0,2100,44.81,941
2,2.2,20,200,0,55,65,20,1.0,-0.5014,run_backtest,1.2e-05,1159,100.0,2099,44.78,940
0,2.4,12,200,0,55,60,20,0.75,-0.5036,run_backtest,1.2e-05,1127,100.0,2090,46.08,963
0,2.4,20,200,0,60,60,20,0.75,-0.4209,run_backtest,1.1e-05,1313,100.0,2485,47.16,1172
0,2.4,20,200,0,55,60,20,0.75,-0.4216,run_backtest,1.1e-05,1312,100.0,2481,47.12,1169
0,2.4,20,100,0,60,65,20,0.75,-0.4269,run_backtest,1e-05,1328,100.0,2469,46.21,1141
0,2.4,20,100,0,55,65,20,0.75,-0.428,run_backtest,1e-05,1327,100.0,2465,46.17,1138
0,2.4,12,100,0,55,65,20,0.75,-0.5152,run_backtest,1e-05,1149,100.0,2076,44.65,927
0,2.4,20,200,0,60,65,20,0.75,-0.4294,run_backtest,9e-06,1328,100.0,2468,46.19,1140
0,2.4,20,200,0,55,65,20,0.75,-0.4305,run_backtest,9e-06,1327,100.0,2464,46.14,1137
0,2.4,12,100,0,60,65,20,0.75,-0.5161,run_backtest,9e-06,1156,100.0,2088,44.64,932
0,2.4,12,200,0,60,65,20,0.75,-0.5191,run_backtest,9e-06,1156,100.0,2087,44.61,931
0,2.4,12,200,0,55,65,20,0.75,-0.5183,run_backtest,9e-06,1149,100.0,2075,44.63,926
2,2.4,14,100,0,60,65,20,0.75,-0.55,run_backtest,8e-06,1095,100.0,1995,45.11,900
2,2.4,14,200,0,60,65,20,0.75,-0.5532,run_backtest,8e-06,1095,100.0,1994,45.09,899
2,2.4,14,100,0,55,65,20,0.75,-0.5522,run_backtest,8e-06,1092,100.0,1985,44.99,893
2,2.4,14,200,0,55,65,20,0.75,-0.5554,run_backtest,8e-06,1092,100.0,1984,44.96,892
2,2.2,12,100,0,60,65,20,1.0,-0.5064,run_backtest,7e-06,1209,100.0,2204,45.15,995
2,2.4,14,100,0,60,60,20,0.75,-0.554,run_backtest,7e-06,1091,100.0,2018,45.94,927
2,2.4,14,100,0,55,60,20,0.75,-0.5572,run_backtest,7e-06,1088,100.0,2007,45.79,919
2,2.2,14,100,0,60,60,20,1.0,-0.4989,run_backtest,6e-06,1219,100.0,2257,45.99,1038
2,2.2,14,200,0,60,60,20,1.0,-0.5017,run_backtest,6e-06,1219,100.0,2256,45.97,1037
2,2.2,14,100,0,60,65,20,1.0,-0.5009,run_backtest,6e-06,1229,100.0,2243,45.21,1014
2,2.2,14,200,0,60,65,20,1.0,-0.5037,run_backtest,6e-06,1229,100.0,2242,45.18,1013
2,2.2,14,100,0,55,60,20,1.0,-0.5038,run_backtest,6e-06,1214,100.0,2241,45.83,1027
2,2.2,14,100,0,55,65,20,1.0,-0.506,run_backtest,6e-06,1224,100.0,2227,45.04,1003
2,2.2,12,100,0,60,60,20,1.0,-0.5067,run_backtest,6e-06,1202,100.0,2215,45.73,1013
2,2.2,12,200,0,60,60,20,1.0,-0.5095,run_backtest,6e-06,1202,100.0,2214,45.71,1012
2,2.2,12,200,0,60,65,20,1.0,-0.5093,run_backtest,6e-06,1209,100.0,2203,45.12,994
2,2.2,12,100,0,55,60,20,1.0,-0.5108,run_backtest,6e-06,1195,100.0,2198,45.63,1003
2,2.2,12,200,0,55,60,20,1.0,-0.5137,run_backtest,6e-06,1195,100.0,2197,45.61,1002
2,2.2,12,100,0,55,65,20,1.0,-0.5113,run_backtest,6e-06,1204,100.0,2188,44.97,984
2,2.2,12,200,0,55,65,20,1.0,-0.5142,run_backtest,6e-06,1204,100.0,2187,44.95,983
2,2.4,14,200,0,60,60,20,0.75,-0.5572,run_backtest,6e-06,1091,100.0,2017,45.91,926
2,2.4,14,200,0,55,60,20,0.75,-0.5604,run_backtest,6e-06,1088,100.0,2006,45.76,918
2,2.2,14,200,0,55,60,20,1.0,-0.5067,run_backtest,5e-06,1214,100.0,2240,45.8,1026
2,2.2,14,200,0,55,65,20,1.0,-0.5088,run_backtest,5e-06,1224,100.0,2226,45.01,1002
2,2.0,14,100,0,60,60,20,1.0,-0.4307,run_backtest,3e-06,1456,100.0,2725,46.57,1269
2,2.0,14,200,0,60,60,20,1.0,-0.433,run_backtest,3e-06,1456,100.0,2724,46.55,1268
2,2.0,14,100,0,60,65,20,1.0,-0.4432,run_backtest,3e-06,1469,100.0,2711,45.81,1242
2,2.0,14,100,0,55,60,20,1.0,-0.434,run_backtest,3e-06,1442,100.0,2697,46.53,1255
2,2.0,14,200,0,55,60,20,1.0,-0.4364,run_backtest,3e-06,1442,100.0,2696,46.51,1254
2,2.0,14,100,0,55,65,20,1.0,-0.4464,run_backtest,3e-06,1455,100.0,2683,45.77,1228
0,2.2,20,100,0,60,60,20,1.0,-0.4565,run_backtest,3e-06,1366,100.0,2542,46.26,1176
0,2.2,20,200,0,60,60,20,1.0,-0.4589,run_backtest,3e-06,1366,100.0,2541,46.24,1175
0,2.2,20,100,0,55,60,20,1.0,-0.4573,run_backtest,3e-06,1364,100.0,2535,46.19,1171
0,2.2,20,200,0,55,60,20,1.0,-0.4598,run_backtest,3e-06,1364,100.0,2534,46.17,1170
0,2.4,14,100,0,60,60,20,0.75,-0.4972,run_backtest,3e-06,1272,100.0,2370,46.33,1098
0,2.4,14,200,0,60,60,20,0.75,-0.4999,run_backtest,3e-06,1272,100.0,2369,46.31,1097
0,2.4,14,100,0,55,60,20,0.75,-0.4996,run_backtest,3e-06,1269,100.0,2359,46.21,1090
0,2.4,14,200,0,55,60,20,0.75,-0.5023,run_backtest,3e-06,1269,100.0,2358,46.18,1089
0,2.4,14,100,0,60,65,20,0.75,-0.4972,run_backtest,3e-06,1280,100.0,2349,45.51,1069
0,2.4,14,200,0,60,65,20,0.75,-0.4999,run_backtest,3e-06,1280,100.0,2348,45.49,1068
0,2.4,14,100,0,55,65,20,0.75,-0.4988,run_backtest,3e-06,1277,100.0,2339,45.4,1062
0,2.4,14,200,0,55,65,20,0.75,-0.5016,run_backtest,3e-06,1277,100.0,2338,45.38,1061
2,2.0,12,100,0,60,60,20,1.0,-0.4461,run_backtest,2e-06,1517,100.0,2790,45.63,1273
2,2.0,12,200,0,60,60,20,1.0,-0.4483,run_backtest,2e-06,1517,100.0,2789,45.61,1272
2,2.0,12,100,0,60,65,20,1.0,-0.4489,run_backtest,2e-06,1526,100.0,2778,45.07,1252
2,2.0,12,100,0,55,60,20,1.0,-0.4487,run_backtest,2e-06,1504,100.0,2763,45.57,1259
2,2.0,12,200,0,55,60,20,1.0,-0.4509,run_backtest,2e-06,1504,100.0,2762,45.55,1258
2,2.0,12,100,0,55,65,20,1.0,-0.4519,run_backtest,2e-06,1513,100.0,2751,45.0,1238
2,2.0,12,200,0,55,65,20,1.0,-0.4542,run_backtest,2e-06,1513,100.0,2750,44.98,1237
2,2.0,14,200,0,60,65,20,1.0,-0.4455,run_backtest,2e-06,1469,100.0,2710,45.79,1241
0,2.2,14,100,0,60,60,20,1.0,-0.4405,run_backtest,2e-06,1436,100.0,2707,46.95,1271
0,2.2,14,200,0,60,60,20,1.0,-0.4428,run_backtest,2e-06,1436,100.0,2706,46.93,1270
0,2.2,14,100,0,60,65,20,1.0,-0.446,run_backtest,2e-06,1451,100.0,2692,46.1,1241
0,2.2,14,100,0,55,60,20,1.0,-0.4443,run_backtest,2e-06,1431,100.0,2691,46.82,1260
0,2.2,14,200,0,60,65,20,1.0,-0.4484,run_backtest,2e-06,1451,100.0,2691,46.08,1240
0,2.2,14,200,0,55,60,20,1.0,-0.4466,run_backtest,2e-06,1431,100.0,2690,46.8,1259
2,2.0,14,200,0,55,65,20,1.0,-0.4487,run_backtest,2e-06,1455,100.0,2682,45.75,1227
0,2.2,14,100,0,55,65,20,1.0,-0.45,run_backtest,2e-06,1446,100.0,2676,45.96,1230
0,2.2,14,200,0,55,65,20,1.0,-0.4523,run_backtest,2e-06,1446,100.0,2675,45.94,1229
0,2.2,20,100,0,60,65,20,1.0,-0.4775,run_backtest,2e-06,1381,100.0,2521,45.22,1140
0,2.2,20,200,0,60,65,20,1.0,-0.48,run_backtest,2e-06,1381,100.0,2520,45.2,1139
0,2.2,20,100,0,55,65,20,1.0,-0.4794,run_backtest,2e-06,1379,100.0,2514,45.15,1135
0,2.2,20,200,0,55,65,20,1.0,-0.4819,run_backtest,2e-06,1379,100.0,2513,45.13,1134
2,2.0,20,100,0,60,60,20,1.0,-0.505,run_backtest,2e-06,1339,100.0,2463,45.64,1124
2,2.0,20,100,0,55,60,20,1.0,-0.5053,run_backtest,2e-06,1334,100.0,2450,45.55,1116
2,2.0,20,200,0,55,60,20,1.0,-0.5078,run_backtest,2e-06,1334,100.0,2449,45.53,1115
2,2.0,12,200,0,60,65,20,1.0,-0.4511,run_backtest,1e-06,1526,100.0,2777,45.05,1251
2,1.8,20,100,0,60,60,20,1.0,-0.4996,run_backtest,1e-06,1456,100.0,2665,45.37,1209
2,1.8,20,200,0,60,60,20,1.0,-0.502,run_backtest,1e-06,1456,100.0,2664,45.35,1208
2,1.8,20,100,0,60,65,20,1.0,-0.5006,run_backtest,1e-06,1472,100.0,2659,44.64,1187
2,1.8,20,200,0,60,65,20,1.0,-0.503,run_backtest,1e-06,1472,100.0,2658,44.62,1186
2,1.8,20,100,0,55,60,20,1.0,-0.5001,run_backtest,1e-06,1447,100.0,2646,45.31,1199
2,1.8,20,200,0,55,60,20,1.0,-0.5025,run_backtest,1e-06,1447,100.0,2645,45.29,1198
2,2.2,12,100,0,60,60,20,0.75,-0.4934,run_backtest,1e-06,1421,100.0,2644,46.26,1223
2,2.2,12,200,0,60,60,20,0.75,-0.4958,run_backtest,1e-06,1421,100.0,2643,46.24,1222
2,1.8,20,100,0,55,65,20,1.0,-0.5003,run_backtest,1e-06,1461,100.0,2640,44.66,1179
2,1.8,20,200,0,55,65,20,1.0,-0.5027,run_backtest,1e-06,1461,100.0,2639,44.64,1178
2,2.2,12,100,0,60,65,20,0.75,-0.4864,run_backtest,1e-06,1436,100.0,2628,45.36,1192
2,2.2,12,200,0,60,65,20,0.75,-0.4888,run_backtest,1e-06,1436,100.0,2627,45.34,1191
2,2.2,12,100,0,55,60,20,0.75,-0.4935,run_backtest,1e-06,1410,100.0,2623,46.24,1213
2,2.2,12,200,0,55,60,20,0.75,-0.4959,run_backtest,1e-06,1410,100.0,2622,46.22,1212
0,2.2,12,100,0,60,60,20,1.0,-0.4937,run_backtest,1e-06,1424,100.0,2622,45.69,1198
0,2.2,12,200,0,60,60,20,1.0,-0.4961,run_backtest,1e-06,1424,100.0,2621,45.67,1197
0,2.2,12,100,0,60,65,20,1.0,-0.5007,run_backtest,1e-06,1438,100.0,2611,44.93,1173
0,2.2,12,200,0,60,65,20,1.0,-0.5031,run_backtest,1e-06,1438,100.0,2610,44.9,1172
2,2.2,12,100,0,55,65,20,0.75,-0.4881,run_backtest,1e-06,1427,100.0,2608,45.28,1181
2,2.2,12,200,0,55,65,20,0.75,-0.4905,run_backtest,1e-06,1427,100.0,2607,45.26,1180
0,2.2,12,100,0,55,60,20,1.0,-0.4963,run_backtest,1e-06,1416,100.0,2604,45.62,1188
0,2.2,12,200,0,55,60,20,1.0,-0.4987,run_backtest,1e-06,1416,100.0,2603,45.6,1187
0,2.2,12,100,0,55,65,20,1.0,-0.5035,run_backtest,1e-06,1431,100.0,2593,44.81,1162
0,2.2,12,200,0,55,65,20,1.0,-0.506,run_backtest,1e-06,1431,100.0,2592,44.79,1161
2,2.2,20,100,0,60,60,20,0.75,-0.4888,run_backtest,1e-06,1395,100.0,2582,45.97,1187
2,2.2,20,200,0,60,60,20,0.75,-0.4913,run_backtest,1e-06,1395,100.0,2581,45.95,1186
2,2.2,20,100,0,55,60,20,0.75,-0.4893,run_backtest,1e-06,1393,100.0,2575,45.9,1182
2,2.2,20,200,0,55,60,20,0.75,-0.4918,run_backtest,1e-06,1393,100.0,2574,45.88,1181
2,2.2,20,100,0,60,65,20,0.75,-0.5032,run_backtest,1e-06,1404,100.0,2550,44.94,1146
2,2.2,20,200,0,60,65,20,0.75,-0.5057,run_backtest,1e-06,1404,100.0,2549,44.92,1145
2,2.2,20,100,0,55,65,20,0.75,-0.5047,run_backtest,1e-06,1402,100.0,2543,44.87,1141
2,2.2,20,200,0,55,65,20,0.75,-0.5072,run_backtest,1e-06,1402,100.0,2542,44.85,1140
2,2.0,20,200,0,60,60,20,1.0,-0.5075,run_backtest,1e-06,1339,100.0,2462,45.61,1123
2,2.0,20,100,0,60,65,20,1.0,-0.5173,run_backtest,1e-06,1355,100.0,2447,44.63,1092
2,2.0,20,200,0,60,65,20,1.0,-0.5198,run_backtest,1e-06,1355,100.0,2446,44.6,1091
2,2.0,20,100,0,55,65,20,1.0,-0.5188,run_backtest,1e-06,1349,100.0,2434,44.58,1085
2,2.0,20,200,0,55,65,20,1.0,-0.5214,run_backtest,1e-06,1349,100.0,2433,44.55,1084
0,1.8,12,100,0,60,60,20,0.75,-0.4423,run_backtest,0.0,2758,100.0,5070,45.6,2312
0,1.8,12,200,0,60,60,20,0.75,-0.4435,run_backtest,0.0,2758,100.0,5069,45.59,2311
0,1.8,12,100,0,60,65,20,0.75,-0.4379,run_backtest,0.0,2785,100.0,5065,45.01,2280
0,1.8,12,200,0,60,65,20,0.75,-0.4391,run_backtest,0.0,2785,100.0,5064,45.0,2279
0,1.8,12,100,0,55,60,20,0.75,-0.4435,run_backtest,0.0,2719,100.0,4999,45.61,2280
0,1.8,12,200,0,55,60,20,0.75,-0.4448,run_backtest,0.0,2719,100.0,4998,45.6,2279
0,1.8,12,100,0,55,65,20,0.75,-0.439,run_backtest,0.0,2743,100.0,4994,45.07,2251
0,1.8,12,200,0,55,65,20,0.75,-0.4403,run_backtest,0.0,2743,100.0,4993,45.06,2250
0,1.8,14,100,0,60,60,20,0.75,-0.4742,run_backtest,0.0,2597,100.0,4774,45.6,2177
0,1.8,14,200,0,60,60,20,0.75,-0.4755,run_backtest,0.0,2597,100.0,4773,45.59,2176
0,1.8,14,100,0,60,65,20,0.75,-0.4752,run_backtest,0.0,2630,100.0,4767,44.83,2137
0,1.8,14,200,0,60,65,20,0.75,-0.4765,run_backtest,0.0,2630,100.0,4766,44.82,2136
0,1.8,14,100,0,55,60,20,0.75,-0.475,run_backtest,0.0,2568,100.0,4720,45.59,2152
0,1.8,14,200,0,55,60,20,0.75,-0.4763,run_backtest,0.0,2568,100.0,4719,45.58,2151
0,1.8,14,100,0,55,65,20,0.75,-0.4763,run_backtest,0.0,2597,100.0,4714,44.91,2117
0,1.8,14,200,0,55,65,20,0.75,-0.4776,run_backtest,0.0,2597,100.0,4713,44.9,2116
0,2.0,12,100,0,60,60,20,0.75,-0.4633,run_backtest,0.0,2284,100.0,4218,45.85,1934
0,2.0,12,200,0,60,60,20,0.75,-0.4648,run_backtest,0.0,2284,100.0,4217,45.84,1933
0,2.0,12,100,0,60,65,20,0.75,-0.4642,run_backtest,0.0,2308,100.0,4201,45.06,1893
0,2.0,12,200,0,60,65,20,0.75,-0.4657,run_backtest,0.0,2308,100.0,4200,45.05,1892
0,2.0,12,100,0,55,60,20,0.75,-0.4643,run_backtest,0.0,2265,100.0,4178,45.79,1913
0,2.0,12,200,0,55,60,20,0.75,-0.4658,run_backtest,0.0,2265,100.0,4177,45.77,1912
0,2.0,12,100,0,55,65,20,0.75,-0.4655,run_backtest,0.0,2287,100.0,4161,45.04,1874
0,2.0,12,200,0,55,65,20,0.75,-0.467,run_backtest,0.0,2287,100.0,4160,45.02,1873
2,1.8,12,100,0,60,60,20,0.75,-0.4482,run_backtest,0.0,2264,100.0,4135,45.25,1871
2,1.8,12,200,0,60,60,20,0.75,-0.4498,run_backtest,0.0,2264,100.0,4134,45.23,1870
2,1.8,12,100,0,60,65,20,0.75,-0.4438,run_backtest,0.0,2289,100.0,4127,44.54,1838
2,1.8,12,200,0,60,65,20,0.75,-0.4453,run_backtest,0.0,2289,100.0,4126,44.52,1837
0,2.0,14,100,0,60,60,20,0.75,-0.4518,run_backtest,0.0,2220,100.0,4108,45.96,1888
0,2.0,14,200,0,60,60,20,0.75,-0.4534,run_backtest,0.0,2220,100.0,4107,45.95,1887
0,2.0,14,100,0,60,65,20,0.75,-0.4553,run_backtest,0.0,2243,100.0,4096,45.24,1853
0,2.0,14,200,0,60,65,20,0.75,-0.4568,run_backtest,0.0,2243,100.0,4095,45.23,1852
2,1.8,12,100,0,55,60,20,0.75,-0.4503,run_backtest,0.0,2229,100.0,4072,45.26,1843
2,1.8,12,200,0,55,60,20,0.75,-0.4519,run_backtest,0.0,2229,100.0,4071,45.25,1842
0,2.0,14,100,0,55,60,20,0.75,-0.4538,run_backtest,0.0,2202,100.0,4071,45.91,1869
0,2.0,14,200,0,55,60,20,0.75,-0.4553,run_backtest,0.0,2202,100.0,4070,45.9,1868
0,1.8,20,100,0,60,60,20,0.75,-0.4504,run_backtest,0.0,2189,100.0,4068,46.19,1879
0,1.8,20,200,0,60,60,20,0.75,-0.452,run_backtest,0.0,2189,100.0,4067,46.18,1878
2,1.8,12,100,0,55,65,20,0.75,-0.4451,run_backtest,0.0,2251,100.0,4065,44.62,1814
2,1.8,12,200,0,55,65,20,0.75,-0.4466,run_backtest,0.0,2251,100.0,4064,44.61,1813
0,2.0,14,100,0,55,65,20,0.75,-0.457,run_backtest,0.0,2224,100.0,4059,45.21,1835
0,2.0,14,200,0,55,65,20,0.75,-0.4586,run_backtest,0.0,2224,100.0,4058,45.19,1834
0,1.8,20,100,0,60,65,20,0.75,-0.4517,run_backtest,0.0,2215,100.0,4056,45.39,1841
0,1.8,20,200,0,60,65,20,0.75,-0.4532,run_backtest,0.0,2215,100.0,4055,45.38,1840
0,1.8,20,100,0,55,60,20,0.75,-0.4494,run_backtest,0.0,2177,100.0,4045,46.18,1868
0,1.8,20,200,0,55,60,20,0.75,-0.451,run_backtest,0.0,2177,100.0,4044,46.17,1867
0,1.8,20,100,0,55,65,20,0.75,-0.4506,run_backtest,0.0,2202,100.0,4034,45.41,1832
0,1.8,20,200,0,55,65,20,0.75,-0.4522,run_backtest,0.0,2202,100.0,4033,45.4,1831
2,1.8,14,100,0,60,60,20,0.75,-0.5003,run_backtest,0.0,2149,100.0,3919,45.16,1770
2,1.8,14,200,0,60,60,20,0.75,-0.5019,run_backtest,0.0,2149,100.0,3918,45.15,1769
2,1.8,14,100,0,60,65,20,0.75,-0.5013,run_backtest,0.0,2173,100.0,3908,44.4,1735
2,1.8,14,200,0,60,65,20,0.75,-0.5029,run_backtest,0.0,2173,100.0,3907,44.38,1734
2,1.8,14,100,0,55,60,20,0.75,-0.5023,run_backtest,0.0,2124,100.0,3873,45.16,1749
0,1.8,12,100,0,60,60,20,1.0,-0.422,run_backtest,0.0,2092,100.0,3872,45.97,1780
2,1.8,14,200,0,55,60,20,0.75,-0.504,run_backtest,0.0,2124,100.0,3872,45.14,1748
0,1.8,12,200,0,60,60,20,1.0,-0.4237,run_backtest,0.0,2092,100.0,3871,45.96,1779
0,1.8,12,100,0,60,65,20,1.0,-0.4213,run_backtest,0.0,2105,100.0,3868,45.58,1763
0,1.8,12,200,0,60,65,20,1.0,-0.4229,run_backtest,0.0,2105,100.0,3867,45.57,1762
2,1.8,14,100,0,55,65,20,0.75,-0.5029,run_backtest,0.0,2144,100.0,3863,44.5,1719
2,1.8,14,200,0,55,65,20,0.75,-0.5045,run_backtest,0.0,2144,100.0,3862,44.48,1718
0,1.8,12,100,0,55,60,20,1.0,-0.4238,run_backtest,0.0,2070,100.0,3830,45.95,1760
0,1.8,12,200,0,55,60,20,1.0,-0.4254,run_backtest,0.0,2070,100.0,3829,45.94,1759
0,1.8,12,100,0,55,65,20,1.0,-0.423,run_backtest,0.0,2082,100.0,3826,45.58,1744
0,1.8,12,200,0,55,65,20,1.0,-0.4246,run_backtest,0.0,2082,100.0,3825,45.57,1743
0,2.0,20,100,0,60,60,20,0.75,-0.466,run_backtest,0.0,2007,100.0,3734,46.25,1727
0,2.0,20,200,0,60,60,20,0.75,-0.4677,run_backtest,0.0,2007,100.0,3733,46.24,1726
0,2.0,20,100,0,55,60,20,0.75,-0.4655,run_backtest,0.0,2001,100.0,3720,46.21,1719
0,2.0,20,200,0,55,60,20,0.75,-0.4671,run_backtest,0.0,2001,100.0,3719,46.2,1718
0,2.0,20,100,0,60,65,20,0.75,-0.4768,run_backtest,0.0,2037,100.0,3717,45.2,1680
0,2.0,20,200,0,60,65,20,0.75,-0.4785,run_backtest,0.0,2037,100.0,3716,45.18,1679
0,2.0,20,100,0,55,65,20,0.75,-0.4771,run_backtest,0.0,2030,100.0,3703,45.18,1673
0,2.0,20,200,0,55,65,20,0.75,-0.4788,run_backtest,0.0,2030,100.0,3702,45.16,1672
0,1.8,14,100,0,60,60,20,1.0,-0.4702,run_backtest,0.0,1971,100.0,3619,45.54,1648
0,1.8,14,200,0,60,60,20,1.0,-0.472,run_backtest,0.0,1971,100.0,3618,45.52,1647
0,1.8,14,100,0,60,65,20,1.0,-0.4779,run_backtest,0.0,1995,100.0,3617,44.84,1622
0,1.8,14,200,0,60,65,20,1.0,-0.4797,run_backtest,0.0,1995,100.0,3616,44.83,1621
0,1.8,14,100,0,55,60,20,1.0,-0.4715,run_backtest,0.0,1954,100.0,3586,45.51,1632
0,1.8,14,200,0,55,60,20,1.0,-0.4733,run_backtest,0.0,1954,100.0,3585,45.5,1631
0,1.8,14,100,0,55,65,20,1.0,-0.4794,run_backtest,0.0,1975,100.0,3584,44.89,1609
0,1.8,14,200,0,55,65,20,1.0,-0.4811,run_backtest,0.0,1975,100.0,3583,44.88,1608
2,1.8,20,100,0,60,60,20,0.75,-0.4851,run_backtest,0.0,1884,100.0,3458,45.52,1574
2,1.8,20,200,0,60,60,20,0.75,-0.4869,run_backtest,0.0,1884,100.0,3457,45.5,1573
2,2.0,12,100,0,60,60,20,0.75,-0.4623,run_backtest,0.0,1878,100.0,3448,45.53,1570
2,2.0,12,200,0,60,60,20,0.75,-0.4642,run_backtest,0.0,1878,100.0,3447,45.52,1569
2,1.8,20,100,0,60,65,20,0.75,-0.4872,run_backtest,0.0,1904,100.0,3443,44.7,1539
2,1.8,20,200,0,60,65,20,0.75,-0.4891,run_backtest,0.0,1904,100.0,3442,44.68,1538
2,1.8,20,100,0,55,60,20,0.75,-0.4824,run_backtest,0.0,1873,100.0,3441,45.57,1568
2,1.8,20,200,0,55,60,20,0.75,-0.4842,run_backtest,0.0,1873,100.0,3440,45.55,1567
2,2.0,12,100,0,60,65,20,0.75,-0.4595,run_backtest,0.0,1897,100.0,3429,44.68,1532
2,2.0,12,200,0,60,65,20,0.75,-0.4613,run_backtest,0.0,1897,100.0,3428,44.66,1531
2,1.8,20,100,0,55,65,20,0.75,-0.4836,run_backtest,0.0,1891,100.0,3426,44.8,1535
2,1.8,20,200,0,55,65,20,0.75,-0.4854,run_backtest,0.0,1891,100.0,3425,44.79,1534
2,2.0,12,100,0,55,60,20,0.75,-0.4618,run_backtest,0.0,1858,100.0,3410,45.51,1552
2,2.0,12,200,0,55,60,20,0.75,-0.4636,run_backtest,0.0,1858,100.0,3409,45.5,1551
2,2.0,12,100,0,55,65,20,0.75,-0.4588,run_backtest,0.0,1875,100.0,3392,44.72,1517
2,2.0,12,200,0,55,65,20,0.75,-0.4606,run_backtest,0.0,1875,100.0,3391,44.71,1516
0,2.0,12,100,0,60,60,20,1.0,-0.443,run_backtest,0.0,1818,100.0,3362,45.93,1544
2,2.0,14,100,0,60,60,20,0.75,-0.4653,run_backtest,0.0,1824,100.0,3362,45.75,1538
0,2.0,12,200,0,60,60,20,1.0,-0.4449,run_backtest,0.0,1818,100.0,3361,45.91,1543
2,2.0,14,200,0,60,60,20,0.75,-0.4672,run_backtest,0.0,1824,100.0,3361,45.73,1537
0,2.0,12,100,0,60,65,20,1.0,-0.4506,run_backtest,0.0,1832,100.0,3351,45.33,1519
0,2.0,12,200,0,60,65,20,1.0,-0.4525,run_backtest,0.0,1832,100.0,3350,45.31,1518
2,2.0,14,100,0,60,65,20,0.75,-0.469,run_backtest,0.0,1845,100.0,3347,44.88,1502
2,2.0,14,200,0,60,65,20,0.75,-0.4709,run_backtest,0.0,1845,100.0,3346,44.86,1501
0,2.0,12,100,0,55,60,20,1.0,-0.4445,run_backtest,0.0,1804,100.0,3334,45.89,1530
0,2.0,12,200,0,55,60,20,1.0,-0.4464,run_backtest,0.0,1804,100.0,3333,45.87,1529
2,2.0,14,100,0,55,60,20,0.75,-0.4662,run_backtest,0.0,1805,100.0,3326,45.73,1521
2,2.0,14,200,0,55,60,20,0.75,-0.4681,run_backtest,0.0,1805,100.0,3325,45.71,1520
0,2.0,12,100,0,55,65,20,1.0,-0.4525,run_backtest,0.0,1818,100.0,3323,45.29,1505
0,2.0,12,200,0,55,65,20,1.0,-0.4544,run_backtest,0.0,1818,100.0,3322,45.27,1504
2,2.0,14,100,0,55,65,20,0.75,-0.4697,run_backtest,0.0,1825,100.0,3311,44.88,1486
2,2.0,14,200,0,55,65,20,0.75,-0.4716,run_backtest,0.0,1825,100.0,3310,44.86,1485
0,2.2,14,100,0,60,60,20,0.75,-0.4718,run_backtest,0.0,1757,100.0,3290,46.6,1533
0,2.2,14,200,0,60,60,20,0.75,-0.4737,run_backtest,0.0,1757,100.0,3289,46.58,1532
0,2.2,14,100,0,55,60,20,0.75,-0.4744,run_backtest,0.0,1750,100.0,3271,46.5,1521
0,2.2,14,200,0,55,60,20,0.75,-0.4763,run_backtest,0.0,1750,100.0,3270,46.48,1520
0,2.2,14,100,0,60,65,20,0.75,-0.4692,run_backtest,0.0,1773,100.0,3268,45.75,1495
0,2.2,14,200,0,60,65,20,0.75,-0.4711,run_backtest,0.0,1773,100.0,3267,45.73,1494
0,2.0,14,100,0,60,60,20,1.0,-0.4129,run_backtest,0.0,1739,100.0,3256,46.59,1517
0,2.0,14,200,0,60,60,20,1.0,-0.4148,run_backtest,0.0,1739,100.0,3255,46.57,1516
2,1.8,12,100,0,60,60,20,1.0,-0.4265,run_backtest,0.0,1770,100.0,3253,45.59,1483
2,1.8,12,200,0,60,60,20,1.0,-0.4284,run_backtest,0.0,1770,100.0,3252,45.57,1482
0,2.2,14,100,0,55,65,20,0.75,-0.472,run_backtest,0.0,1766,100.0,3249,45.64,1483
2,1.8,12,100,0,60,65,20,1.0,-0.4254,run_backtest,0.0,1781,100.0,3248,45.17,1467
0,2.2,14,200,0,55,65,20,0.75,-0.474,run_backtest,0.0,1766,100.0,3248,45.63,1482
2,1.8,12,200,0,60,65,20,1.0,-0.4273,run_backtest,0.0,1781,100.0,3247,45.15,1466
0,2.0,14,100,0,60,65,20,1.0,-0.425,run_backtest,0.0,1756,100.0,3247,45.92,1491
0,2.0,14,200,0,60,65,20,1.0,-0.4269,run_backtest,0.0,1756,100.0,3246,45.9,1490
0,2.0,14,100,0,55,60,20,1.0,-0.4155,run_backtest,0.0,1725,100.0,3228,46.56,1503
0,2.0,14,200,0,55,60,20,1.0,-0.4174,run_backtest,0.0,1725,100.0,3227,46.54,1502
0,2.0,14,100,0,55,65,20,1.0,-0.4276,run_backtest,0.0,1742,100.0,3219,45.88,1477
0,2.0,14,200,0,55,65,20,1.0,-0.4295,run_backtest,0.0,1742,100.0,3218,45.87,1476
2,1.8,12,100,0,55,60,20,1.0,-0.4287,run_backtest,0.0,1749,100.0,3212,45.55,1463
2,1.8,12,200,0,55,60,20,1.0,-0.4307,run_backtest,0.0,1749,100.0,3211,45.53,1462
2,1.8,12,100,0,55,65,20,1.0,-0.4276,run_backtest,0.0,1759,100.0,3207,45.15,1448
2,1.8,12,200,0,55,65,20,1.0,-0.4295,run_backtest,0.0,1759,100.0,3206,45.13,1447
0,2.2,12,100,0,60,60,20,0.75,-0.5071,run_backtest,0.0,1707,100.0,3158,45.95,1451
0,2.2,12,200,0,60,60,20,0.75,-0.5091,run_backtest,0.0,1707,100.0,3157,45.93,1450
0,2.2,12,100,0,60,65,20,0.75,-0.5028,run_backtest,0.0,1725,100.0,3143,45.12,1418
0,2.2,20,100,0,60,60,20,0.75,-0.4636,run_backtest,0.0,1690,100.0,3143,46.23,1453
0,2.2,12,200,0,60,65,20,0.75,-0.5048,run_backtest,0.0,1725,100.0,3142,45.1,1417
0,2.2,20,200,0,60,60,20,0.75,-0.4656,run_backtest,0.0,1690,100.0,3142,46.21,1452
0,2.2,20,100,0,55,60,20,0.75,-0.4639,run_backtest,0.0,1688,100.0,3136,46.17,1448
0,2.2,20,200,0,55,60,20,0.75,-0.4659,run_backtest,0.0,1688,100.0,3135,46.16,1447
0,2.2,12,100,0,55,60,20,0.75,-0.5079,run_backtest,0.0,1695,100.0,3134,45.92,1439
0,2.2,12,200,0,55,60,20,0.75,-0.5099,run_backtest,0.0,1695,100.0,3133,45.9,1438
0,2.2,12,100,0,55,65,20,0.75,-0.5045,run_backtest,0.0,1714,100.0,3119,45.05,1405
0,2.2,12,200,0,55,65,20,0.75,-0.5065,run_backtest,0.0,1714,100.0,3118,45.03,1404
0,2.2,20,100,0,60,65,20,0.75,-0.4821,run_backtest,0.0,1710,100.0,3116,45.12,1406
0,2.2,20,200,0,60,65,20,0.75,-0.4841,run_backtest,0.0,1710,100.0,3115,45.1,1405
0,2.2,20,100,0,55,65,20,0.75,-0.4833,run_backtest,0.0,1708,100.0,3109,45.06,1401
0,2.2,20,200,0,55,65,20,0.75,-0.4853,run_backtest,0.0,1708,100.0,3108,45.05,1400
2,2.0,20,100,0,60,60,20,0.75,-0.4822,run_backtest,0.0,1663,100.0,3080,46.01,1417
2,2.0,20,200,0,60,60,20,0.75,-0.4843,run_backtest,0.0,1663,100.0,3079,45.99,1416
2,2.0,20,100,0,55,60,20,0.75,-0.482,run_backtest,0.0,1658,100.0,3067,45.94,1409
2,2.0,20,200,0,55,60,20,0.75,-0.484,run_backtest,0.0,1658,100.0,3066,45.92,1408
2,1.8,14,100,0,60,60,20,1.0,-0.4996,run_backtest,0.0,1680,100.0,3053,44.97,1373
0,1.8,20,100,0,60,60,20,1.0,-0.45,run_backtest,0.0,1648,100.0,3053,46.02,1405
2,2.0,20,100,0,60,65,20,0.75,-0.4972,run_backtest,0.0,1682,100.0,3053,44.91,1371
2,1.8,14,200,0,60,60,20,1.0,-0.5017,run_backtest,0.0,1680,100.0,3052,44.95,1372
0,1.8,20,200,0,60,60,20,1.0,-0.452,run_backtest,0.0,1648,100.0,3052,46.0,1404
2,2.0,20,200,0,60,65,20,0.75,-0.4993,run_backtest,0.0,1682,100.0,3052,44.89,1370
0,1.8,20,100,0,60,65,20,1.0,-0.4496,run_backtest,0.0,1667,100.0,3048,45.31,1381
2,1.8,14,100,0,60,65,20,1.0,-0.5058,run_backtest,0.0,1694,100.0,3047,44.4,1353
0,1.8,20,200,0,60,65,20,1.0,-0.4517,run_backtest,0.0,1667,100.0,3047,45.29,1380
2,1.8,14,200,0,60,65,20,1.0,-0.5079,run_backtest,0.0,1694,100.0,3046,44.39,1352
2,2.0,20,100,0,55,65,20,0.75,-0.4979,run_backtest,0.0,1676,100.0,3040,44.87,1364
2,2.0,20,200,0,55,65,20,0.75,-0.5,run_backtest,0.0,1676,100.0,3039,44.85,1363
0,1.8,20,100,0,55,60,20,1.0,-0.4507,run_backtest,0.0,1639,100.0,3033,45.96,1394
0,1.8,20,200,0,55,60,20,1.0,-0.4527,run_backtest,0.0,1639,100.0,3032,45.94,1393
0,1.8,20,100,0,55,65,20,1.0,-0.4499,run_backtest,0.0,1657,100.0,3029,45.3,1372
0,1.8,20,200,0,55,65,20,1.0,-0.4519,run_backtest,0.0,1657,100.0,3028,45.28,1371
2,1.8,14,100,0,55,60,20,1.0,-0.5032,run_backtest,0.0,1664,100.0,3021,44.92,1357
2,1.8,14,200,0,55,60,20,1.0,-0.5053,run_backtest,0.0,1664,100.0,3020,44.9,1356
2,1.8,14,100,0,55,65,20,1.0,-0.5095,run_backtest,0.0,1675,100.0,3015,44.44,1340
2,1.8,14,200,0,55,65,20,1.0,-0.5116,run_backtest,0.0,1675,100.0,3014,44.43,1339
0,2.0,20,100,0,60,60,20,1.0,-0.4624,run_backtest,0.0,1567,100.0,2916,46.26,1349
0,2.0,20,200,0,60,60,20,1.0,-0.4645,run_backtest,0.0,1567,100.0,2915,46.24,1348
0,2.0,20,100,0,60,65,20,1.0,-0.4691,run_backtest,0.0,1589,100.0,2906,45.32,1317
0,2.0,20,200,0,60,65,20,1.0,-0.4713,run_backtest,0.0,1589,100.0,2905,45.3,1316
0,2.0,20,100,0,55,60,20,1.0,-0.4624,run_backtest,0.0,1562,100.0,2903,46.19,1341
0,2.0,20,200,0,55,60,20,1.0,-0.4646,run_backtest,0.0,1562,100.0,2902,46.18,1340
0,2.0,20,100,0,55,65,20,1.0,-0.4702,run_backtest,0.0,1583,100.0,2893,45.28,1310
0,2.0,20,200,0,55,65,20,1.0,-0.4724,run_backtest,0.0,1583,100.0,2892,45.26,1309
2,2.2,14,100,0,60,60,20,0.75,-0.5158,run_backtest,0.0,1468,100.0,2694,45.51,1226
2,2.2,14,200,0,60,60,20,0.75,-0.5182,run_backtest,0.0,1468,100.0,2693,45.49,1225
2,2.2,14,100,0,55,60,20,0.75,-0.5183,run_backtest,0.0,1460,100.0,2675,45.42,1215
2,2.2,14,200,0,55,60,20,0.75,-0.5207,run_backtest,0.0,1460,100.0,2674,45.4,1214
2,2.2,14,100,0,60,65,20,0.75,-0.5107,run_backtest,0.0,1482,100.0,2674,44.58,1192
2,2.2,14,200,0,60,65,20,0.75,-0.513,run_backtest,0.0,1482,100.0,2673,44.56,1191
2,2.2,14,100,0,55,65,20,0.75,-0.5134,run_backtest,0.0,1474,100.0,2655,44.48,1181
2,2.2,14,200,0,55,65,20,0.75,-0.5158,run_backtest,0.0,1474,100.0,2654,44.46,1180
